MSZoning,LotFrontage,LotArea,Street,LotShape,LandContour,Utilities,LotConfig,LandSlope,Neighborhood,Condition1,Condition2,BldgType,HouseStyle,OverallQual,OverallCond,YearBuilt,YearRemodAdd,RoofStyle,RoofMatl,Exterior1st,Exterior2nd,MasVnrArea,ExterQual,ExterCond,Foundation,BsmtQual,BsmtCond,BsmtExposure,BsmtFinType1,BsmtFinSF1,BsmtFinType2,BsmtFinSF2,BsmtUnfSF,TotalBsmtSF,Heating,HeatingQC,CentralAir,Electrical,1stFlrSF,2ndFlrSF,GrLivArea,BsmtFullBath,FullBath,HalfBath,BedroomAbvGr,KitchenAbvGr,KitchenQual,TotRmsAbvGrd,Functional,Fireplaces,GarageType,GarageYrBlt,GarageFinish,GarageCars,GarageArea,GarageQual,GarageCond,PavedDrive,WoodDeckSF,OpenPorchSF,EnclosedPorch,ScreenPorch,PoolArea,SaleType,SaleCondition,SalePrice
RL,65.0,8450,Pave,Reg,Lvl,AllPub,Inside,Gtl,CollgCr,Norm,Norm,1Fam,2Story,7,5,2003,2003,Gable,CompShg,VinylSd,VinylSd,196.0,Gd,TA,PConc,Gd,TA,No,GLQ,706,Unf,0,150,856,GasA,Ex,Y,SBrkr,856,854,1710,1,2,1,3,1,Gd,8,Typ,0,Attchd,2003.0,RFn,2,548,TA,TA,Y,0,61,0,0,0,WD,Normal,208500
RL,68.0,11250,Pave,IR1,Lvl,AllPub,Inside,Gtl,CollgCr,Norm,Norm,1Fam,2Story,7,5,2001,2002,Gable,CompShg,VinylSd,VinylSd,162.0,Gd,TA,PConc,Gd,TA,Mn,GLQ,486,Unf,0,434,920,GasA,Ex,Y,SBrkr,920,866,1786,1,2,1,3,1,Gd,6,Typ,1,Attchd,2001.0,RFn,2,608,TA,TA,Y,0,42,0,0,0,WD,Normal,223500
RL,84.0,14260,Pave,IR1,Lvl,AllPub,FR2,Gtl,NoRidge,Norm,Norm,1Fam,2Story,8,5,2000,2000,Gable,CompShg,VinylSd,VinylSd,350.0,Gd,TA,PConc,Gd,TA,Av,GLQ,655,Unf,0,490,1145,GasA,Ex,Y,SBrkr,1145,1053,2198,1,2,1,4,1,Gd,9,Typ,1,Attchd,2000.0,RFn,3,836,TA,TA,Y,192,84,0,0,0,WD,Normal,250000
RL,85.0,14115,Pave,IR1,Lvl,AllPub,Inside,Gtl,Mitchel,Norm,Norm,1Fam,1.5Fin,5,5,1993,1995,Gable,CompShg,VinylSd,VinylSd,0.0,TA,TA,Wood,Gd,TA,No,GLQ,732,Unf,0,64,796,GasA,Ex,Y,SBrkr,796,566,1362,1,1,1,1,1,TA,5,Typ,0,Attchd,1993.0,Unf,2,480,TA,TA,Y,40,30,0,0,0,WD,Normal,143000
RL,75.0,10084,Pave,Reg,Lvl,AllPub,Inside,Gtl,Somerst,Norm,Norm,1Fam,1Story,8,5,2004,2005,Gable,CompShg,VinylSd,VinylSd,186.0,Gd,TA,PConc,Ex,TA,Av,GLQ,1369,Unf,0,317,1686,GasA,Ex,Y,SBrkr,1694,0,1694,1,2,0,3,1,Gd,7,Typ,1,Attchd,2004.0,RFn,2,636,TA,TA,Y,255,57,0,0,0,WD,Normal,307000
RL,70.0,11200,Pave,Reg,Lvl,AllPub,Inside,Gtl,Sawyer,Norm,Norm,1Fam,1Story,5,5,1965,1965,Hip,CompShg,HdBoard,HdBoard,0.0,TA,TA,CBlock,TA,TA,No,Rec,906,Unf,0,134,1040,GasA,Ex,Y,SBrkr,1040,0,1040,1,1,0,3,1,TA,5,Typ,0,Detchd,1965.0,Unf,1,384,TA,TA,Y,0,0,0,0,0,WD,Normal,129500
RL,85.0,11924,Pave,IR1,Lvl,AllPub,Inside,Gtl,NridgHt,Norm,Norm,1Fam,2Story,9,5,2005,2006,Hip,CompShg,WdShing,Wd Shng,286.0,Ex,TA,PConc,Ex,TA,No,GLQ,998,Unf,0,177,1175,GasA,Ex,Y,SBrkr,1182,1142,2324,1,3,0,4,1,Ex,11,Typ,2,BuiltIn,2005.0,Fin,3,736,TA,TA,Y,147,21,0,0,0,New,Partial,345000
RL,91.0,10652,Pave,IR1,Lvl,AllPub,Inside,Gtl,CollgCr,Norm,Norm,1Fam,1Story,7,5,2006,2007,Gable,CompShg,VinylSd,VinylSd,306.0,Gd,TA,PConc,Gd,TA,Av,Unf,0,Unf,0,1494,1494,GasA,Ex,Y,SBrkr,1494,0,1494,0,2,0,3,1,Gd,7,Typ,1,Attchd,2006.0,RFn,3,840,TA,TA,Y,160,33,0,0,0,New,Partial,279500
RL,69.0,11241,Pave,IR1,Lvl,AllPub,CulDSac,Gtl,NAmes,Norm,Norm,1Fam,1Story,6,7,1970,1970,Gable,CompShg,Wd Sdng,Wd Sdng,180.0,TA,TA,CBlock,TA,TA,No,ALQ,578,Unf,0,426,1004,GasA,Ex,Y,SBrkr,1004,0,1004,1,1,0,2,1,TA,5,Typ,1,Attchd,1970.0,Fin,2,480,TA,TA,Y,0,0,0,0,0,WD,Normal,149000
RL,72.0,10791,Pave,Reg,Lvl,AllPub,Inside,Gtl,Sawyer,Norm,Norm,Duplex,1Story,4,5,1967,1967,Gable,CompShg,MetalSd,MetalSd,0.0,TA,TA,Slab,TA,TA,No,Unf,0,Unf,0,0,0,GasA,TA,Y,SBrkr,1296,0,1296,0,2,0,2,2,TA,6,Typ,0,CarPort,1967.0,Unf,2,516,TA,TA,Y,0,0,0,0,0,WD,Normal,90000
RL,66.0,13695,Pave,Reg,Lvl,AllPub,Inside,Gtl,SawyerW,RRAe,Norm,1Fam,1Story,5,5,2004,2004,Gable,CompShg,VinylSd,VinylSd,0.0,TA,TA,PConc,TA,TA,No,GLQ,646,Unf,0,468,1114,GasA,Ex,Y,SBrkr,1114,0,1114,1,1,1,3,1,Gd,6,Typ,0,Detchd,2004.0,Unf,2,576,TA,TA,Y,0,102,0,0,0,WD,Normal,159000
RL,70.0,7560,Pave,Reg,Lvl,AllPub,Inside,Gtl,NAmes,Norm,Norm,1Fam,1Story,5,6,1958,1965,Hip,CompShg,BrkFace,Plywood,0.0,TA,TA,CBlock,TA,TA,No,LwQ,504,Unf,0,525,1029,GasA,TA,Y,SBrkr,1339,0,1339,0,1,0,3,1,TA,6,Min1,0,Attchd,1958.0,Unf,1,294,TA,TA,Y,0,0,0,0,0,COD,Abnorml,139000
RL,101.0,14215,Pave,IR1,Lvl,AllPub,Corner,Gtl,NridgHt,Norm,Norm,1Fam,2Story,8,5,2005,2006,Gable,CompShg,VinylSd,VinylSd,380.0,Gd,TA,PConc,Ex,TA,Av,Unf,0,Unf,0,1158,1158,GasA,Ex,Y,SBrkr,1158,1218,2376,0,3,1,4,1,Gd,9,Typ,1,BuiltIn,2005.0,RFn,3,853,TA,TA,Y,240,154,0,0,0,New,Partial,325300
RL,75.0,9742,Pave,Reg,Lvl,AllPub,Inside,Gtl,CollgCr,Norm,Norm,1Fam,1Story,8,5,2002,2002,Hip,CompShg,VinylSd,VinylSd,281.0,Gd,TA,PConc,Gd,TA,No,Unf,0,Unf,0,1777,1777,GasA,Ex,Y,SBrkr,1795,0,1795,0,2,0,3,1,Gd,7,Typ,1,Attchd,2002.0,RFn,2,534,TA,TA,Y,171,159,0,0,0,WD,Normal,230000
RM,44.0,4224,Pave,Reg,Lvl,AllPub,Inside,Gtl,MeadowV,Norm,Norm,TwnhsE,1Story,5,7,1976,1976,Gable,CompShg,CemntBd,CmentBd,0.0,TA,TA,PConc,Gd,TA,No,GLQ,840,Unf,0,200,1040,GasA,TA,Y,SBrkr,1060,0,1060,1,1,0,3,1,TA,6,Typ,1,Attchd,1976.0,Unf,2,572,TA,TA,Y,100,110,0,0,0,WD,Normal,129900
RL,98.0,11478,Pave,Reg,Lvl,AllPub,Inside,Gtl,NridgHt,Norm,Norm,1Fam,1Story,8,5,2007,2008,Gable,CompShg,VinylSd,VinylSd,200.0,Gd,TA,PConc,Ex,TA,No,GLQ,1218,Unf,0,486,1704,GasA,Ex,Y,SBrkr,1704,0,1704,1,2,0,3,1,Gd,7,Typ,1,Attchd,2008.0,RFn,3,772,TA,TA,Y,0,50,0,0,0,WD,Normal,306000
RL,47.0,16321,Pave,IR1,Lvl,AllPub,CulDSac,Gtl,NAmes,Norm,Norm,1Fam,1Story,5,6,1957,1997,Gable,CompShg,MetalSd,MetalSd,0.0,TA,TA,CBlock,TA,TA,Gd,BLQ,1277,Unf,0,207,1484,GasA,TA,Y,SBrkr,1600,0,1600,1,1,0,2,1,TA,6,Typ,2,Attchd,1957.0,RFn,1,319,TA,TA,Y,288,258,0,0,0,WD,Normal,207500
RL,69.0,8544,Pave,IR1,Lvl,AllPub,CulDSac,Gtl,Sawyer,Norm,Norm,1Fam,1Story,5,6,1966,2006,Gable,CompShg,HdBoard,HdBoard,0.0,TA,TA,CBlock,TA,TA,No,Unf,0,Unf,0,1228,1228,GasA,Gd,Y,SBrkr,1228,0,1228,0,1,1,3,1,Gd,6,Typ,0,Attchd,1966.0,Unf,1,271,TA,TA,Y,0,65,0,0,0,WD,Normal,149350
RL,85.0,11049,Pave,Reg,Lvl,AllPub,Corner,Gtl,CollgCr,Norm,Norm,1Fam,1Story,8,5,2007,2007,Gable,CompShg,VinylSd,VinylSd,0.0,Gd,TA,PConc,Ex,TA,Av,Unf,0,Unf,0,1234,1234,GasA,Ex,Y,SBrkr,1234,0,1234,0,2,0,3,1,Gd,7,Typ,0,Attchd,2007.0,RFn,2,484,TA,TA,Y,0,30,0,0,0,WD,Normal,179900
RL,60.0,7313,Pave,Reg,Lvl,AllPub,Inside,Gtl,NridgHt,Norm,Norm,TwnhsE,1Story,9,5,2005,2005,Hip,CompShg,MetalSd,MetalSd,246.0,Ex,TA,PConc,Ex,TA,No,GLQ,1153,Unf,0,408,1561,GasA,Ex,Y,SBrkr,1561,0,1561,1,2,0,2,1,Ex,6,Typ,1,Attchd,2005.0,Fin,2,556,TA,TA,Y,203,47,0,0,0,WD,Normal,277500
RL,68.0,7922,Pave,Reg,Lvl,AllPub,Inside,Gtl,NAmes,Norm,Norm,1Fam,1Story,5,7,1953,2007,Gable,CompShg,VinylSd,VinylSd,0.0,TA,Gd,CBlock,TA,TA,No,GLQ,731,Unf,0,326,1057,GasA,TA,Y,SBrkr,1057,0,1057,1,1,0,3,1,Gd,5,Typ,0,Detchd,1953.0,Unf,1,246,TA,TA,Y,0,52,0,0,0,WD,Abnorml,109000
RL,65.0,6040,Pave,Reg,Lvl,AllPub,Inside,Gtl,Edwards,Norm,Norm,Duplex,1Story,4,5,1955,1955,Gable,CompShg,AsbShng,Plywood,0.0,TA,TA,PConc,TA,TA,No,Unf,0,Unf,0,0,0,GasA,TA,N,FuseP,1152,0,1152,0,2,0,2,2,Fa,6,Typ,0,Attchd,1980.0,Unf,0,0,TA,TA,N,0,0,0,0,0,WD,AdjLand,82000
RL,84.0,8658,Pave,Reg,Lvl,AllPub,Inside,Gtl,NAmes,Norm,Norm,1Fam,1Story,6,5,1965,1965,Gable,CompShg,Wd Sdng,Wd Sdng,101.0,TA,TA,CBlock,TA,TA,No,Rec,643,Unf,0,445,1088,GasA,Ex,Y,SBrkr,1324,0,1324,0,2,0,3,1,TA,6,Typ,1,Attchd,1965.0,RFn,2,440,TA,TA,Y,0,138,0,0,0,WD,Abnorml,160000
RL,61.0,7658,Pave,Reg,Lvl,AllPub,Inside,Gtl,NridgHt,Norm,Norm,TwnhsE,1Story,9,5,2005,2005,Hip,CompShg,MetalSd,MetalSd,412.0,Ex,TA,PConc,Ex,TA,No,GLQ,456,Unf,0,1296,1752,GasA,Ex,Y,SBrkr,1752,0,1752,1,2,0,2,1,Ex,6,Typ,1,Attchd,2005.0,RFn,2,576,TA,TA,Y,196,82,0,0,0,WD,Normal,319900
FV,84.0,11096,Pave,Reg,Lvl,AllPub,Inside,Gtl,Somerst,Norm,Norm,1Fam,1Story,8,5,2006,2006,Gable,CompShg,VinylSd,VinylSd,0.0,Gd,TA,PConc,Gd,TA,Av,GLQ,24,Unf,0,1632,1656,GasA,Ex,Y,SBrkr,1656,0,1656,0,2,0,3,1,Gd,7,Typ,0,Attchd,2006.0,RFn,3,826,TA,TA,Y,0,146,0,0,0,WD,Normal,249700
RL,66.0,7742,Pave,Reg,Lvl,AllPub,Inside,Gtl,Sawyer,Norm,Norm,1Fam,1Story,5,7,1966,1966,Gable,CompShg,HdBoard,HdBoard,0.0,TA,TA,CBlock,TA,TA,No,BLQ,763,Unf,0,192,955,GasA,Ex,Y,SBrkr,955,0,955,1,1,0,3,1,TA,6,Typ,0,Attchd,1966.0,Unf,1,386,TA,TA,Y,0,0,0,0,0,WD,Normal,127000
RM,52.0,6240,Pave,Reg,Lvl,AllPub,Inside,Gtl,BrkSide,Norm,Norm,1Fam,1.5Fin,6,6,1934,1950,Gable,CompShg,Wd Sdng,Wd Sdng,0.0,TA,TA,PConc,TA,TA,No,Unf,0,Unf,0,816,816,GasA,TA,Y,SBrkr,816,0,1176,0,1,0,3,1,TA,6,Typ,1,Detchd,1985.0,Unf,2,528,TA,TA,Y,112,0,0,0,0,WD,Normal,114500
RL,68.0,50271,Pave,IR1,Low,AllPub,Inside,Gtl,Veenker,Norm,Norm,1Fam,1Story,9,5,1981,1987,Gable,WdShngl,WdShing,Wd Shng,0.0,Gd,TA,CBlock,Ex,TA,Gd,GLQ,1810,Unf,0,32,1842,GasA,Gd,Y,SBrkr,1842,0,1842,2,0,1,0,1,Gd,5,Typ,1,Attchd,1981.0,Fin,3,894,TA,TA,Y,857,72,0,0,0,WD,Normal,385000
RL,60.0,7134,Pave,Reg,Bnk,AllPub,Inside,Mod,NAmes,Norm,Norm,1Fam,SLvl,5,5,1955,1955,Gable,CompShg,MetalSd,MetalSd,0.0,TA,TA,CBlock,TA,TA,No,ALQ,384,Unf,0,0,384,GasA,TA,Y,SBrkr,1360,0,1360,0,1,0,3,1,TA,6,Min1,1,Detchd,1962.0,Unf,2,572,TA,TA,Y,0,50,0,0,0,WD,Normal,130000
RL,100.0,10175,Pave,IR1,Lvl,AllPub,Inside,Gtl,NAmes,Norm,Norm,1Fam,1Story,6,5,1964,1964,Gable,CompShg,HdBoard,Plywood,272.0,TA,TA,CBlock,TA,TA,No,BLQ,490,Unf,0,935,1425,GasA,Gd,Y,SBrkr,1425,0,1425,0,2,0,3,1,TA,7,Typ,1,Attchd,1964.0,RFn,2,576,TA,TA,Y,0,0,0,0,0,WD,Normal,180500
RL,89.0,11645,Pave,IR1,Lvl,AllPub,Corner,Gtl,CollgCr,Norm,Norm,1Fam,2Story,7,5,2004,2004,Gable,CompShg,VinylSd,VinylSd,0.0,Gd,TA,PConc,Gd,TA,No,Unf,0,Unf,0,860,860,GasA,Ex,Y,SBrkr,860,860,1720,0,2,1,3,1,Gd,7,Typ,0,Attchd,2004.0,RFn,2,565,TA,TA,Y,0,70,0,0,0,WD,Normal,196500
RL,60.0,7200,Pave,Reg,Bnk,AllPub,Inside,Gtl,CollgCr,Norm,Norm,1Fam,1Story,5,7,1972,1972,Gable,CompShg,HdBoard,HdBoard,0.0,TA,TA,CBlock,TA,TA,Av,ALQ,632,Unf,0,148,780,GasA,Ex,Y,SBrkr,780,0,780,0,1,0,2,1,TA,4,Typ,0,Detchd,1973.0,Unf,1,352,TA,TA,Y,196,0,0,0,0,WD,Normal,124900
RL,63.0,13072,Pave,Reg,Lvl,AllPub,Inside,Gtl,SawyerW,RRAe,Norm,1Fam,1Story,6,5,2004,2004,Gable,CompShg,VinylSd,VinylSd,0.0,TA,TA,PConc,Gd,TA,No,ALQ,941,Unf,0,217,1158,GasA,Ex,Y,SBrkr,1158,0,1158,1,1,1,3,1,Gd,5,Typ,0,Detchd,2006.0,Unf,2,576,TA,TA,Y,0,50,0,0,0,New,Partial,158000
RL,44.0,6442,Pave,IR1,Lvl,AllPub,Inside,Gtl,NridgHt,Norm,Norm,TwnhsE,1Story,8,5,2006,2006,Gable,CompShg,VinylSd,VinylSd,178.0,Gd,TA,PConc,Gd,Gd,Mn,GLQ,24,Unf,0,1346,1370,GasA,Ex,Y,SBrkr,1370,0,1370,0,2,0,2,1,Gd,6,Typ,1,Attchd,2006.0,RFn,2,484,TA,TA,Y,120,49,0,0,0,WD,Normal,202500
RL,76.0,9591,Pave,Reg,Lvl,AllPub,Inside,Gtl,NridgHt,Norm,Norm,1Fam,2Story,8,5,2004,2005,Gable,CompShg,VinylSd,VinylSd,344.0,Gd,TA,PConc,Ex,TA,Av,Unf,0,Unf,0,1143,1143,GasA,Ex,Y,SBrkr,1143,1330,2473,0,2,1,4,1,Gd,9,Typ,1,BuiltIn,2004.0,RFn,3,852,TA,TA,Y,192,151,0,0,0,WD,Normal,317000
RL,69.0,19900,Pave,Reg,Lvl,AllPub,Inside,Gtl,NAmes,PosA,Norm,1Fam,1Story,7,5,1970,1989,Gable,CompShg,Plywood,Plywood,287.0,TA,TA,CBlock,Gd,TA,Gd,GLQ,912,Unf,0,1035,1947,GasA,TA,Y,SBrkr,2207,0,2207,1,2,0,3,1,TA,7,Min1,1,Attchd,1970.0,RFn,2,576,TA,TA,Y,301,0,0,0,0,WD,Normal,180000
RL,72.0,10665,Pave,IR1,Lvl,AllPub,Inside,Gtl,CollgCr,Norm,Norm,1Fam,1Story,7,5,2003,2003,Gable,CompShg,VinylSd,VinylSd,167.0,Gd,TA,PConc,Gd,TA,Av,GLQ,1013,Unf,0,440,1453,GasA,Ex,Y,SBrkr,1479,0,1479,1,2,0,3,1,Gd,7,Typ,0,Attchd,2003.0,RFn,2,558,TA,TA,Y,144,29,0,0,0,WD,Normal,226000
RM,47.0,4608,Pave,Reg,Lvl,AllPub,Corner,Gtl,OldTown,Artery,Norm,1Fam,1Story,4,6,1945,1950,Gable,CompShg,MetalSd,MetalSd,0.0,TA,Gd,CBlock,TA,TA,No,Unf,0,Unf,0,747,747,GasA,TA,Y,SBrkr,747,0,747,0,1,0,2,1,TA,4,Typ,0,Attchd,1945.0,Unf,1,220,TA,TA,Y,0,0,0,0,0,WD,Normal,80000
RL,69.0,7599,Pave,Reg,Lvl,AllPub,Corner,Gtl,Mitchel,Norm,Norm,1Fam,1Story,4,6,1982,2006,Gable,CompShg,HdBoard,Plywood,0.0,TA,TA,CBlock,TA,TA,No,ALQ,565,Unf,0,280,845,GasA,TA,Y,SBrkr,845,0,845,1,1,0,2,1,TA,4,Typ,0,Detchd,1987.0,Unf,2,360,TA,TA,Y,0,0,0,0,0,WD,Normal,129500
RL,69.0,8475,Pave,IR1,Lvl,AllPub,Inside,Gtl,NAmes,Norm,Norm,1Fam,1Story,4,7,1956,1956,Gable,CompShg,VinylSd,VinylSd,0.0,TA,TA,CBlock,TA,TA,No,ALQ,228,Unf,0,724,952,GasA,Ex,Y,FuseA,952,0,952,0,1,0,2,1,TA,4,Typ,0,Detchd,1956.0,Unf,1,283,TA,TA,Y,0,0,0,0,0,WD,Normal,135750
RL,72.0,10778,Pave,Reg,Lvl,AllPub,Inside,Gtl,Sawyer,Norm,Norm,Duplex,1Story,4,5,1968,1968,Hip,CompShg,HdBoard,HdBoard,0.0,TA,TA,CBlock,TA,TA,No,Unf,0,Unf,0,1768,1768,GasA,TA,N,SBrkr,1768,0,1768,0,2,0,4,2,TA,8,Typ,0,Attchd,1980.0,Unf,0,0,TA,TA,Y,0,0,0,0,0,WD,Normal,136500
RL,78.0,10206,Pave,Reg,Lvl,AllPub,Inside,Gtl,Somerst,Norm,Norm,1Fam,1Story,8,5,2007,2007,Gable,CompShg,VinylSd,VinylSd,468.0,TA,TA,PConc,Gd,TA,No,GLQ,33,Unf,0,1530,1563,GasA,Ex,Y,SBrkr,1563,0,1563,0,2,0,3,1,Gd,6,Typ,1,Attchd,2007.0,RFn,3,758,TA,TA,Y,144,99,0,0,0,WD,Normal,245000
RL,80.0,8892,Pave,IR1,Lvl,AllPub,Inside,Gtl,NAmes,Norm,Norm,1Fam,1Story,5,5,1960,1960,Gable,CompShg,MetalSd,MetalSd,66.0,TA,TA,CBlock,TA,TA,No,Unf,0,Unf,0,1065,1065,GasA,Gd,Y,SBrkr,1065,0,1065,0,1,1,3,1,TA,6,Typ,0,Detchd,1974.0,Unf,2,461,TA,TA,Y,74,0,0,0,0,COD,Normal,126500
RL,69.0,8530,Pave,IR1,Lvl,AllPub,Inside,Gtl,Gilbert,Norm,Norm,1Fam,SLvl,7,5,1995,1996,Gable,CompShg,HdBoard,HdBoard,22.0,TA,TA,PConc,Gd,TA,No,Unf,0,Unf,0,384,384,GasA,Gd,Y,SBrkr,804,670,1474,0,2,1,3,1,TA,7,Typ,1,BuiltIn,1995.0,Fin,2,400,TA,TA,Y,120,72,0,0,0,WD,Normal,168500
FV,40.0,3951,Pave,Reg,Lvl,AllPub,Corner,Gtl,Somerst,Norm,Norm,TwnhsE,2Story,6,5,2009,2009,Gable,CompShg,VinylSd,VinylSd,76.0,Gd,TA,PConc,Gd,TA,Av,Unf,0,Unf,0,612,612,GasA,Ex,Y,SBrkr,612,612,1224,0,2,1,2,1,Gd,4,Typ,0,Detchd,2009.0,RFn,2,528,TA,TA,Y,0,234,0,0,0,New,Partial,164500
RL,60.0,8070,Pave,Reg,Lvl,AllPub,Inside,Gtl,CollgCr,Norm,Norm,1Fam,1Story,4,5,1994,1995,Gable,CompShg,VinylSd,VinylSd,0.0,TA,TA,PConc,Gd,TA,No,GLQ,588,Unf,0,402,990,GasA,Ex,Y,SBrkr,990,0,990,1,1,0,3,1,TA,5,Typ,0,Attchd,1980.0,Unf,0,0,TA,TA,Y,0,0,0,0,0,WD,Normal,123600
RL,60.0,7200,Pave,Reg,Lvl,AllPub,Inside,Gtl,NAmes,Norm,Norm,1Fam,1Story,4,5,1950,1950,Gable,CompShg,BrkFace,Wd Sdng,0.0,TA,TA,Slab,TA,TA,No,Unf,0,Unf,0,0,0,GasA,TA,Y,FuseA,1040,0,1040,0,1,0,2,1,TA,4,Typ,0,Detchd,1950.0,Unf,2,420,TA,TA,Y,0,29,0,0,0,WD,Normal,109900
RL,69.0,9337,Pave,IR1,Lvl,AllPub,Inside,Gtl,CollgCr,Norm,Norm,1Fam,2Story,6,5,1997,1997,Gable,CompShg,VinylSd,VinylSd,0.0,TA,Gd,PConc,Gd,TA,No,GLQ,648,Unf,0,176,824,GasA,Ex,Y,SBrkr,905,881,1786,1,2,1,3,1,Gd,7,Typ,0,Attchd,1997.0,RFn,2,684,TA,TA,Y,0,162,0,0,0,WD,Normal,204750
RL,78.0,10264,Pave,IR1,Lvl,AllPub,Inside,Gtl,CollgCr,Norm,Norm,1Fam,1Story,7,5,1999,1999,Gable,CompShg,VinylSd,VinylSd,183.0,Gd,TA,PConc,Gd,TA,Av,ALQ,1162,Unf,0,426,1588,GasA,Ex,Y,SBrkr,1588,0,1588,0,2,0,3,1,Gd,6,Typ,0,Attchd,1999.0,RFn,2,472,TA,TA,Y,158,29,0,0,0,WD,Normal,214000
RL,73.0,10921,Pave,Reg,HLS,AllPub,Inside,Gtl,Edwards,Norm,Norm,1Fam,1Story,4,5,1965,1965,Hip,CompShg,HdBoard,HdBoard,48.0,TA,TA,CBlock,TA,TA,No,Rec,520,Unf,0,440,960,GasA,TA,Y,FuseF,960,0,960,1,1,0,3,1,TA,6,Typ,0,Attchd,1965.0,Fin,1,432,TA,TA,P,120,0,0,0,0,WD,Normal,94750
RL,77.0,9320,Pave,IR1,Lvl,AllPub,Inside,Gtl,NAmes,Norm,Norm,1Fam,1Story,4,5,1959,1959,Gable,CompShg,Plywood,Plywood,0.0,TA,TA,CBlock,TA,TA,No,ALQ,569,Unf,0,381,950,GasA,Fa,Y,SBrkr,1225,0,1225,1,1,1,3,1,TA,6,Typ,0,Attchd,1980.0,Unf,0,0,TA,TA,Y,352,0,0,0,0,WD,Normal,128950
RL,69.0,10603,Pave,IR1,Lvl,AllPub,Inside,Gtl,NWAmes,Norm,Norm,1Fam,1Story,6,7,1977,2001,Gable,CompShg,Plywood,Plywood,28.0,TA,TA,PConc,TA,TA,Mn,ALQ,1200,Unf,0,410,1610,GasA,Gd,Y,SBrkr,1610,0,1610,1,2,0,3,1,Gd,6,Typ,2,Attchd,1977.0,RFn,2,480,TA,TA,Y,168,68,0,0,0,WD,Normal,205000
RL,77.0,9206,Pave,Reg,Lvl,AllPub,Inside,Gtl,SawyerW,Norm,Norm,1Fam,2Story,6,5,1985,1985,Gable,CompShg,HdBoard,HdBoard,336.0,Gd,TA,CBlock,Gd,TA,No,Unf,0,Unf,0,741,741,GasA,TA,Y,SBrkr,977,755,1732,0,2,1,3,1,Gd,7,Typ,1,Attchd,1985.0,Fin,2,476,TA,TA,Y,192,46,0,0,0,WD,Normal,178000
RL,64.0,7018,Pave,Reg,Bnk,AllPub,Inside,Gtl,SawyerW,Norm,Norm,Duplex,1Story,5,5,1979,1979,Gable,CompShg,HdBoard,HdBoard,0.0,TA,Fa,Slab,TA,TA,No,Unf,0,Unf,0,0,0,GasA,TA,Y,SBrkr,1535,0,1535,0,2,0,4,2,TA,8,Typ,0,Attchd,1979.0,Unf,2,410,TA,TA,Y,0,0,0,0,0,WD,Alloca,118964
RL,94.0,10402,Pave,IR1,Lvl,AllPub,Corner,Gtl,CollgCr,Norm,Norm,1Fam,1Story,7,5,2009,2009,Gable,CompShg,VinylSd,VinylSd,0.0,TA,TA,PConc,Gd,TA,No,Unf,0,Unf,0,1226,1226,GasA,Ex,Y,SBrkr,1226,0,1226,0,2,0,3,1,Gd,6,Typ,0,Attchd,2009.0,RFn,3,740,TA,TA,Y,0,36,0,0,0,WD,Normal,198900
RM,60.0,10800,Pave,Reg,Lvl,AllPub,Inside,Gtl,OldTown,Norm,Norm,1Fam,1Story,4,7,1885,1995,Mansard,CompShg,VinylSd,VinylSd,0.0,TA,TA,BrkTil,Fa,TA,No,Unf,0,Unf,0,641,641,GasA,Gd,Y,SBrkr,1047,0,1047,0,1,0,2,1,TA,6,Typ,0,Detchd,1954.0,Unf,1,273,Fa,Fa,N,0,0,0,0,0,WD,Normal,100000
RL,75.0,9525,Pave,Reg,Lvl,AllPub,Inside,Gtl,Edwards,Norm,Norm,1Fam,1.5Fin,6,4,1954,1972,Gable,CompShg,Wd Sdng,Wd Sdng,0.0,TA,TA,CBlock,TA,Fa,No,Rec,444,Unf,0,550,994,GasA,Gd,Y,SBrkr,1216,639,1855,0,2,0,4,1,TA,7,Typ,0,Attchd,1954.0,Unf,1,325,TA,TA,Y,182,0,0,0,0,WD,Normal,136900
RL,69.0,7750,Pave,IR1,Lvl,AllPub,Inside,Gtl,Gilbert,Norm,Norm,1Fam,SLvl,7,5,2000,2000,Gable,CompShg,VinylSd,VinylSd,0.0,TA,TA,PConc,Gd,TA,No,GLQ,250,Unf,0,134,384,GasA,Ex,Y,SBrkr,774,656,1430,0,2,1,3,1,TA,7,Typ,1,BuiltIn,2000.0,Fin,2,400,TA,TA,Y,180,0,0,0,0,WD,Normal,180000
RL,74.0,8536,Pave,Reg,Lvl,AllPub,Corner,Gtl,Edwards,Norm,Norm,1Fam,1Story,5,5,2006,2007,Gable,CompShg,VinylSd,VinylSd,0.0,TA,TA,PConc,Gd,TA,No,Unf,0,Unf,0,1125,1125,GasA,Gd,Y,SBrkr,1125,0,1125,0,1,1,2,1,TA,5,Typ,0,Attchd,2007.0,Unf,2,430,TA,TA,Y,80,64,0,0,0,New,Partial,155000
RL,90.0,12376,Pave,Reg,Lvl,AllPub,Corner,Gtl,SawyerW,Norm,Norm,1Fam,2Story,7,5,1990,1990,Hip,CompShg,Plywood,Plywood,0.0,TA,TA,PConc,Gd,TA,Mn,GLQ,1470,Unf,0,203,1673,GasA,Gd,Y,SBrkr,1699,1523,3222,1,3,0,5,1,Gd,11,Typ,2,Attchd,1990.0,Unf,3,594,TA,TA,Y,367,0,0,0,0,WD,Normal,320000
RL,65.0,8461,Pave,Reg,Lvl,AllPub,Inside,Gtl,CollgCr,Norm,Norm,1Fam,2Story,6,5,2005,2006,Gable,CompShg,VinylSd,VinylSd,0.0,Gd,TA,PConc,Gd,TA,No,Unf,0,Unf,0,728,728,GasA,Ex,Y,SBrkr,728,728,1456,0,2,1,3,1,Gd,8,Typ,1,Attchd,2005.0,Fin,2,390,TA,TA,Y,0,24,0,0,0,New,Partial,163990
RL,69.0,21453,Pave,IR1,Low,AllPub,CulDSac,Sev,ClearCr,Norm,Norm,1Fam,SLvl,6,5,1969,1969,Flat,Metal,Plywood,Plywood,0.0,TA,TA,CBlock,TA,TA,Gd,ALQ,938,Unf,0,0,938,GasA,Ex,Y,SBrkr,988,0,988,1,1,0,1,1,TA,4,Typ,2,Attchd,1969.0,Unf,2,540,TA,TA,Y,0,130,0,0,0,WD,Normal,180000
RL,55.0,7892,Pave,Reg,Lvl,AllPub,Inside,Gtl,SawyerW,Norm,Norm,TwnhsE,1Story,6,5,1993,1993,Gable,CompShg,Plywood,Plywood,0.0,Gd,TA,PConc,Gd,TA,No,GLQ,300,Unf,0,899,1199,GasA,Ex,Y,SBrkr,1199,0,1199,0,2,0,2,1,Gd,5,Typ,0,Attchd,1993.0,RFn,2,530,TA,TA,Y,0,63,0,0,0,WD,Normal,153900
RL,48.0,17043,Pave,IR1,Lvl,AllPub,CulDSac,Gtl,NWAmes,Norm,Norm,1Fam,1Story,6,5,1979,1998,Gable,CompShg,HdBoard,HdBoard,0.0,TA,Gd,CBlock,Gd,Fa,No,Unf,0,Unf,0,1362,1362,GasA,TA,Y,SBrkr,1586,0,1586,0,2,0,3,1,TA,7,Typ,1,Attchd,1979.0,Unf,2,435,TA,TA,Y,192,0,0,0,0,WD,Normal,181000
RL,69.0,4928,Pave,IR1,Lvl,AllPub,Inside,Gtl,NPkVill,Norm,Norm,TwnhsE,1Story,6,5,1976,1976,Gable,CompShg,Plywood,Plywood,0.0,TA,TA,CBlock,Gd,TA,No,ALQ,120,Unf,0,958,1078,GasA,TA,Y,SBrkr,958,0,958,0,2,0,2,1,TA,5,Typ,1,Attchd,1977.0,RFn,2,440,TA,TA,Y,0,205,0,0,0,WD,Normal,128000
RM,55.0,4388,Pave,IR1,Bnk,AllPub,Inside,Gtl,OldTown,Feedr,Norm,1Fam,1.5Unf,5,7,1930,1950,Gable,CompShg,WdShing,Wd Sdng,0.0,TA,Gd,BrkTil,TA,TA,No,LwQ,116,Unf,0,556,672,GasA,Ex,Y,SBrkr,840,0,840,0,1,0,3,1,TA,5,Typ,1,Attchd,1980.0,Unf,0,0,TA,TA,N,0,0,0,0,0,WD,Normal,87000
RL,69.0,7590,Pave,Reg,Lvl,AllPub,Inside,Gtl,NAmes,PosN,Norm,1Fam,2Story,6,5,1966,1966,Gable,CompShg,VinylSd,VinylSd,266.0,TA,TA,CBlock,TA,TA,No,BLQ,512,Unf,0,148,660,GasA,TA,Y,SBrkr,660,688,1348,0,1,1,3,1,TA,6,Typ,1,Attchd,1966.0,RFn,2,453,TA,TA,Y,188,108,0,0,0,WD,Normal,155000
RL,88.0,14200,Pave,Reg,Lvl,AllPub,Corner,Gtl,NAmes,Norm,Norm,1Fam,2Story,7,6,1966,1966,Gable,CompShg,MetalSd,MetalSd,309.0,TA,TA,CBlock,TA,TA,No,Rec,445,Unf,0,479,924,GasA,Ex,Y,SBrkr,1216,941,2157,0,2,1,4,1,Gd,8,Typ,2,Attchd,1966.0,Fin,2,487,TA,TA,Y,105,66,0,0,0,WD,Normal,226000
RL,69.0,12224,Pave,IR1,Lvl,AllPub,Corner,Gtl,Gilbert,Norm,Norm,1Fam,2Story,6,5,2000,2000,Gable,CompShg,VinylSd,VinylSd,40.0,Gd,TA,PConc,Gd,TA,No,GLQ,695,Unf,0,297,992,GasA,Ex,Y,SBrkr,1022,1032,2054,1,2,1,3,1,Gd,7,Typ,1,BuiltIn,2000.0,RFn,2,390,TA,TA,Y,24,48,0,0,0,WD,Normal,244000
RL,75.0,7388,Pave,Reg,Lvl,AllPub,Corner,Gtl,NAmes,Norm,Norm,1Fam,1Story,5,6,1959,2002,Gable,CompShg,MetalSd,MetalSd,0.0,TA,TA,CBlock,TA,TA,No,Rec,405,Unf,0,658,1063,GasA,Gd,Y,SBrkr,1327,0,1327,1,1,0,3,1,Gd,7,Typ,0,Detchd,1974.0,Unf,2,624,TA,TA,Y,0,0,0,0,0,WD,Normal,150750
RL,69.0,6853,Pave,IR1,Lvl,AllPub,Inside,Gtl,Timber,Norm,Norm,1Fam,1Story,8,5,2001,2002,Gable,CompShg,VinylSd,VinylSd,136.0,Gd,TA,PConc,Ex,TA,No,GLQ,1005,Unf,0,262,1267,GasA,Ex,Y,SBrkr,1296,0,1296,1,2,0,2,1,Gd,6,Typ,0,Attchd,2001.0,Fin,2,471,TA,TA,Y,192,25,0,0,0,WD,Normal,220000
RL,80.0,10400,Pave,Reg,Lvl,AllPub,Inside,Gtl,NWAmes,Norm,Norm,1Fam,1Story,7,6,1970,1970,Hip,CompShg,Plywood,Plywood,288.0,TA,TA,PConc,TA,TA,No,Unf,0,Unf,0,1304,1304,GasA,Gd,Y,SBrkr,1682,0,1682,0,2,0,3,1,TA,7,Typ,1,Attchd,1970.0,Unf,2,530,TA,TA,Y,98,0,0,0,0,WD,Normal,174000
RL,69.0,10355,Pave,IR1,Lvl,AllPub,Corner,Gtl,NAmes,Norm,Norm,1Fam,1Story,5,5,1967,1967,Gable,CompShg,MetalSd,MetalSd,196.0,TA,TA,CBlock,TA,TA,No,BLQ,695,Unf,0,519,1214,GasA,TA,Y,SBrkr,1214,0,1214,0,2,0,3,1,TA,5,Typ,1,Attchd,1967.0,RFn,1,318,TA,TA,Y,0,111,0,0,0,WD,Normal,143000
RL,82.0,11070,Pave,Reg,Lvl,AllPub,Inside,Gtl,Mitchel,Norm,Norm,Duplex,1Story,7,5,1988,1989,Gable,CompShg,VinylSd,VinylSd,70.0,TA,TA,CBlock,TA,TA,No,Unf,0,Unf,0,1907,1907,GasA,Gd,Y,SBrkr,1959,0,1959,0,3,0,5,2,TA,9,Typ,0,2Types,1989.0,Unf,3,766,TA,TA,Y,0,0,0,0,0,WD,Family,171000
RL,73.0,9066,Pave,IR1,Lvl,AllPub,Inside,Gtl,CollgCr,Norm,Norm,1Fam,2Story,8,5,1999,2000,Gable,CompShg,VinylSd,VinylSd,320.0,Gd,TA,PConc,Gd,TA,Mn,GLQ,668,Unf,0,336,1004,GasA,Ex,Y,SBrkr,1004,848,1852,0,2,1,3,1,Gd,7,Typ,2,Attchd,1999.0,Fin,3,660,TA,TA,Y,224,106,0,0,0,WD,Normal,230000
RL,65.0,15426,Pave,IR1,Lvl,AllPub,Inside,Gtl,CollgCr,Norm,Norm,1Fam,2Story,6,5,1997,1997,Gable,CompShg,VinylSd,VinylSd,0.0,TA,TA,PConc,Gd,TA,No,GLQ,821,Unf,0,107,928,GasA,Ex,Y,SBrkr,928,836,1764,1,2,1,3,1,Gd,7,Typ,0,Attchd,1997.0,RFn,2,470,TA,TA,Y,276,99,0,0,0,WD,Normal,231500
RL,70.0,10500,Pave,Reg,Lvl,AllPub,FR2,Gtl,NAmes,Norm,Norm,1Fam,1Story,4,5,1971,1971,Gable,CompShg,HdBoard,HdBoard,0.0,TA,TA,CBlock,TA,TA,No,ALQ,432,Unf,0,432,864,GasA,TA,Y,SBrkr,864,0,864,0,1,0,3,1,TA,5,Typ,1,Attchd,1980.0,Unf,0,0,TA,TA,Y,0,0,0,0,0,ConLI,Normal,115000
RL,78.0,11645,Pave,Reg,Lvl,AllPub,Inside,Gtl,CollgCr,Norm,Norm,1Fam,1Story,7,5,2005,2005,Gable,CompShg,VinylSd,VinylSd,0.0,Gd,TA,PConc,Gd,TA,Av,GLQ,1300,Unf,0,434,1734,GasA,Ex,Y,SBrkr,1734,0,1734,1,2,0,3,1,Gd,7,Typ,0,Attchd,2005.0,Fin,2,660,TA,TA,Y,160,24,0,0,0,WD,Normal,260000
RL,71.0,8520,Pave,Reg,Lvl,AllPub,Corner,Gtl,NAmes,Artery,Norm,1Fam,1.5Fin,5,4,1952,1952,Gable,CompShg,BrkFace,Wd Sdng,0.0,TA,Fa,CBlock,TA,TA,No,Rec,507,Unf,0,403,910,GasA,Fa,Y,SBrkr,910,475,1385,0,2,0,4,1,TA,6,Typ,0,Detchd,2000.0,Unf,2,720,TA,TA,Y,0,0,0,0,0,WD,Normal,166000
RL,78.0,10335,Pave,IR1,Lvl,AllPub,Inside,Gtl,CollgCr,Norm,Norm,1Fam,1Story,7,5,1999,1999,Gable,CompShg,VinylSd,VinylSd,183.0,Gd,TA,PConc,Gd,TA,Gd,GLQ,679,Unf,0,811,1490,GasA,Ex,Y,SBrkr,1501,0,1501,1,2,0,3,1,Gd,6,Typ,0,Attchd,1999.0,RFn,2,577,TA,TA,Y,144,29,0,0,0,WD,Normal,204000
RM,70.0,9100,Pave,Reg,Lvl,AllPub,Inside,Gtl,Sawyer,RRAe,Norm,Duplex,1Story,5,5,1963,1963,Gable,CompShg,HdBoard,HdBoard,336.0,TA,TA,CBlock,TA,TA,No,Rec,1332,Unf,0,396,1728,GasA,TA,Y,SBrkr,1728,0,1728,1,2,0,6,2,TA,10,Typ,0,Detchd,1963.0,Unf,2,504,TA,TA,Y,0,0,0,0,0,ConLI,Abnorml,125000
RM,51.0,6120,Pave,Reg,Lvl,AllPub,Corner,Gtl,BrkSide,Norm,Norm,1Fam,1Story,5,7,1931,1993,Gable,CompShg,Wd Sdng,Wd Sdng,0.0,TA,TA,BrkTil,TA,TA,No,BLQ,209,Unf,0,506,715,GasA,TA,Y,FuseA,875,0,875,1,1,0,2,1,TA,5,Typ,0,Detchd,1931.0,Unf,1,180,Fa,TA,Y,48,0,0,0,0,WD,Normal,105000
RL,69.0,9505,Pave,IR1,Lvl,AllPub,CulDSac,Gtl,Gilbert,Norm,Norm,1Fam,2Story,7,5,2001,2001,Gable,CompShg,VinylSd,VinylSd,180.0,Gd,TA,PConc,Gd,TA,No,Unf,0,Unf,0,884,884,GasA,Ex,Y,SBrkr,884,1151,2035,0,2,1,3,1,Gd,8,Typ,1,BuiltIn,2001.0,Fin,2,434,TA,TA,Y,144,48,0,0,0,WD,Normal,222500
RL,63.0,7500,Pave,Reg,Lvl,AllPub,Inside,Gtl,SawyerW,Norm,Norm,1Fam,1Story,7,5,2004,2005,Gable,CompShg,VinylSd,VinylSd,120.0,TA,TA,PConc,Gd,TA,No,GLQ,680,Unf,0,400,1080,GasA,Ex,Y,SBrkr,1080,0,1080,1,1,0,3,1,Gd,6,Typ,0,Attchd,1980.0,Unf,0,0,TA,TA,Y,0,0,0,0,0,WD,Normal,141000
RM,69.0,6240,Pave,Reg,Lvl,AllPub,Inside,Gtl,BrkSide,Norm,Norm,1Fam,1.5Fin,5,4,1936,1950,Gable,CompShg,MetalSd,MetalSd,0.0,TA,TA,BrkTil,Gd,TA,No,Unf,0,Unf,0,896,896,GasA,Gd,Y,FuseA,896,448,1344,0,1,0,3,1,TA,7,Typ,0,Detchd,1936.0,Unf,1,240,Fa,TA,Y,200,114,0,0,0,WD,Normal,115000
RL,69.0,14803,Pave,IR1,Lvl,AllPub,CulDSac,Gtl,NWAmes,Norm,Norm,1Fam,2Story,6,5,1971,1971,Gable,CompShg,HdBoard,HdBoard,252.0,TA,TA,CBlock,TA,TA,No,Rec,416,Unf,0,409,825,GasA,Gd,Y,SBrkr,1097,896,1993,0,2,1,4,1,TA,8,Typ,1,Attchd,1971.0,RFn,2,495,TA,TA,Y,0,66,0,0,0,WD,Normal,190000
RL,60.0,7200,Pave,Reg,Lvl,AllPub,Inside,Gtl,NAmes,Norm,Norm,1Fam,1Story,5,7,1950,1950,Hip,CompShg,Wd Sdng,Wd Sdng,0.0,TA,TA,CBlock,TA,TA,No,Unf,0,Unf,0,0,0,GasA,TA,Y,FuseF,1040,0,1040,0,1,0,2,1,TA,5,Typ,0,Detchd,1950.0,Unf,2,625,TA,TA,Y,0,0,0,0,0,WD,Normal,109500
RL,92.0,12003,Pave,Reg,Lvl,AllPub,Corner,Gtl,Timber,Norm,Norm,1Fam,2Story,8,5,2009,2010,Gable,CompShg,VinylSd,VinylSd,84.0,Gd,TA,PConc,Ex,TA,No,Unf,0,Unf,0,774,774,GasA,Ex,Y,SBrkr,774,1194,1968,0,2,1,4,1,Ex,8,Typ,1,BuiltIn,2009.0,Fin,3,680,TA,TA,Y,0,75,0,0,0,New,Partial,269500
FV,100.0,12552,Pave,Reg,Lvl,AllPub,Corner,Gtl,Somerst,Norm,Norm,1Fam,2Story,7,5,2004,2005,Gable,CompShg,VinylSd,VinylSd,0.0,Gd,TA,PConc,Gd,TA,No,GLQ,222,Unf,0,769,991,GasA,Ex,Y,SBrkr,991,956,1947,0,2,1,3,1,Gd,8,Typ,1,Attchd,2004.0,RFn,2,678,TA,TA,Y,0,136,0,0,0,WD,Normal,254900
RL,69.0,11120,Pave,IR1,Lvl,AllPub,CulDSac,Gtl,Veenker,Norm,Norm,1Fam,1Story,6,6,1984,1984,Gable,CompShg,Plywood,Plywood,0.0,TA,TA,PConc,Gd,TA,No,BLQ,660,Unf,0,572,1232,GasA,TA,Y,SBrkr,1232,0,1232,0,2,0,3,1,TA,6,Typ,0,Attchd,1984.0,Unf,2,516,TA,TA,Y,0,0,0,0,0,WD,Normal,162500
RL,95.0,12182,Pave,Reg,Lvl,AllPub,Corner,Gtl,NridgHt,Norm,Norm,1Fam,1Story,7,5,2005,2005,Gable,CompShg,VinylSd,VinylSd,226.0,Gd,TA,PConc,Gd,TA,Mn,BLQ,1201,Unf,0,340,1541,GasA,Ex,Y,SBrkr,1541,0,1541,0,2,0,3,1,Gd,7,Typ,1,Attchd,2005.0,RFn,2,532,TA,TA,Y,0,70,0,0,0,New,Partial,220000
RL,55.0,5500,Pave,Reg,Lvl,AllPub,Inside,Gtl,OldTown,Norm,Norm,1Fam,1.5Unf,4,6,1956,1956,Gable,CompShg,MetalSd,MetalSd,0.0,TA,TA,CBlock,TA,TA,No,Unf,0,Unf,0,882,882,GasA,Ex,Y,SBrkr,882,0,882,0,1,0,1,1,TA,4,Typ,0,Attchd,1980.0,Unf,0,0,TA,TA,Y,0,0,0,0,0,WD,Normal,103200
RL,86.0,10562,Pave,Reg,Lvl,AllPub,Inside,Gtl,NridgHt,Norm,Norm,1Fam,2Story,8,5,2007,2007,Gable,CompShg,VinylSd,VinylSd,300.0,Gd,TA,PConc,Ex,TA,No,GLQ,1288,Unf,0,294,1582,GasA,Ex,Y,SBrkr,1610,551,2161,1,1,1,3,1,Ex,8,Typ,1,Attchd,2007.0,Fin,3,789,TA,TA,Y,178,120,0,0,0,New,Partial,325624
RL,62.0,8244,Pave,IR1,Lvl,AllPub,Inside,Gtl,Gilbert,Norm,Norm,1Fam,2Story,7,5,2004,2004,Gable,CompShg,VinylSd,VinylSd,0.0,Gd,TA,PConc,Gd,TA,No,Unf,0,Unf,0,840,840,GasA,Ex,Y,SBrkr,840,880,1720,0,2,1,3,1,Gd,7,Typ,1,Attchd,2004.0,Fin,2,440,TA,TA,Y,100,48,0,0,0,WD,Normal,183500
RM,69.0,12358,Pave,IR1,Lvl,AllPub,Inside,Gtl,OldTown,Feedr,Norm,1Fam,1.5Fin,5,6,1941,1950,Gable,CompShg,MetalSd,MetalSd,0.0,TA,TA,CBlock,TA,TA,No,Rec,360,Unf,0,360,720,GasA,TA,Y,SBrkr,854,0,1382,0,1,1,2,1,TA,7,Typ,0,Detchd,1991.0,Unf,2,660,TA,TA,Y,237,0,0,0,0,WD,Normal,128500
FV,69.0,2117,Pave,Reg,Lvl,AllPub,Inside,Gtl,Somerst,Norm,Norm,Twnhs,2Story,6,5,2000,2000,Gable,CompShg,MetalSd,MetalSd,456.0,Gd,TA,PConc,Gd,TA,No,GLQ,436,Unf,0,320,756,GasA,Ex,Y,SBrkr,769,756,1525,0,2,1,3,1,Gd,5,Typ,1,Detchd,2000.0,Unf,2,440,TA,TA,Y,0,0,0,0,0,WD,Normal,177000
RL,60.0,9060,Pave,Reg,Lvl,AllPub,Inside,Gtl,Edwards,Artery,Norm,1Fam,1Story,5,6,1957,2006,Hip,CompShg,Wd Sdng,Wd Sdng,98.0,TA,TA,PConc,TA,TA,No,Unf,0,Unf,0,0,0,GasA,Ex,Y,SBrkr,1340,0,1340,0,1,0,3,1,TA,7,Typ,1,Attchd,1957.0,RFn,1,252,TA,TA,Y,116,0,0,0,0,WD,Normal,120000
RM,63.0,11426,Pave,Reg,Lvl,AllPub,Inside,Gtl,OldTown,Norm,Norm,1Fam,1.5Fin,7,5,2003,2003,Gable,CompShg,VinylSd,VinylSd,0.0,TA,TA,PConc,Gd,TA,No,Unf,0,Unf,0,1362,1362,GasA,Ex,Y,SBrkr,1362,720,2082,0,2,1,3,1,Gd,6,Mod,0,Detchd,2003.0,Unf,2,484,TA,TA,N,280,238,0,0,0,WD,Normal,200000
RL,69.0,9947,Pave,IR1,Lvl,AllPub,CulDSac,Gtl,Mitchel,Norm,Norm,1Fam,SLvl,7,5,1990,1991,Gable,CompShg,HdBoard,HdBoard,0.0,TA,TA,PConc,Gd,TA,Av,GLQ,611,Unf,0,577,1188,GasA,Ex,Y,SBrkr,1217,0,1217,1,2,0,3,1,Gd,6,Typ,0,Attchd,1990.0,Unf,2,497,TA,TA,Y,168,27,0,0,0,WD,Normal,173000
RL,60.0,10410,Pave,Reg,Lvl,AllPub,Inside,Gtl,OldTown,Norm,Norm,1Fam,1.5Fin,5,7,1916,1987,Gable,CompShg,HdBoard,HdBoard,0.0,TA,TA,CBlock,Fa,TA,No,Unf,0,Unf,0,660,660,GasA,Ex,Y,SBrkr,808,704,1656,0,2,1,3,1,TA,8,Min2,0,Detchd,1916.0,Unf,1,180,Fa,Fa,N,0,0,0,0,0,WD,Normal,135000
RL,64.0,7018,Pave,Reg,Bnk,AllPub,Inside,Gtl,SawyerW,Feedr,Norm,Duplex,SFoyer,5,5,1979,1979,Gable,CompShg,Plywood,Plywood,275.0,TA,TA,CBlock,Gd,TA,Av,GLQ,1086,Unf,0,0,1086,GasA,TA,Y,SBrkr,1224,0,1224,2,0,2,2,2,TA,6,Typ,2,Detchd,1979.0,Unf,2,528,TA,TA,Y,120,0,0,0,0,WD,Alloca,153337
RL,68.0,9017,Pave,IR1,Lvl,AllPub,Inside,Gtl,CollgCr,Norm,Norm,1Fam,1Story,7,5,1999,1999,Gable,CompShg,VinylSd,VinylSd,0.0,Gd,TA,PConc,Gd,TA,Av,GLQ,560,Unf,0,871,1431,GasA,Ex,Y,SBrkr,1431,0,1431,1,2,0,3,1,Gd,6,Typ,0,Attchd,1999.0,Fin,2,666,TA,TA,Y,0,35,0,0,0,WD,Normal,192000
RL,60.0,7180,Pave,IR1,Lvl,AllPub,Inside,Gtl,CollgCr,Norm,Norm,1Fam,1Story,5,7,1972,1972,Hip,CompShg,HdBoard,HdBoard,0.0,TA,TA,CBlock,TA,TA,Av,ALQ,390,Unf,0,474,864,GasA,TA,Y,SBrkr,864,0,864,0,1,0,3,1,TA,5,Typ,0,Detchd,1989.0,Unf,1,352,TA,TA,Y,0,0,0,0,0,WD,Normal,127000
RM,80.0,8546,Pave,Reg,Lvl,AllPub,Corner,Gtl,Edwards,Norm,Norm,1Fam,1Story,4,5,2003,2004,Gable,CompShg,VinylSd,VinylSd,0.0,TA,TA,PConc,Gd,TA,No,Unf,0,Unf,0,1121,1121,GasA,Ex,Y,SBrkr,1121,0,1121,0,2,0,2,1,TA,5,Typ,0,Attchd,2003.0,RFn,2,440,TA,TA,Y,132,64,0,0,0,WD,Normal,140000
RM,69.0,4438,Pave,Reg,Lvl,AllPub,Inside,Gtl,CollgCr,Norm,Norm,TwnhsE,1Story,6,5,2004,2004,Gable,CompShg,VinylSd,VinylSd,205.0,Gd,TA,PConc,Gd,TA,Av,GLQ,662,Unf,0,186,848,GasA,Ex,Y,SBrkr,848,0,848,1,1,0,1,1,Gd,3,Typ,1,Attchd,2004.0,RFn,2,420,TA,TA,Y,149,0,0,0,0,WD,Normal,149000
RM,50.0,3500,Pave,Reg,Lvl,AllPub,Inside,Gtl,OldTown,Norm,Norm,1Fam,1.5Fin,5,7,1947,1950,Gable,CompShg,AsbShng,AsbShng,0.0,TA,TA,CBlock,TA,TA,No,LwQ,312,Unf,0,408,720,GasA,TA,Y,SBrkr,720,564,1284,0,1,1,2,1,TA,5,Typ,0,Detchd,1948.0,Unf,1,240,TA,TA,Y,0,35,0,0,0,WD,Normal,110000
RL,99.0,11851,Pave,Reg,Lvl,AllPub,Corner,Gtl,Gilbert,Norm,Norm,1Fam,1Story,7,5,1990,1990,Gable,CompShg,HdBoard,HdBoard,0.0,TA,TA,PConc,Gd,TA,No,Unf,0,Unf,0,1424,1424,GasA,Ex,Y,SBrkr,1442,0,1442,0,2,0,3,1,TA,5,Typ,0,Attchd,1990.0,RFn,2,500,TA,TA,Y,0,34,0,0,0,WD,Normal,180500
RL,40.0,13673,Pave,IR1,Lvl,AllPub,CulDSac,Gtl,Sawyer,RRAe,Norm,1Fam,1Story,5,5,1962,1962,Gable,CompShg,HdBoard,HdBoard,0.0,TA,Gd,CBlock,TA,TA,No,Unf,0,Unf,0,1140,1140,GasA,TA,Y,SBrkr,1696,0,1696,0,1,1,3,1,TA,8,Min2,1,Attchd,1962.0,RFn,1,349,TA,TA,Y,0,30,0,0,0,WD,Normal,143900
RL,75.0,8250,Pave,Reg,Lvl,AllPub,Inside,Gtl,NAmes,Norm,Norm,1Fam,1Story,6,7,1964,1964,Hip,CompShg,HdBoard,HdBoard,260.0,TA,TA,CBlock,Gd,TA,No,Rec,787,Unf,0,305,1092,GasA,Ex,Y,SBrkr,1092,0,1092,1,1,0,3,1,TA,6,Typ,0,Attchd,1964.0,RFn,2,504,TA,Gd,Y,0,0,0,0,0,WD,Normal,145000
RL,83.0,10420,Pave,Reg,Lvl,AllPub,Corner,Gtl,Edwards,Norm,Norm,1Fam,1Story,6,5,2009,2009,Gable,CompShg,VinylSd,VinylSd,0.0,TA,TA,PConc,Gd,TA,Mn,GLQ,36,Unf,0,1176,1212,GasA,Ex,Y,SBrkr,1212,0,1212,0,2,0,3,1,Gd,6,Typ,0,Attchd,2009.0,RFn,2,460,TA,TA,Y,100,22,0,0,0,WD,Normal,186000
FV,72.0,8640,Pave,Reg,Lvl,AllPub,Inside,Gtl,Somerst,Norm,Norm,1Fam,2Story,7,5,2009,2009,Gable,CompShg,VinylSd,VinylSd,0.0,TA,TA,PConc,Gd,TA,No,GLQ,822,Unf,0,78,900,GasA,Ex,Y,SBrkr,932,920,1852,1,2,1,3,1,Gd,7,Typ,1,Attchd,2009.0,RFn,2,644,TA,TA,Y,168,108,0,0,0,New,Partial,252678
RL,69.0,10900,Pave,IR1,Lvl,AllPub,FR2,Gtl,CollgCr,Norm,Norm,1Fam,2Story,6,7,1977,1977,Gable,CompShg,HdBoard,HdBoard,153.0,TA,TA,CBlock,Gd,TA,No,GLQ,378,Unf,0,311,689,GasA,Ex,Y,SBrkr,689,703,1392,0,1,1,3,1,TA,6,Typ,0,Attchd,1977.0,Fin,1,299,TA,TA,Y,0,36,0,0,0,WD,Normal,161750
RL,65.0,8450,Pave,Reg,Lvl,AllPub,Inside,Gtl,CollgCr,Norm,Norm,1Fam,1Story,7,5,2004,2004,Gable,CompShg,VinylSd,VinylSd,266.0,Gd,TA,PConc,Gd,TA,Mn,GLQ,946,Unf,0,490,1436,GasA,Ex,Y,SBrkr,1436,0,1436,1,2,0,3,1,Gd,8,Typ,0,Attchd,2004.0,Unf,2,484,TA,TA,Y,139,98,0,0,0,WD,Normal,210000
RL,43.0,3010,Pave,Reg,Lvl,AllPub,Inside,Gtl,Blmngtn,Norm,Norm,TwnhsE,1Story,7,5,2005,2006,Gable,CompShg,VinylSd,VinylSd,16.0,Gd,TA,PConc,Gd,TA,Av,GLQ,16,Unf,0,1232,1248,GasA,Ex,Y,SBrkr,1248,0,1248,0,2,0,2,1,Gd,5,Typ,0,Attchd,2005.0,Fin,2,438,TA,TA,Y,108,0,0,0,0,New,Partial,167240
RL,73.0,8990,Pave,IR1,Lvl,AllPub,Inside,Gtl,CollgCr,Norm,Norm,1Fam,1Story,7,5,2006,2006,Gable,CompShg,VinylSd,VinylSd,0.0,Gd,TA,PConc,Gd,TA,Mn,Unf,0,Unf,0,1498,1498,GasA,Ex,Y,SBrkr,1498,0,1498,0,2,0,2,1,Gd,5,Typ,0,Attchd,2006.0,RFn,2,675,TA,TA,Y,351,33,0,0,0,New,Partial,204900
RL,69.0,8068,Pave,IR1,Lvl,AllPub,Inside,Gtl,Gilbert,Norm,Norm,1Fam,2Story,6,5,2002,2002,Gable,CompShg,VinylSd,VinylSd,0.0,Gd,TA,PConc,Gd,TA,No,Unf,0,Unf,0,1010,1010,GasA,Ex,Y,SBrkr,1010,1257,2267,0,2,1,4,1,Gd,8,Typ,1,BuiltIn,2002.0,RFn,2,390,TA,TA,Y,120,46,0,0,0,ConLI,Normal,200000
RL,85.0,11475,Pave,Reg,Lvl,AllPub,Inside,Gtl,NWAmes,RRAn,Norm,1Fam,2Story,6,6,1975,1975,Gable,CompShg,VinylSd,VinylSd,0.0,TA,TA,CBlock,Gd,TA,No,ALQ,550,Unf,0,163,713,GasA,TA,Y,SBrkr,811,741,1552,1,2,1,3,1,TA,6,Typ,1,Attchd,1975.0,RFn,2,434,TA,TA,Y,209,208,0,0,0,WD,Normal,179900
RL,82.0,9950,Pave,IR1,Lvl,AllPub,Inside,Gtl,NoRidge,Norm,Norm,1Fam,2Story,7,5,1995,1995,Gable,CompShg,VinylSd,VinylSd,290.0,Gd,TA,PConc,Gd,TA,No,GLQ,565,Unf,0,638,1203,GasA,Ex,Y,SBrkr,1214,1306,2520,0,2,1,4,1,Gd,9,Typ,1,Attchd,1995.0,RFn,3,721,TA,TA,Y,224,114,0,0,0,WD,Abnorml,290000
RL,70.0,8521,Pave,Reg,Lvl,AllPub,FR2,Gtl,Sawyer,Feedr,Norm,1Fam,1Story,5,5,1967,1967,Gable,CompShg,HdBoard,HdBoard,0.0,TA,TA,CBlock,TA,TA,No,ALQ,842,Unf,0,70,912,GasA,TA,Y,SBrkr,912,0,912,0,1,0,3,1,TA,5,Typ,1,Detchd,1974.0,Unf,1,336,TA,TA,Y,0,0,0,0,0,WD,Normal,125000
RL,43.0,3182,Pave,Reg,Lvl,AllPub,Inside,Gtl,Blmngtn,Norm,Norm,TwnhsE,1Story,7,5,2005,2006,Gable,CompShg,VinylSd,VinylSd,16.0,Gd,TA,PConc,Gd,TA,Av,GLQ,16,Unf,0,1357,1373,GasA,Ex,Y,SBrkr,1555,0,1555,0,2,0,2,1,Gd,7,Typ,1,Attchd,2005.0,Fin,2,430,TA,TA,Y,143,20,0,0,0,WD,Normal,192500
RL,69.0,7851,Pave,Reg,Lvl,AllPub,Inside,Gtl,Gilbert,Norm,Norm,1Fam,2Story,6,5,2002,2002,Gable,CompShg,VinylSd,VinylSd,0.0,Gd,TA,PConc,Gd,TA,No,GLQ,625,Unf,0,235,860,GasA,Ex,Y,SBrkr,860,1100,1960,1,2,1,4,1,Gd,8,Typ,2,BuiltIn,2002.0,Fin,2,440,TA,TA,Y,288,48,0,0,0,WD,Normal,216500
RL,65.0,8773,Pave,Reg,Lvl,AllPub,FR2,Gtl,CollgCr,Norm,Norm,1Fam,1Story,7,5,2004,2004,Gable,CompShg,VinylSd,VinylSd,98.0,Gd,TA,PConc,Gd,TA,Av,GLQ,24,Unf,0,1390,1414,GasA,Ex,Y,SBrkr,1414,0,1414,0,2,0,3,1,Gd,6,Typ,0,Attchd,2004.0,RFn,2,494,TA,TA,Y,132,105,0,0,0,WD,Normal,185500
RL,69.0,9453,Pave,IR1,Lvl,AllPub,CulDSac,Gtl,SawyerW,RRNe,Norm,1Fam,2Story,7,7,1993,2003,Gable,CompShg,HdBoard,HdBoard,0.0,Gd,TA,PConc,Gd,TA,No,BLQ,402,Unf,0,594,996,GasA,Ex,Y,SBrkr,1014,730,1744,0,2,1,3,1,Gd,7,Typ,0,Attchd,1993.0,RFn,2,457,TA,TA,Y,370,70,0,0,0,WD,Normal,194500
RL,93.0,12030,Pave,Reg,Lvl,AllPub,Inside,Gtl,NridgHt,Norm,Norm,1Fam,1Story,8,5,2007,2007,Hip,CompShg,VinylSd,VinylSd,254.0,Ex,TA,PConc,Ex,TA,No,Unf,0,Unf,0,1694,1694,GasA,Ex,Y,SBrkr,1694,0,1694,0,2,0,3,1,Gd,7,Typ,0,Attchd,2007.0,Fin,3,818,TA,TA,Y,168,228,0,0,0,New,Partial,318000
RL,52.0,8741,Pave,Reg,Lvl,AllPub,Inside,Gtl,Edwards,Norm,Norm,1Fam,1.5Fin,6,4,1945,1950,Gable,CompShg,VinylSd,VinylSd,0.0,TA,TA,CBlock,TA,Fa,No,LwQ,94,Unf,0,641,735,GasA,TA,Y,FuseA,798,689,1487,0,1,1,3,1,TA,7,Typ,1,Detchd,1949.0,Unf,1,220,TA,TA,Y,0,140,0,0,0,WD,Normal,113000
FV,75.0,9000,Pave,Reg,Lvl,AllPub,Inside,Gtl,Somerst,Norm,Norm,1Fam,1Story,8,5,2008,2008,Gable,CompShg,VinylSd,VinylSd,36.0,Gd,TA,PConc,Gd,TA,Av,GLQ,1078,Unf,0,488,1566,GasA,Ex,Y,SBrkr,1566,0,1566,1,2,0,3,1,Gd,7,Typ,0,Attchd,2008.0,RFn,2,750,TA,TA,Y,144,168,0,0,0,WD,Normal,262500
RL,75.0,10762,Pave,Reg,Lvl,AllPub,Corner,Gtl,SawyerW,Norm,Norm,TwnhsE,2Story,6,6,1980,1980,Gable,CompShg,Plywood,Plywood,0.0,TA,TA,CBlock,Gd,TA,No,Unf,0,Unf,0,626,626,GasA,TA,Y,SBrkr,626,591,1217,0,1,1,3,1,TA,6,Typ,1,Attchd,1980.0,RFn,1,288,TA,TA,Y,0,28,0,0,0,WD,Normal,120000
RL,69.0,8880,Pave,IR1,Lvl,AllPub,Inside,Gtl,SawyerW,Norm,Norm,1Fam,2Story,7,5,1994,2002,Gable,CompShg,VinylSd,VinylSd,0.0,Gd,TA,PConc,Gd,TA,No,GLQ,695,Unf,0,253,948,GasA,Ex,Y,SBrkr,1222,888,2110,1,2,1,3,1,Gd,8,Typ,2,Attchd,1994.0,RFn,2,463,TA,TA,Y,0,130,0,0,0,WD,Normal,205000
RL,75.0,11310,Pave,Reg,Lvl,AllPub,Inside,Gtl,NAmes,Norm,Norm,1Fam,1Story,6,5,1954,1954,Hip,CompShg,Wd Sdng,BrkFace,0.0,TA,TA,CBlock,TA,TA,No,Unf,0,Unf,0,1367,1367,GasA,Ex,Y,SBrkr,1375,0,1375,0,1,0,2,1,TA,5,Typ,1,Attchd,1954.0,Unf,2,451,TA,TA,Y,0,30,0,0,0,WD,Normal,140000
RL,72.0,11317,Pave,Reg,Lvl,AllPub,Inside,Gtl,CollgCr,Norm,Norm,1Fam,2Story,7,5,2003,2003,Gable,CompShg,VinylSd,VinylSd,101.0,Gd,TA,PConc,Gd,TA,No,Unf,0,Unf,0,840,840,GasA,Ex,Y,SBrkr,840,828,1668,0,2,1,3,1,Gd,8,Typ,0,Attchd,2003.0,RFn,2,500,TA,TA,Y,144,68,0,0,0,WD,Normal,180000
RL,65.0,8366,Pave,IR1,Lvl,AllPub,Inside,Gtl,SawyerW,Norm,Norm,1Fam,2Story,6,5,2004,2004,Gable,CompShg,VinylSd,VinylSd,0.0,Gd,TA,PConc,Gd,TA,No,Unf,0,Unf,0,798,798,GasA,Ex,Y,SBrkr,798,842,1640,0,2,1,3,1,Gd,6,Typ,0,Attchd,2004.0,RFn,2,520,TA,TA,Y,138,45,0,0,0,WD,Normal,173000
RL,70.0,8400,Pave,Reg,Lvl,AllPub,Inside,Gtl,NAmes,Norm,Norm,1Fam,1Story,5,6,1957,1957,Gable,CompShg,MetalSd,MetalSd,0.0,TA,Gd,CBlock,TA,TA,No,Rec,922,Unf,0,392,1314,GasA,TA,Y,SBrkr,1314,0,1314,1,1,0,3,1,TA,5,Typ,0,Attchd,1957.0,RFn,1,294,TA,TA,Y,250,0,0,0,0,WD,Normal,145000
RL,66.0,8738,Pave,IR1,Lvl,AllPub,Inside,Gtl,Gilbert,Norm,Norm,1Fam,2Story,7,5,1999,1999,Gable,CompShg,VinylSd,VinylSd,302.0,Gd,TA,PConc,Gd,TA,No,Unf,0,Unf,0,975,975,GasA,Ex,Y,SBrkr,1005,1286,2291,0,2,1,4,1,Gd,8,Typ,1,BuiltIn,1999.0,Fin,2,429,TA,TA,Y,192,0,0,0,0,WD,Normal,230000
FV,64.0,8791,Pave,IR1,Lvl,AllPub,Inside,Gtl,Somerst,Norm,Norm,1Fam,2Story,6,5,2003,2003,Gable,CompShg,VinylSd,VinylSd,0.0,Gd,TA,PConc,Gd,TA,No,Rec,503,Unf,0,361,864,GasA,Ex,Y,SBrkr,864,864,1728,0,2,1,3,1,Gd,7,Typ,0,Attchd,2003.0,RFn,2,673,TA,TA,Y,216,56,0,0,0,WD,Normal,207500
RL,68.0,8814,Pave,Reg,Lvl,AllPub,Inside,Gtl,CollgCr,Norm,Norm,1Fam,1Story,7,5,2006,2006,Gable,CompShg,VinylSd,VinylSd,180.0,Gd,TA,PConc,Gd,TA,No,GLQ,1334,Unf,0,270,1604,GasA,Ex,Y,SBrkr,1604,0,1604,1,2,1,3,1,Gd,8,Typ,1,Attchd,2006.0,RFn,2,660,TA,TA,Y,123,110,0,0,0,WD,Abnorml,220000
RL,80.0,12435,Pave,Reg,Lvl,AllPub,Inside,Gtl,CollgCr,Norm,Norm,1Fam,2Story,7,5,2001,2001,Gable,CompShg,VinylSd,VinylSd,172.0,Gd,TA,PConc,Gd,TA,No,GLQ,361,Unf,0,602,963,GasA,Ex,Y,SBrkr,963,829,1792,0,2,1,3,1,Gd,7,Typ,1,Attchd,2001.0,RFn,2,564,TA,TA,Y,0,96,0,0,0,WD,Normal,231500
RM,70.0,12702,Pave,Reg,Lvl,AllPub,Inside,Gtl,OldTown,Norm,Norm,1Fam,1Story,5,5,1956,1956,Gable,CompShg,BrkFace,BrkFace,0.0,TA,TA,PConc,TA,TA,No,Unf,0,Unf,0,0,0,GasA,Gd,Y,FuseA,882,0,882,0,1,0,2,1,TA,4,Typ,0,Detchd,1956.0,Unf,1,308,TA,TA,Y,0,45,0,0,0,WD,Normal,97000
RL,69.0,9588,Pave,IR1,Lvl,AllPub,Inside,Gtl,CollgCr,Norm,Norm,1Fam,2Story,8,5,2007,2007,Gable,CompShg,CemntBd,CmentBd,270.0,Gd,TA,PConc,Ex,TA,No,Unf,0,Unf,0,1482,1482,GasA,Ex,Y,SBrkr,1482,1092,2574,0,2,1,3,1,Ex,10,Typ,1,BuiltIn,2007.0,Fin,3,868,TA,TA,Y,0,148,0,0,0,New,Partial,276000
RL,88.0,8471,Pave,IR1,Lvl,AllPub,Corner,Gtl,Sawyer,Norm,Norm,1Fam,SLvl,6,7,1977,1995,Gable,CompShg,HdBoard,Plywood,46.0,TA,TA,CBlock,Gd,Gd,Av,ALQ,506,Unf,0,0,506,GasA,TA,Y,SBrkr,1212,0,1212,1,1,0,3,1,TA,6,Typ,1,Attchd,1978.0,Unf,2,492,TA,TA,Y,292,12,0,0,0,WD,Normal,151000
RL,70.0,11207,Pave,IR1,HLS,AllPub,FR2,Gtl,Gilbert,Norm,Norm,1Fam,2Story,6,5,1997,1997,Gable,CompShg,VinylSd,VinylSd,0.0,TA,TA,PConc,Gd,TA,Av,GLQ,714,Unf,0,88,802,GasA,Gd,Y,SBrkr,802,709,1511,1,2,1,3,1,TA,8,Typ,1,Attchd,1997.0,Fin,2,413,TA,TA,Y,95,75,0,0,0,WD,Normal,185000
RL,69.0,7917,Pave,IR1,Lvl,AllPub,Corner,Gtl,Edwards,Norm,Norm,1Fam,1Story,6,7,1976,1976,Hip,CompShg,HdBoard,HdBoard,174.0,TA,Gd,CBlock,TA,Gd,No,BLQ,751,Unf,0,392,1143,GasA,TA,Y,SBrkr,1113,0,1113,1,1,1,3,1,TA,6,Typ,1,Attchd,1987.0,RFn,1,504,TA,Gd,Y,370,30,0,0,0,WD,Normal,148000
FV,84.0,10728,Pave,Reg,Lvl,AllPub,Inside,Gtl,Somerst,Norm,Norm,1Fam,2Story,8,5,2006,2006,Gable,CompShg,VinylSd,VinylSd,0.0,Gd,TA,PConc,Gd,TA,Mn,Unf,0,Unf,0,1095,1095,GasA,Gd,Y,SBrkr,1095,844,1939,0,2,1,3,1,Gd,8,Typ,1,Attchd,2006.0,RFn,3,1053,TA,TA,Y,192,51,0,0,0,New,Partial,266000
RL,92.0,11764,Pave,IR1,Lvl,AllPub,CulDSac,Gtl,NoRidge,Norm,Norm,1Fam,2Story,8,7,1999,2007,Gable,CompShg,VinylSd,VinylSd,348.0,Gd,TA,PConc,Gd,TA,No,GLQ,524,Unf,0,628,1152,GasA,Ex,Y,SBrkr,1164,1106,2270,0,2,1,4,1,Gd,9,Typ,1,Attchd,1999.0,Fin,3,671,TA,TA,Y,132,57,0,0,0,WD,Normal,290000
RL,76.0,8314,Pave,Reg,Lvl,AllPub,Corner,Gtl,Mitchel,Norm,Norm,1Fam,1Story,5,7,1982,1982,Gable,CompShg,HdBoard,ImStucc,0.0,TA,TA,CBlock,TA,TA,Gd,ALQ,546,Unf,0,270,816,GasA,TA,Y,SBrkr,816,0,816,0,1,0,2,1,TA,5,Typ,0,Attchd,1982.0,Unf,1,264,TA,TA,Y,168,0,0,0,0,WD,Normal,124500
RL,83.0,10005,Pave,Reg,Lvl,AllPub,Inside,Gtl,ClearCr,Norm,Norm,1Fam,2Story,7,5,1977,1977,Hip,CompShg,Plywood,Plywood,299.0,TA,TA,CBlock,Gd,TA,No,BLQ,392,Unf,0,768,1160,GasA,Ex,Y,SBrkr,1156,866,2022,0,2,1,4,1,TA,8,Typ,1,Attchd,1977.0,Fin,2,505,TA,TA,Y,288,117,0,0,0,WD,Normal,192000
RL,82.0,11287,Pave,Reg,Lvl,AllPub,Inside,Gtl,SawyerW,Norm,Norm,1Fam,2Story,7,6,1989,1989,Gable,CompShg,Plywood,Plywood,340.0,Gd,TA,CBlock,Gd,TA,Av,GLQ,421,Unf,0,386,807,GasA,Gd,Y,SBrkr,1175,807,1982,0,2,1,3,1,Gd,7,Typ,1,Attchd,1989.0,Fin,2,575,TA,TA,Y,0,84,0,0,0,WD,Normal,228500
FV,60.0,7200,Pave,Reg,Lvl,AllPub,Inside,Gtl,Somerst,Norm,Norm,1Fam,1Story,6,5,2006,2006,Gable,CompShg,VinylSd,VinylSd,68.0,Gd,TA,PConc,Gd,TA,No,GLQ,905,Unf,0,357,1262,GasA,Gd,Y,SBrkr,1262,0,1262,0,2,0,2,1,Gd,5,Typ,0,Attchd,2006.0,Fin,2,572,TA,TA,Y,0,120,0,0,0,New,Partial,185000
RL,34.0,5063,Pave,Reg,Lvl,AllPub,Inside,Gtl,NridgHt,Norm,Norm,Twnhs,1Story,7,5,2007,2008,Gable,CompShg,VinylSd,VinylSd,166.0,Gd,TA,PConc,Gd,TA,No,GLQ,904,Unf,0,410,1314,GasA,Ex,Y,SBrkr,1314,0,1314,1,2,0,2,1,Gd,6,Typ,1,Attchd,2008.0,RFn,2,626,TA,TA,Y,172,62,0,0,0,ConLw,Normal,207500
RL,74.0,9612,Pave,Reg,Lvl,AllPub,Inside,Gtl,Somerst,Feedr,Norm,1Fam,1Story,8,5,2008,2009,Gable,CompShg,VinylSd,VinylSd,72.0,Gd,TA,PConc,Gd,TA,No,Unf,0,Unf,0,1468,1468,GasA,Ex,Y,SBrkr,1468,0,1468,0,2,0,3,1,Gd,6,Typ,1,Attchd,2008.0,Fin,3,898,TA,TA,Y,210,150,0,0,0,New,Partial,244600
FV,35.0,4251,Pave,IR1,Lvl,AllPub,Inside,Gtl,Somerst,Norm,Norm,TwnhsE,2Story,7,5,2006,2007,Gable,CompShg,MetalSd,MetalSd,0.0,Gd,TA,PConc,Gd,TA,No,Unf,0,Unf,0,625,625,GasA,Ex,Y,SBrkr,625,625,1250,0,2,1,2,1,Gd,5,Typ,0,Detchd,2006.0,RFn,2,528,TA,TA,Y,0,54,0,0,0,New,Partial,164700
RL,69.0,8125,Pave,IR1,Lvl,AllPub,Corner,Gtl,NAmes,Norm,Norm,1Fam,1Story,4,4,1971,1971,Gable,CompShg,HdBoard,HdBoard,0.0,TA,TA,CBlock,TA,TA,No,BLQ,614,Unf,0,244,858,GasA,TA,Y,SBrkr,858,0,858,0,1,0,3,1,TA,5,Typ,0,Attchd,1980.0,Unf,0,0,TA,TA,Y,0,0,0,0,0,WD,Normal,88000
RL,69.0,9819,Pave,IR1,Lvl,AllPub,Inside,Gtl,Sawyer,Norm,Norm,1Fam,1Story,5,5,1967,1967,Gable,CompShg,MetalSd,MetalSd,31.0,TA,Gd,CBlock,TA,TA,No,BLQ,450,Unf,0,432,882,GasA,TA,Y,SBrkr,900,0,900,0,1,0,3,1,TA,5,Typ,0,Detchd,1970.0,Unf,1,280,TA,TA,Y,0,0,0,0,0,WD,Normal,122000
RL,69.0,16659,Pave,IR1,Lvl,AllPub,Corner,Gtl,NWAmes,PosA,Norm,1Fam,2Story,7,7,1977,1994,Gable,CompShg,Plywood,Plywood,34.0,TA,TA,CBlock,TA,TA,No,ALQ,795,Unf,0,0,795,GasA,Fa,Y,SBrkr,1468,795,2263,1,2,1,3,1,Gd,9,Typ,1,Attchd,1977.0,Fin,2,539,TA,TA,Y,0,250,0,0,0,WD,Normal,235000
RL,80.0,9600,Pave,Reg,Lvl,AllPub,Inside,Gtl,NAmes,Norm,Norm,1Fam,1Story,6,5,1953,1953,Hip,CompShg,HdBoard,HdBoard,238.0,TA,TA,CBlock,TA,TA,No,GLQ,1285,Unf,0,131,1416,GasA,TA,Y,SBrkr,1644,0,1644,1,1,0,3,1,TA,7,Typ,2,Attchd,1953.0,Fin,2,418,TA,TA,Y,110,0,0,0,0,WD,Normal,167000
RL,37.0,7937,Pave,IR1,Lvl,AllPub,CulDSac,Gtl,Mitchel,Norm,Norm,1Fam,SLvl,6,6,1984,1984,Gable,CompShg,HdBoard,HdBoard,0.0,TA,TA,CBlock,TA,TA,Av,GLQ,819,Unf,0,184,1003,GasA,TA,Y,SBrkr,1003,0,1003,1,1,0,3,1,TA,6,Typ,0,Detchd,1984.0,Unf,2,588,TA,TA,Y,120,0,0,0,0,WD,Normal,142500
RM,75.0,13710,Pave,Reg,Lvl,AllPub,Inside,Gtl,IDOTRR,Norm,Norm,1Fam,1.5Fin,5,5,1950,1950,Gable,CompShg,Wd Sdng,Wd Sdng,0.0,TA,TA,CBlock,TA,TA,No,BLQ,420,Unf,0,490,910,GasA,TA,Y,FuseA,910,648,1558,0,1,1,4,1,TA,6,Typ,0,Attchd,1950.0,Unf,1,282,TA,TA,Y,289,0,0,0,0,WD,Normal,152000
RL,66.0,16226,Pave,IR3,Lvl,AllPub,Inside,Gtl,CollgCr,Norm,Norm,1Fam,2Story,8,5,1998,1999,Gable,CompShg,VinylSd,VinylSd,0.0,Gd,TA,PConc,Gd,TA,No,GLQ,281,Unf,0,747,1028,GasA,Ex,Y,SBrkr,1210,1242,2452,0,2,1,4,1,Gd,9,Typ,1,BuiltIn,1998.0,Fin,2,683,TA,TA,Y,208,50,0,0,0,WD,Normal,267000
RL,70.0,9800,Pave,Reg,Lvl,AllPub,Corner,Gtl,CollgCr,Norm,Norm,1Fam,1Story,5,7,1972,1972,Gable,CompShg,VinylSd,VinylSd,0.0,TA,TA,PConc,TA,TA,No,ALQ,894,Unf,0,0,894,GasA,TA,Y,SBrkr,894,0,894,1,1,0,3,1,TA,5,Typ,0,Attchd,1975.0,Unf,2,552,TA,TA,Y,256,0,0,0,0,WD,Abnorml,149900
RL,80.0,10386,Pave,Reg,Lvl,AllPub,Inside,Gtl,CollgCr,Norm,Norm,1Fam,1Story,8,5,2004,2005,Gable,CompShg,CemntBd,CmentBd,246.0,Gd,TA,PConc,Gd,TA,No,GLQ,1464,Unf,0,536,2000,GasA,Ex,Y,SBrkr,2000,0,2000,1,2,0,3,1,Gd,8,Typ,0,Attchd,2004.0,Fin,3,888,TA,TA,Y,168,0,0,0,0,WD,Normal,305900
RM,69.0,7920,Pave,IR1,Lvl,AllPub,Inside,Gtl,IDOTRR,Artery,Norm,1Fam,1.5Fin,6,7,1920,1950,Gable,CompShg,MetalSd,MetalSd,0.0,TA,Fa,CBlock,TA,TA,No,Unf,0,Unf,0,319,319,GasA,TA,Y,FuseA,1035,371,1406,0,1,0,3,1,Fa,6,Typ,0,Attchd,1980.0,Unf,0,0,TA,TA,N,0,144,0,0,0,WD,Normal,89500
RL,69.0,12342,Pave,IR1,Lvl,AllPub,Inside,Gtl,Edwards,Norm,Norm,1Fam,1Story,4,5,1940,1950,Gable,CompShg,VinylSd,VinylSd,0.0,TA,TA,CBlock,TA,TA,No,BLQ,262,Unf,0,599,861,GasA,Ex,Y,SBrkr,861,0,861,0,1,0,1,1,TA,4,Typ,0,Detchd,1961.0,Unf,2,539,TA,TA,Y,158,0,0,0,0,WD,Normal,82500
RL,90.0,12378,Pave,IR1,Lvl,AllPub,Inside,Gtl,NridgHt,Norm,Norm,1Fam,1Story,9,5,2003,2004,Gable,CompShg,VinylSd,VinylSd,0.0,Gd,TA,PConc,Ex,TA,Gd,GLQ,1274,Unf,0,622,1896,GasA,Ex,Y,SBrkr,1944,0,1944,1,2,0,3,1,Ex,8,Typ,3,Attchd,2003.0,Fin,3,708,TA,TA,Y,208,175,0,0,0,WD,Normal,360000
RL,69.0,7685,Pave,IR1,Lvl,AllPub,Inside,Gtl,Gilbert,Norm,Norm,1Fam,2Story,6,5,1993,1994,Gable,CompShg,HdBoard,HdBoard,112.0,TA,TA,PConc,Gd,TA,No,ALQ,518,Unf,0,179,697,GasA,Gd,Y,SBrkr,697,804,1501,0,2,1,3,1,Gd,6,Typ,1,Attchd,1993.0,Fin,2,420,TA,TA,Y,190,63,0,0,0,WD,Normal,165600
RL,50.0,8000,Pave,Reg,Lvl,AllPub,Inside,Gtl,NAmes,Norm,Norm,1Fam,1Story,6,6,1948,2002,Gable,CompShg,VinylSd,VinylSd,0.0,TA,Gd,CBlock,TA,TA,No,ALQ,680,Unf,0,292,972,GasA,Ex,Y,SBrkr,972,0,972,1,1,0,2,1,TA,5,Typ,1,Detchd,1948.0,Unf,1,240,TA,TA,Y,0,0,0,0,0,WD,Normal,132000
RL,71.0,7795,Pave,IR1,Lvl,AllPub,Inside,Gtl,Gilbert,Norm,Norm,1Fam,2Story,7,5,2004,2005,Gable,CompShg,VinylSd,VinylSd,0.0,Gd,TA,PConc,Gd,TA,No,GLQ,425,Unf,0,291,716,GasA,Ex,Y,SBrkr,716,716,1432,1,2,1,3,1,Gd,6,Typ,1,Attchd,2004.0,Fin,2,432,TA,TA,Y,100,51,0,0,0,WD,Normal,188500
RL,94.0,13005,Pave,IR1,Lvl,AllPub,Corner,Gtl,NWAmes,Norm,Norm,1Fam,2Story,7,7,1980,1980,Gable,CompShg,CemntBd,CmentBd,278.0,Gd,TA,CBlock,Gd,TA,No,GLQ,692,Unf,0,153,845,GasA,TA,Y,SBrkr,1153,1200,2353,1,2,1,4,1,Ex,10,Typ,1,Attchd,1983.0,RFn,2,484,TA,TA,Y,288,195,0,0,0,WD,Normal,260000
FV,75.0,9000,Pave,Reg,Lvl,AllPub,Inside,Gtl,Somerst,Norm,Norm,1Fam,2Story,8,5,2006,2006,Gable,CompShg,VinylSd,VinylSd,0.0,Gd,TA,PConc,Gd,TA,Av,Unf,0,Unf,0,1088,1088,GasA,Ex,Y,SBrkr,1088,871,1959,0,2,1,3,1,Gd,8,Typ,1,Attchd,2006.0,RFn,3,1025,TA,TA,Y,208,46,0,0,0,WD,Normal,270000
RL,69.0,14115,Pave,Reg,Lvl,AllPub,Inside,Gtl,NWAmes,Norm,Norm,1Fam,SLvl,7,5,1980,1980,Gable,CompShg,Plywood,Plywood,225.0,TA,TA,CBlock,Gd,TA,Av,GLQ,1036,Unf,0,336,1372,GasA,TA,Y,SBrkr,1472,0,1472,1,2,0,3,1,TA,6,Typ,2,Attchd,1980.0,Unf,2,588,TA,TA,Y,233,48,0,0,0,WD,Normal,187500
RL,99.0,12099,Pave,IR1,Lvl,AllPub,Inside,Gtl,NridgHt,Norm,Norm,1Fam,2Story,8,5,2004,2004,Gable,CompShg,VinylSd,VinylSd,388.0,Gd,TA,PConc,Ex,TA,Av,GLQ,970,Unf,0,166,1136,GasA,Ex,Y,SBrkr,1136,1332,2468,1,2,1,4,1,Gd,10,Typ,1,BuiltIn,2004.0,Fin,3,872,TA,TA,Y,184,154,0,0,0,WD,Normal,354000
RL,96.0,11275,Pave,Reg,Lvl,AllPub,Corner,Gtl,NAmes,PosN,Norm,1Fam,SLvl,7,7,1967,2007,Mansard,WdShake,Wd Sdng,Wd Sdng,300.0,Gd,Gd,CBlock,Gd,TA,No,Unf,0,Unf,0,710,710,GasA,Ex,Y,SBrkr,1898,1080,2978,0,2,1,5,1,Gd,11,Typ,1,BuiltIn,1961.0,Fin,2,564,TA,TA,Y,240,0,0,0,0,WD,Normal,242000
RL,80.0,11600,Pave,Reg,Lvl,AllPub,Inside,Gtl,NAmes,Norm,Norm,1Fam,1Story,6,5,1960,1960,Hip,CompShg,Wd Sdng,Wd Sdng,175.0,TA,TA,CBlock,TA,TA,No,Rec,565,Unf,0,818,1383,GasA,TA,Y,SBrkr,1383,0,1383,0,1,1,3,1,TA,7,Typ,0,Attchd,1960.0,RFn,1,292,TA,TA,Y,0,45,0,0,0,WD,Normal,145250
RL,70.0,8176,Pave,Reg,Lvl,AllPub,Inside,Gtl,NAmes,Norm,Norm,1Fam,1Story,5,6,1958,1992,Gable,CompShg,Wd Sdng,Wd Sdng,0.0,TA,TA,CBlock,TA,TA,No,Rec,846,Unf,0,210,1056,GasA,Fa,Y,SBrkr,1056,0,1056,1,1,0,3,1,TA,6,Typ,0,Attchd,1958.0,RFn,1,308,TA,TA,Y,0,0,0,0,0,WD,Normal,139000
RM,59.0,8198,Pave,Reg,Lvl,AllPub,FR3,Gtl,NridgHt,Norm,Norm,TwnhsE,1Story,7,5,2004,2004,Gable,CompShg,VinylSd,VinylSd,146.0,Gd,TA,PConc,Gd,TA,Av,GLQ,720,Unf,0,638,1358,GasA,Ex,Y,SBrkr,1358,0,1358,1,2,0,2,1,Gd,6,Typ,1,Attchd,2004.0,RFn,2,484,TA,TA,Y,192,30,0,0,0,WD,Normal,207000
RL,59.0,9042,Pave,IR1,Lvl,AllPub,Inside,Gtl,Gilbert,Norm,Norm,1Fam,2Story,6,5,1998,1998,Gable,CompShg,VinylSd,VinylSd,0.0,TA,TA,PConc,Gd,TA,Gd,GLQ,828,Unf,0,115,943,GasA,Gd,Y,SBrkr,943,695,1638,1,2,1,3,1,TA,7,Typ,2,Attchd,1998.0,Fin,2,472,TA,TA,Y,100,38,0,0,0,WD,Normal,192000
RL,86.0,14157,Pave,IR1,HLS,AllPub,Corner,Gtl,StoneBr,Norm,Norm,1Fam,1Story,9,5,2005,2006,Hip,CompShg,VinylSd,VinylSd,200.0,Gd,TA,PConc,Ex,TA,Gd,GLQ,1249,Unf,0,673,1922,GasA,Ex,Y,SBrkr,1922,0,1922,1,2,0,3,1,Gd,8,Typ,1,Attchd,2005.0,Fin,3,676,TA,TA,Y,178,51,0,0,0,WD,Normal,377426
RL,70.0,9135,Pave,Reg,Lvl,AllPub,Inside,Gtl,CollgCr,Norm,Norm,1Fam,1Story,7,5,2002,2003,Gable,CompShg,VinylSd,VinylSd,113.0,Gd,TA,PConc,Gd,TA,Av,GLQ,810,Unf,0,726,1536,GasA,Ex,Y,SBrkr,1536,0,1536,1,2,0,3,1,Gd,7,Typ,0,Attchd,2002.0,RFn,2,532,TA,TA,Y,192,74,0,0,0,WD,Normal,214000
RL,91.0,14145,Pave,Reg,Lvl,AllPub,Corner,Gtl,NWAmes,Norm,Norm,1Fam,1Story,7,7,1984,1998,Gable,CompShg,Wd Sdng,Wd Sdng,0.0,Gd,TA,CBlock,Gd,TA,Mn,ALQ,213,Unf,0,995,1208,GasA,Ex,Y,SBrkr,1621,0,1621,1,2,0,3,1,Gd,8,Typ,0,Attchd,1984.0,RFn,2,440,TA,TA,Y,108,45,0,0,0,WD,Normal,202500
RL,85.0,14191,Pave,Reg,Lvl,AllPub,Inside,Gtl,Timber,Norm,Norm,1Fam,2Story,8,5,2002,2002,Gable,CompShg,VinylSd,VinylSd,0.0,Gd,TA,PConc,Gd,TA,No,Unf,0,Unf,0,967,967,GasA,Ex,Y,SBrkr,993,915,1908,0,2,1,4,1,Gd,9,Typ,0,Attchd,2002.0,Fin,2,431,TA,TA,Y,135,0,0,0,0,WD,Normal,202900
RL,69.0,8544,Pave,Reg,Lvl,AllPub,Inside,Gtl,NAmes,Norm,Norm,Duplex,1Story,3,4,1949,1950,Gable,CompShg,Stucco,Stucco,340.0,TA,TA,Slab,TA,TA,No,Unf,0,Unf,0,0,0,Wall,Fa,N,FuseA,1040,0,1040,0,2,0,2,2,TA,6,Typ,0,Detchd,1949.0,Unf,2,400,TA,TA,Y,0,0,0,0,0,WD,Normal,87500
RL,65.0,6435,Pave,Reg,Lvl,AllPub,Inside,Gtl,BrkSide,RRAn,Norm,1Fam,1.5Fin,6,5,1939,1950,Gable,CompShg,MetalSd,MetalSd,0.0,TA,TA,BrkTil,TA,TA,No,Unf,0,Unf,0,972,972,GasA,Gd,Y,SBrkr,972,605,1577,0,1,0,3,1,Fa,6,Typ,1,Detchd,1939.0,Unf,1,312,TA,TA,Y,0,0,0,0,0,WD,Normal,140200
RL,69.0,17600,Pave,IR1,Lvl,AllPub,Inside,Gtl,NAmes,Norm,Norm,1Fam,1Story,6,5,1960,1960,Gable,CompShg,Wd Sdng,Wd Sdng,30.0,TA,TA,CBlock,TA,TA,No,BLQ,1270,Unf,0,208,1478,GasA,Ex,Y,FuseA,1478,0,1478,1,2,0,3,1,TA,6,Typ,2,Attchd,1960.0,Unf,2,498,TA,TA,Y,0,40,0,0,0,WD,Normal,157500
RL,36.0,2448,Pave,Reg,Lvl,AllPub,Inside,Gtl,NridgHt,Norm,Norm,Twnhs,2Story,7,5,2003,2004,Gable,CompShg,VinylSd,Wd Shng,106.0,Gd,TA,PConc,Gd,TA,No,GLQ,573,Unf,0,191,764,GasA,Ex,Y,SBrkr,764,862,1626,1,2,1,2,1,Gd,6,Typ,0,BuiltIn,2003.0,RFn,2,474,TA,TA,Y,0,27,0,0,0,WD,Normal,154000
RL,68.0,7820,Pave,IR1,Lvl,AllPub,Inside,Gtl,NridgHt,Norm,Norm,TwnhsE,1Story,9,5,2007,2007,Hip,CompShg,MetalSd,MetalSd,362.0,Ex,TA,PConc,Ex,TA,No,Unf,0,Unf,0,1869,1869,GasA,Ex,Y,SBrkr,1869,0,1869,0,2,0,2,1,Ex,6,Typ,1,Attchd,2007.0,RFn,2,617,TA,TA,Y,210,54,0,0,0,New,Partial,318061
RL,69.0,9248,Pave,IR1,Lvl,AllPub,Inside,Gtl,Gilbert,Norm,Norm,1Fam,1Story,6,6,1992,1992,Gable,CompShg,HdBoard,HdBoard,106.0,TA,TA,PConc,Gd,TA,No,GLQ,560,Unf,0,598,1158,GasA,Gd,Y,SBrkr,1167,0,1167,1,2,0,3,1,Gd,6,Typ,0,Attchd,1992.0,RFn,2,400,TA,TA,Y,120,26,0,0,0,WD,Normal,173000
RM,44.0,4224,Pave,Reg,Lvl,AllPub,Inside,Gtl,MeadowV,Norm,Norm,TwnhsE,1Story,5,5,1976,1976,Gable,CompShg,CemntBd,CmentBd,0.0,TA,TA,PConc,Gd,TA,No,ALQ,874,Unf,0,268,1142,GasA,TA,Y,SBrkr,1142,0,1142,1,1,1,3,1,TA,6,Typ,1,Attchd,1976.0,Fin,2,528,TA,TA,Y,536,90,0,0,0,WD,Normal,134000
RL,69.0,9144,Pave,Reg,Lvl,AllPub,Inside,Gtl,BrkSide,Norm,Norm,1Fam,1.5Fin,5,5,1940,1982,Gable,CompShg,MetalSd,MetalSd,0.0,TA,TA,CBlock,TA,TA,No,Rec,399,Unf,0,484,883,GasA,Gd,Y,SBrkr,988,517,1505,1,1,0,3,1,TA,8,Typ,0,Detchd,1940.0,Unf,1,240,TA,TA,N,0,0,0,0,0,WD,Normal,145000
RL,69.0,18800,Pave,IR1,Lvl,AllPub,FR2,Gtl,NWAmes,Norm,Norm,1Fam,2Story,6,5,1976,1976,Gable,CompShg,HdBoard,HdBoard,120.0,TA,TA,PConc,Gd,TA,Mn,GLQ,712,Unf,0,84,796,GasA,TA,Y,SBrkr,790,784,1574,1,2,1,3,1,TA,6,Typ,1,Attchd,1976.0,Fin,2,566,TA,TA,Y,306,111,0,0,0,WD,Normal,190000
RL,78.0,7800,Pave,Reg,Lvl,AllPub,Inside,Gtl,NAmes,Norm,Norm,1Fam,1Story,5,6,1954,1954,Gable,CompShg,HdBoard,HdBoard,200.0,TA,TA,PConc,TA,TA,No,LwQ,540,Unf,0,728,1268,GasA,Gd,Y,SBrkr,1268,0,1268,0,1,0,2,1,TA,7,Typ,1,Attchd,1954.0,Fin,1,244,TA,TA,Y,0,98,0,0,0,WD,Normal,132000
RL,69.0,8121,Pave,IR1,Lvl,AllPub,Inside,Gtl,Gilbert,Norm,Norm,1Fam,2Story,6,5,2000,2000,Gable,CompShg,VinylSd,VinylSd,0.0,TA,TA,PConc,Gd,TA,No,Unf,0,Unf,0,953,953,GasA,Ex,Y,SBrkr,953,711,1664,0,2,1,3,1,TA,7,Typ,1,Attchd,2000.0,RFn,2,460,TA,TA,Y,100,40,0,0,0,WD,Normal,172400
RL,80.0,17120,Pave,Reg,Lvl,AllPub,Inside,Gtl,ClearCr,Feedr,Norm,1Fam,1.5Fin,4,4,1959,1959,Gable,CompShg,WdShing,Plywood,0.0,TA,TA,CBlock,TA,TA,No,Unf,0,Unf,0,0,0,GasA,TA,Y,SBrkr,1120,468,1588,0,2,0,4,1,TA,7,Min2,1,Detchd,1991.0,Fin,2,680,TA,TA,N,0,59,0,0,0,WD,Normal,134432
RL,65.0,8200,Pave,Reg,Lvl,AllPub,Inside,Gtl,CollgCr,Norm,Norm,1Fam,2Story,7,5,2003,2004,Gable,CompShg,VinylSd,VinylSd,0.0,Gd,TA,PConc,Gd,TA,No,Unf,0,Unf,0,847,847,GasA,Ex,Y,SBrkr,847,1081,1928,0,2,1,4,1,Gd,8,Typ,1,BuiltIn,2003.0,Fin,2,434,TA,TA,Y,100,48,0,0,0,WD,Normal,219500
RL,57.0,8846,Pave,IR1,Lvl,AllPub,CulDSac,Gtl,CollgCr,Norm,Norm,1Fam,SFoyer,5,5,1996,1996,Gable,CompShg,VinylSd,VinylSd,0.0,Gd,TA,PConc,Gd,TA,Av,GLQ,298,Unf,0,572,870,GasA,Ex,Y,SBrkr,914,0,914,0,1,0,2,1,TA,5,Typ,0,Detchd,1998.0,Unf,2,576,TA,TA,Y,0,0,0,0,0,WD,Normal,148000
FV,102.0,11143,Pave,IR1,Lvl,AllPub,Corner,Gtl,Somerst,Norm,Norm,1Fam,2Story,8,5,2004,2005,Gable,CompShg,CemntBd,CmentBd,0.0,Gd,TA,PConc,Gd,TA,No,Unf,0,Unf,0,1580,1580,GasA,Ex,Y,SBrkr,1580,886,2466,0,3,0,4,1,Gd,8,Typ,1,Attchd,2004.0,RFn,2,610,TA,TA,Y,159,214,0,0,0,WD,Normal,340000
RL,60.0,8123,Pave,IR1,Lvl,AllPub,Inside,Gtl,Gilbert,RRAn,Norm,1Fam,2Story,6,5,2000,2000,Gable,CompShg,VinylSd,VinylSd,16.0,TA,TA,PConc,Gd,TA,No,Unf,0,Unf,0,982,982,GasA,Ex,Y,SBrkr,1007,793,1800,0,2,1,3,1,TA,7,Typ,1,Attchd,2000.0,Fin,2,463,TA,TA,Y,100,63,0,0,0,WD,Normal,179000
FV,60.0,7200,Pave,Reg,Lvl,AllPub,Inside,Gtl,Somerst,Norm,Norm,1Fam,1Story,7,5,2006,2006,Gable,CompShg,VinylSd,VinylSd,0.0,Gd,TA,PConc,Gd,Gd,No,Unf,0,Unf,0,1293,1293,GasA,Ex,Y,SBrkr,1301,0,1301,1,2,0,2,1,Gd,5,Typ,1,Attchd,2006.0,RFn,2,572,TA,TA,Y,216,121,0,0,0,New,Partial,187750
RL,79.0,9245,Pave,IR1,Lvl,AllPub,Inside,Gtl,CollgCr,Norm,Norm,1Fam,2Story,7,5,2006,2006,Gable,CompShg,VinylSd,VinylSd,0.0,Gd,TA,PConc,Gd,TA,Av,Unf,0,Unf,0,939,939,GasA,Ex,Y,SBrkr,939,858,1797,0,2,1,3,1,Gd,8,Typ,0,Attchd,2006.0,RFn,2,639,TA,TA,Y,144,53,0,0,0,WD,Normal,213500
RL,69.0,53107,Pave,IR2,Low,AllPub,Corner,Mod,ClearCr,Feedr,Norm,1Fam,2Story,6,5,1992,1992,Gable,CompShg,HdBoard,HdBoard,0.0,Gd,TA,PConc,Gd,TA,Av,GLQ,985,Unf,0,595,1580,GasA,Ex,Y,SBrkr,1079,874,1953,1,2,1,3,1,Gd,9,Typ,2,Attchd,1992.0,Fin,2,501,TA,TA,Y,216,231,0,0,0,WD,Normal,240000
RL,72.0,7200,Pave,Reg,Lvl,AllPub,Inside,Gtl,Edwards,Norm,Norm,1Fam,SLvl,6,6,1976,1976,Hip,CompShg,MetalSd,MetalSd,255.0,TA,TA,CBlock,TA,TA,Av,ALQ,631,Unf,0,410,1041,GasA,Ex,Y,SBrkr,1125,0,1125,1,1,0,3,1,TA,6,Typ,1,Detchd,1977.0,Unf,1,352,TA,TA,Y,296,0,0,0,0,WD,Abnorml,125000
RL,93.0,9382,Pave,IR1,Lvl,AllPub,CulDSac,Gtl,CollgCr,Norm,Norm,1Fam,1Story,7,5,1999,2000,Gable,CompShg,VinylSd,VinylSd,125.0,Gd,TA,PConc,Gd,TA,No,Unf,0,Unf,0,1468,1468,GasA,Ex,Y,SBrkr,1479,0,1479,0,2,0,3,1,Gd,6,Typ,0,Attchd,1999.0,RFn,2,577,TA,TA,Y,120,25,0,0,0,WD,Normal,191000
RL,96.0,12474,Pave,Reg,Lvl,AllPub,Inside,Gtl,NridgHt,Norm,Norm,1Fam,2Story,10,5,2007,2008,Gable,CompShg,VinylSd,VinylSd,272.0,Ex,TA,PConc,Ex,TA,Av,GLQ,1280,Unf,0,402,1682,GasA,Ex,Y,SBrkr,1742,590,2332,1,2,1,3,1,Ex,9,Typ,1,BuiltIn,2008.0,Fin,3,846,TA,TA,Y,196,134,0,0,0,New,Partial,426000
RL,71.0,12209,Pave,IR1,Lvl,AllPub,CulDSac,Gtl,Mitchel,Norm,Norm,1Fam,2Story,6,5,2001,2002,Gable,CompShg,VinylSd,VinylSd,0.0,TA,TA,PConc,Ex,TA,No,ALQ,690,Unf,0,114,804,GasA,Ex,Y,SBrkr,804,1157,1961,1,2,1,3,1,Gd,7,Typ,1,BuiltIn,2001.0,Fin,2,560,TA,TA,Y,125,192,0,0,0,WD,Normal,215000
RL,69.0,8339,Pave,IR1,Lvl,AllPub,Inside,Gtl,NAmes,Norm,Norm,1Fam,1Story,5,7,1959,1959,Gable,CompShg,MetalSd,MetalSd,0.0,TA,TA,Slab,TA,TA,No,Unf,0,Unf,0,0,0,GasA,TA,Y,SBrkr,882,0,882,0,1,0,3,1,TA,5,Typ,0,Attchd,1959.0,RFn,1,294,TA,TA,Y,0,0,0,0,0,WD,Normal,106500
RL,69.0,7446,Pave,Reg,Lvl,AllPub,Corner,Gtl,BrkSide,Feedr,Norm,1Fam,1Story,4,5,1941,1950,Gable,CompShg,WdShing,Wd Shng,0.0,TA,TA,CBlock,TA,TA,No,Rec,266,Unf,0,522,788,GasA,TA,Y,FuseA,788,0,788,0,1,0,2,1,TA,4,Typ,2,Attchd,1980.0,Unf,0,0,TA,TA,Y,0,0,0,0,0,WD,Abnorml,100000
RL,60.0,10134,Pave,Reg,Lvl,AllPub,Inside,Gtl,OldTown,Norm,Norm,1Fam,1.5Fin,5,6,1940,1950,Gable,CompShg,MetalSd,MetalSd,0.0,TA,TA,CBlock,TA,TA,No,Unf,0,Unf,0,735,735,GasA,Gd,Y,FuseA,735,299,1034,0,1,0,2,1,TA,5,Typ,0,Detchd,1940.0,Unf,1,240,TA,TA,Y,0,39,0,0,0,WD,Normal,109000
RL,68.0,9571,Pave,Reg,Lvl,AllPub,Inside,Gtl,Edwards,Norm,Norm,1Fam,1Story,5,6,1956,1956,Gable,CompShg,Wd Sdng,Wd Sdng,0.0,TA,TA,CBlock,TA,TA,Av,BLQ,739,Unf,0,405,1144,GasA,TA,Y,SBrkr,1144,0,1144,1,1,0,3,1,TA,6,Typ,0,Attchd,1956.0,Unf,1,596,TA,TA,Y,44,0,0,0,0,WD,Normal,129000
RL,60.0,7200,Pave,Reg,Low,AllPub,Inside,Gtl,CollgCr,Norm,Norm,1Fam,1Story,5,5,1972,1972,Hip,CompShg,MetalSd,MetalSd,0.0,TA,TA,CBlock,TA,TA,Av,Rec,777,Unf,0,117,894,GasA,TA,Y,SBrkr,894,0,894,0,1,0,2,1,TA,6,Typ,0,Detchd,1985.0,RFn,2,600,TA,TA,Y,215,0,0,0,0,WD,Normal,123000
RL,69.0,7590,Pave,Reg,Lvl,AllPub,Inside,Gtl,NAmes,PosN,Norm,1Fam,2Story,5,5,1962,1962,Gable,CompShg,VinylSd,VinylSd,288.0,TA,TA,CBlock,TA,TA,No,ALQ,540,Unf,0,324,864,GasA,TA,Y,SBrkr,876,936,1812,0,2,0,4,1,TA,8,Typ,1,Attchd,1962.0,RFn,1,264,TA,TA,Y,0,168,0,0,0,WD,Normal,169500
FV,65.0,8125,Pave,Reg,Lvl,AllPub,Inside,Gtl,Somerst,Norm,Norm,1Fam,2Story,7,5,2006,2007,Gable,CompShg,CemntBd,CmentBd,100.0,Gd,TA,PConc,Gd,TA,No,GLQ,812,Unf,0,280,1092,GasA,Ex,Y,SBrkr,1112,438,1550,1,2,0,2,1,Gd,7,Typ,0,Attchd,2007.0,Fin,2,438,TA,TA,Y,0,168,0,0,0,WD,Normal,241000
RL,65.0,8767,Pave,IR1,Lvl,AllPub,Inside,Gtl,CollgCr,Norm,Norm,1Fam,1Story,7,5,2005,2005,Gable,CompShg,VinylSd,VinylSd,0.0,Gd,TA,PConc,Gd,TA,Av,GLQ,24,Unf,0,1286,1310,GasA,Ex,Y,SBrkr,1310,0,1310,0,2,0,3,1,Gd,6,Typ,1,Attchd,2005.0,Fin,2,400,TA,TA,Y,0,0,0,0,0,New,Partial,164990
RL,69.0,10364,Pave,IR1,Lvl,AllPub,Inside,Gtl,Gilbert,Norm,Norm,1Fam,2Story,6,5,1995,1996,Gable,CompShg,MetalSd,MetalSd,0.0,TA,TA,PConc,Gd,TA,No,Unf,0,Unf,0,806,806,GasA,Gd,Y,SBrkr,806,766,1572,0,2,1,3,1,TA,7,Typ,1,BuiltIn,1995.0,Fin,2,373,TA,TA,Y,0,40,0,0,0,WD,Normal,168000
RL,69.0,9991,Pave,IR1,Lvl,AllPub,Corner,Gtl,Sawyer,Feedr,Norm,1Fam,1Story,4,4,1976,1993,Gable,CompShg,Plywood,Plywood,0.0,TA,TA,CBlock,TA,TA,No,BLQ,1116,Unf,0,165,1281,GasA,Ex,Y,SBrkr,1620,0,1620,1,2,0,3,1,TA,8,Min1,1,Attchd,1993.0,Unf,2,490,TA,TA,Y,120,78,0,0,0,WD,Normal,150000
RL,51.0,10480,Pave,Reg,Lvl,AllPub,Inside,Gtl,SWISU,Norm,Norm,1Fam,1.5Fin,6,5,1936,1950,Gable,CompShg,MetalSd,MetalSd,0.0,TA,TA,BrkTil,TA,TA,No,Unf,0,Unf,0,1064,1064,GasA,Ex,Y,FuseA,1166,0,1639,0,1,0,3,1,TA,6,Maj2,0,Detchd,1936.0,Unf,1,240,TA,TA,Y,0,0,0,0,0,WD,Normal,115000
FV,85.0,10800,Pave,Reg,Lvl,AllPub,Inside,Gtl,Somerst,Norm,Norm,1Fam,2Story,8,5,2007,2008,Gable,CompShg,VinylSd,VinylSd,100.0,Gd,TA,PConc,Ex,TA,No,GLQ,789,Unf,0,245,1034,GasA,Ex,Y,SBrkr,1050,1028,2078,1,2,1,3,1,Ex,8,Typ,1,Attchd,2008.0,Fin,3,836,TA,TA,Y,0,102,0,0,0,New,Partial,339750
FV,69.0,4403,Pave,IR2,Lvl,AllPub,Inside,Gtl,Somerst,Norm,Norm,1Fam,1Story,7,5,2009,2009,Gable,CompShg,MetalSd,MetalSd,432.0,Ex,TA,PConc,Ex,TA,Av,GLQ,578,Unf,0,892,1470,GasA,Ex,Y,SBrkr,1478,0,1478,1,2,1,2,1,Gd,7,Typ,1,Attchd,2009.0,Fin,2,484,TA,TA,Y,0,144,0,0,0,New,Partial,222000
RL,73.0,8899,Pave,IR1,Lvl,AllPub,Inside,Gtl,Gilbert,Norm,Norm,1Fam,1Story,7,5,2007,2007,Gable,CompShg,VinylSd,VinylSd,0.0,Gd,TA,PConc,Gd,TA,Av,GLQ,24,Unf,0,1316,1340,GasA,Ex,Y,SBrkr,1340,0,1340,0,2,0,3,1,Gd,6,Typ,0,Attchd,2007.0,Fin,2,396,TA,TA,Y,100,30,0,0,0,New,Partial,181134
RL,74.0,7844,Pave,Reg,Lvl,AllPub,Inside,Gtl,Sawyer,Norm,Norm,1Fam,2Story,6,7,1978,1978,Hip,CompShg,HdBoard,HdBoard,203.0,TA,TA,CBlock,TA,TA,No,ALQ,209,Unf,0,463,672,GasA,TA,Y,SBrkr,672,728,1400,0,1,1,3,1,TA,6,Typ,1,Attchd,1978.0,Fin,2,440,TA,TA,Y,0,0,0,0,0,WD,Normal,149500
RL,86.0,22420,Pave,IR1,Lvl,AllPub,Inside,Gtl,Crawfor,Feedr,Norm,1Fam,2Story,6,6,1918,1950,Hip,CompShg,Wd Sdng,Stucco,0.0,TA,TA,BrkTil,Gd,TA,No,BLQ,1128,Unf,0,242,1370,GasW,TA,N,FuseA,1370,1254,2624,1,2,1,4,1,TA,10,Typ,1,Detchd,1918.0,Unf,3,864,TA,TA,N,0,0,0,0,0,WD,Normal,239000
RL,60.0,8160,Pave,Reg,Lvl,AllPub,Inside,Gtl,Edwards,Norm,Norm,1Fam,1.5Fin,5,6,1940,1950,Gable,CompShg,MetalSd,MetalSd,0.0,TA,TA,BrkTil,TA,TA,No,ALQ,312,Unf,0,444,756,GasA,Fa,N,FuseF,756,378,1134,1,1,1,3,1,TA,7,Typ,0,Detchd,1940.0,Unf,1,240,TA,TA,P,0,0,0,0,0,WD,AdjLand,126000
RM,78.0,7060,Pave,Reg,Lvl,AllPub,Inside,Gtl,Mitchel,Norm,Norm,Duplex,SFoyer,7,5,1997,1998,Gable,CompShg,VinylSd,VinylSd,200.0,TA,Gd,PConc,Gd,Gd,Gd,GLQ,1309,Unf,0,35,1344,GasA,Ex,Y,SBrkr,1344,0,1344,2,2,0,2,2,TA,8,Typ,0,Attchd,1997.0,Fin,4,784,TA,TA,Y,0,0,0,0,0,WD,Alloca,206300
RL,100.0,21750,Pave,Reg,HLS,AllPub,Inside,Mod,Mitchel,Artery,Norm,1Fam,1Story,5,5,1954,1954,Hip,CompShg,HdBoard,HdBoard,0.0,TA,TA,CBlock,TA,TA,No,Unf,0,Unf,0,988,988,GasA,Ex,Y,FuseA,988,0,988,0,1,0,2,1,TA,4,Typ,0,Attchd,1954.0,RFn,2,520,TA,TA,N,0,0,0,0,0,WD,Normal,113000
RL,72.0,9000,Pave,Reg,Lvl,AllPub,Inside,Gtl,NAmes,Norm,Norm,1Fam,1Story,6,5,1956,1956,Gable,CompShg,Wd Sdng,Wd Sdng,74.0,TA,TA,CBlock,Gd,TA,No,LwQ,616,Unf,0,580,1196,GasA,Gd,Y,FuseA,1196,0,1196,1,1,0,2,1,TA,6,Typ,1,Attchd,1956.0,RFn,1,297,TA,TA,Y,0,44,0,0,0,WD,Normal,139000
RL,77.0,8593,Pave,IR1,Lvl,AllPub,Inside,Gtl,NAmes,Norm,Norm,1Fam,1Story,4,6,1957,1957,Hip,CompShg,MetalSd,MetalSd,0.0,TA,TA,CBlock,TA,TA,No,Rec,288,Unf,0,619,907,GasA,Ex,Y,SBrkr,907,0,907,0,1,0,3,1,TA,5,Typ,0,Detchd,1964.0,Unf,1,352,TA,TA,Y,0,0,0,0,0,WD,Normal,109008
RL,64.0,6762,Pave,Reg,Lvl,AllPub,Inside,Gtl,CollgCr,Norm,Norm,1Fam,1Story,7,5,2007,2007,Gable,CompShg,VinylSd,VinylSd,108.0,Gd,TA,PConc,Gd,TA,No,GLQ,664,Unf,0,544,1208,GasA,Ex,Y,SBrkr,1208,0,1208,1,2,0,2,1,Gd,6,Typ,0,Attchd,2007.0,RFn,2,628,TA,TA,Y,105,54,0,0,0,New,Partial,195400
RM,60.0,5586,Pave,IR1,Bnk,AllPub,Inside,Gtl,OldTown,Feedr,Norm,1Fam,1.5Fin,6,7,1920,1998,Gable,CompShg,MetalSd,MetalSd,0.0,TA,TA,BrkTil,TA,TA,No,Unf,0,Unf,0,901,901,GasA,Gd,Y,SBrkr,1088,110,1198,0,1,0,4,1,TA,7,Typ,0,Attchd,1980.0,Unf,0,0,TA,TA,N,0,98,0,0,0,ConLD,Abnorml,79900
RL,100.0,10839,Pave,IR1,Lvl,AllPub,Corner,Gtl,Gilbert,Norm,Norm,1Fam,2Story,6,5,1997,1998,Gable,CompShg,VinylSd,VinylSd,0.0,TA,TA,PConc,Gd,TA,No,Unf,0,Unf,0,926,926,GasA,Ex,Y,SBrkr,926,678,1604,0,2,1,3,1,TA,7,Typ,1,Attchd,1997.0,Fin,2,470,TA,TA,Y,0,36,0,0,0,WD,Normal,181000
RL,92.0,12108,Pave,Reg,Lvl,AllPub,Inside,Gtl,Edwards,Norm,Norm,Duplex,1Story,4,4,1955,1955,Gable,CompShg,VinylSd,VinylSd,270.0,TA,TA,CBlock,TA,TA,No,ALQ,133,Unf,0,1307,1440,GasA,TA,N,FuseF,1440,0,1440,0,2,0,4,2,Fa,8,Typ,0,Attchd,1980.0,Unf,0,0,TA,TA,Y,0,0,0,0,0,WD,Normal,118000
RM,52.0,6240,Pave,Reg,Lvl,AllPub,Inside,Gtl,BrkSide,Norm,Norm,1Fam,1.5Fin,5,7,1930,1992,Gable,CompShg,MetalSd,MetalSd,0.0,TA,TA,PConc,TA,TA,No,Unf,0,Unf,0,1078,1078,GasA,TA,Y,SBrkr,1128,445,1573,0,2,0,3,1,TA,8,Typ,1,Detchd,1930.0,Unf,2,360,TA,TA,P,0,0,0,0,0,WD,Normal,162900
RL,53.0,3922,Pave,Reg,Lvl,AllPub,Inside,Gtl,Blmngtn,Norm,Norm,TwnhsE,1Story,7,5,2006,2007,Gable,CompShg,WdShing,Wd Shng,72.0,Gd,TA,PConc,Ex,TA,Av,Unf,0,Unf,0,1258,1258,GasA,Ex,Y,SBrkr,1258,0,1258,0,2,0,2,1,Gd,6,Typ,1,Attchd,2007.0,Fin,3,648,TA,TA,Y,144,16,0,0,0,New,Partial,172500
RL,70.0,8750,Pave,Reg,Lvl,AllPub,Inside,Gtl,CollgCr,Norm,Norm,1Fam,2Story,7,5,1994,1995,Gable,CompShg,VinylSd,VinylSd,0.0,Gd,Gd,PConc,Gd,TA,No,GLQ,642,Unf,0,273,915,GasA,Ex,Y,SBrkr,933,975,1908,1,2,1,4,1,Gd,8,Typ,1,Attchd,1994.0,Unf,2,493,TA,TA,Y,144,133,0,0,0,WD,Normal,210000
RL,73.0,9855,Pave,Reg,Lvl,AllPub,Corner,Gtl,Edwards,Norm,Norm,1Fam,1Story,6,5,1956,1956,Hip,CompShg,Wd Sdng,Wd Sdng,0.0,TA,TA,CBlock,TA,TA,No,Unf,0,Unf,0,1436,1436,GasA,Fa,Y,SBrkr,1689,0,1689,0,1,0,3,1,TA,7,Typ,1,Attchd,1956.0,Unf,2,480,TA,TA,Y,0,0,0,0,0,COD,Normal,127500
RL,69.0,11214,Pave,IR1,Lvl,AllPub,Corner,Gtl,Gilbert,Norm,Norm,1Fam,2Story,7,5,1998,1999,Gable,CompShg,VinylSd,VinylSd,0.0,Gd,TA,PConc,Gd,TA,No,Unf,0,Unf,0,930,930,GasA,Gd,Y,SBrkr,956,930,1886,0,2,1,4,1,Gd,10,Typ,1,Attchd,1998.0,Fin,2,431,TA,TA,Y,89,0,0,0,0,WD,Normal,199900
RM,50.0,8600,Pave,Reg,Bnk,AllPub,Inside,Gtl,IDOTRR,Norm,Norm,1Fam,1.5Fin,6,6,1937,1950,Gable,CompShg,MetalSd,MetalSd,0.0,TA,TA,BrkTil,TA,TA,No,Unf,0,Unf,0,780,780,GasA,TA,Y,SBrkr,780,596,1376,0,2,0,3,1,TA,7,Typ,1,Detchd,1937.0,Unf,1,198,TA,TA,N,0,0,0,0,0,WD,Normal,119500
RM,50.0,6000,Pave,Reg,Lvl,AllPub,Inside,Gtl,OldTown,Norm,Norm,1Fam,1.5Fin,3,7,1948,2002,Gable,CompShg,MetalSd,MetalSd,0.0,TA,Gd,CBlock,TA,TA,No,ALQ,331,Unf,0,318,649,GasA,Ex,Y,SBrkr,679,504,1183,0,1,1,2,1,TA,6,Typ,0,Detchd,1981.0,Unf,1,308,TA,TA,Y,0,176,0,0,0,WD,Normal,120000
RL,62.0,70761,Pave,IR1,Low,AllPub,Inside,Mod,ClearCr,Norm,Norm,1Fam,1Story,7,5,1975,1975,Gable,WdShngl,Plywood,Plywood,0.0,TA,TA,CBlock,Gd,TA,Gd,ALQ,655,Unf,0,878,1533,GasA,TA,Y,SBrkr,1533,0,1533,1,2,0,2,1,Gd,5,Typ,2,Attchd,1975.0,Unf,2,576,TA,TA,Y,200,54,0,0,0,WD,Normal,280000
RL,69.0,9303,Pave,IR1,Lvl,AllPub,Corner,Gtl,Timber,Norm,Norm,1Fam,2Story,6,5,1996,1997,Hip,CompShg,VinylSd,VinylSd,42.0,Gd,TA,PConc,Ex,TA,No,ALQ,742,Unf,0,130,872,GasA,Ex,Y,SBrkr,888,868,1756,1,2,1,3,1,TA,7,Typ,0,Attchd,1996.0,Fin,2,422,TA,TA,Y,144,122,0,0,0,WD,Normal,204000
FV,75.0,9000,Pave,Reg,Lvl,AllPub,Inside,Gtl,Somerst,Norm,Norm,1Fam,2Story,8,5,2008,2008,Gable,CompShg,VinylSd,VinylSd,0.0,Gd,TA,PConc,Gd,TA,No,Unf,0,Unf,0,768,768,GasA,Ex,Y,SBrkr,786,804,1590,0,2,1,3,1,Gd,6,Typ,0,Attchd,2008.0,RFn,2,676,TA,TA,Y,0,30,0,0,0,WD,Normal,210000
RL,63.0,9297,Pave,Reg,Lvl,AllPub,Inside,Gtl,Mitchel,Norm,Norm,Duplex,1Story,5,5,1976,1976,Gable,CompShg,Plywood,Plywood,0.0,TA,TA,CBlock,TA,TA,No,ALQ,1606,Unf,0,122,1728,GasA,TA,Y,SBrkr,1728,0,1728,2,2,0,4,2,TA,8,Typ,0,Detchd,1976.0,Unf,2,560,TA,TA,Y,0,0,0,0,0,WD,Family,188000
RL,80.0,9600,Pave,Reg,Lvl,AllPub,Inside,Gtl,NWAmes,Norm,Norm,1Fam,1Story,7,6,1973,1973,Hip,CompShg,HdBoard,HdBoard,320.0,TA,TA,CBlock,TA,TA,No,ALQ,916,Unf,0,326,1242,GasA,Fa,Y,SBrkr,1242,0,1242,0,1,1,3,1,TA,6,Typ,1,Attchd,1973.0,Unf,2,528,TA,TA,Y,0,0,0,0,0,WD,Normal,175500
RL,69.0,53227,Pave,IR1,Low,AllPub,CulDSac,Mod,ClearCr,Norm,Norm,1Fam,1Story,4,6,1954,1994,Flat,Tar&Grv,Plywood,Plywood,0.0,TA,TA,CBlock,Gd,TA,Gd,BLQ,1116,Unf,0,248,1364,GasA,Ex,Y,SBrkr,1663,0,1663,1,1,0,2,1,Gd,6,Min1,2,Attchd,1954.0,Fin,2,529,TA,TA,Y,224,137,0,0,0,WD,Normal,256000
RM,69.0,5100,Pave,Reg,Lvl,AllPub,Inside,Gtl,OldTown,Norm,Norm,1Fam,2Story,8,7,1925,1996,Hip,CompShg,Stucco,Wd Shng,0.0,TA,Gd,PConc,TA,TA,No,Unf,0,Unf,0,588,588,GasA,Fa,Y,SBrkr,833,833,1666,0,1,0,3,1,Gd,7,Typ,1,Detchd,1925.0,Unf,1,228,TA,TA,Y,192,63,0,0,0,WD,Normal,161000
FV,75.0,8004,Pave,IR1,Lvl,AllPub,Inside,Gtl,Somerst,RRAn,Norm,1Fam,2Story,8,5,2009,2009,Gable,CompShg,VinylSd,VinylSd,110.0,Gd,TA,PConc,Gd,TA,No,GLQ,544,Unf,0,288,832,GasA,Ex,Y,SBrkr,832,1103,1935,1,2,1,3,1,TA,8,Typ,0,BuiltIn,2009.0,Fin,2,552,TA,TA,Y,0,150,0,0,0,New,Partial,263435
RL,74.0,11988,Pave,IR1,HLS,AllPub,Inside,Mod,Crawfor,Norm,Norm,1Fam,2Story,6,7,1934,1995,Hip,CompShg,Stucco,Stucco,0.0,TA,TA,CBlock,TA,TA,No,LwQ,326,Unf,0,389,715,GasA,Fa,Y,FuseA,849,811,1660,0,1,1,3,1,TA,6,Typ,1,Detchd,1939.0,Unf,1,240,TA,TA,Y,0,0,0,0,0,WD,Normal,188700
RL,60.0,8430,Pave,Reg,HLS,AllPub,Inside,Mod,CollgCr,Norm,Norm,1Fam,1Story,5,5,1978,1978,Gable,CompShg,HdBoard,HdBoard,136.0,TA,TA,CBlock,Gd,TA,No,Rec,616,Unf,0,424,1040,GasA,TA,Y,SBrkr,1040,0,1040,0,2,0,3,1,TA,5,Typ,0,Attchd,1980.0,Unf,0,0,TA,TA,Y,0,0,0,0,0,WD,Normal,124000
RM,69.0,3072,Pave,Reg,Lvl,AllPub,Inside,Gtl,Blmngtn,Norm,Norm,TwnhsE,1Story,7,5,2004,2004,Hip,CompShg,VinylSd,VinylSd,18.0,Gd,TA,PConc,Gd,TA,No,Unf,0,Unf,0,1375,1375,GasA,Ex,Y,SBrkr,1414,0,1414,0,2,0,2,1,Gd,6,Typ,1,Attchd,2004.0,Fin,2,398,TA,TA,Y,144,20,0,0,0,WD,Normal,178740
RL,79.0,9480,Pave,Reg,Lvl,AllPub,Inside,Gtl,NAmes,Artery,Norm,1Fam,2Story,5,7,1942,1995,Gable,CompShg,MetalSd,MetalSd,224.0,TA,TA,CBlock,TA,TA,No,LwQ,386,Unf,0,342,728,GasA,Ex,Y,SBrkr,888,756,1644,0,1,1,3,1,Gd,7,Typ,2,Attchd,1942.0,Unf,1,312,TA,TA,Y,168,0,0,0,0,WD,Normal,146500
RL,98.0,11428,Pave,IR1,Lvl,AllPub,Inside,Gtl,NridgHt,Norm,Norm,1Fam,1Story,8,5,2006,2006,Gable,CompShg,VinylSd,VinylSd,248.0,Gd,TA,PConc,Gd,TA,No,Unf,0,Unf,0,1626,1626,GasA,Ex,Y,SBrkr,1634,0,1634,0,2,0,3,1,Gd,7,Typ,1,Attchd,2006.0,RFn,3,866,TA,TA,Y,0,44,0,0,0,WD,Normal,250000
RL,76.0,9291,Pave,IR1,Lvl,AllPub,Corner,Gtl,SawyerW,RRNe,Norm,1Fam,2Story,6,5,1993,1993,Gable,CompShg,HdBoard,HdBoard,120.0,Gd,TA,PConc,Gd,TA,No,GLQ,426,Unf,0,406,832,GasA,Ex,Y,SBrkr,832,878,1710,0,2,1,3,1,Gd,7,Typ,0,Attchd,1993.0,RFn,2,506,TA,TA,Y,144,70,0,0,0,WD,Normal,187000
RL,41.0,5330,Pave,Reg,Lvl,AllPub,Inside,Gtl,StoneBr,Norm,Norm,TwnhsE,1Story,8,5,2000,2000,Gable,CompShg,CemntBd,CmentBd,0.0,Gd,TA,PConc,Gd,TA,Av,GLQ,1196,Unf,0,298,1494,GasA,Ex,Y,SBrkr,1652,0,1652,1,2,0,2,1,Ex,6,Typ,0,Attchd,2000.0,RFn,2,499,TA,TA,Y,96,48,0,0,0,WD,Normal,251000
RL,75.0,13125,Pave,Reg,Lvl,AllPub,Inside,Mod,CollgCr,Norm,Norm,1Fam,1Story,6,5,1997,1998,Gable,CompShg,VinylSd,VinylSd,215.0,TA,TA,PConc,Gd,TA,Gd,GLQ,994,Unf,0,484,1478,GasA,Ex,Y,SBrkr,1493,0,1493,1,2,0,3,1,Gd,7,Typ,1,Attchd,1997.0,Fin,2,508,TA,TA,Y,140,39,0,0,0,WD,Normal,208900
RL,79.0,10637,Pave,Reg,Lvl,AllPub,Inside,Gtl,CollgCr,Norm,Norm,1Fam,1Story,8,5,2007,2008,Hip,CompShg,VinylSd,VinylSd,336.0,Gd,TA,PConc,Ex,TA,Gd,GLQ,1288,Unf,0,417,1705,GasA,Ex,Y,SBrkr,1718,0,1718,1,2,0,3,1,Gd,7,Typ,1,Attchd,2007.0,RFn,3,826,TA,TA,Y,208,44,0,0,0,WD,Normal,297000
RM,50.0,5925,Pave,Reg,Bnk,AllPub,Inside,Gtl,OldTown,Norm,Norm,1Fam,1Story,4,7,1937,2000,Hip,CompShg,Stucco,Stucco,435.0,TA,TA,BrkTil,Fa,TA,No,Rec,168,Unf,0,739,907,GasA,TA,Y,SBrkr,1131,0,1131,0,1,0,2,1,TA,7,Typ,0,Detchd,1995.0,Unf,2,672,TA,TA,Y,0,72,0,0,0,WD,Alloca,89471
RL,98.0,16033,Pave,IR1,Lvl,AllPub,FR2,Gtl,NridgHt,Norm,Norm,1Fam,1Story,9,5,2004,2005,Hip,CompShg,VinylSd,VinylSd,378.0,Gd,TA,PConc,Ex,TA,Gd,GLQ,1261,Unf,0,572,1833,GasA,Ex,Y,SBrkr,1850,0,1850,1,2,0,3,1,Gd,8,Typ,1,Attchd,2004.0,Fin,3,772,TA,TA,Y,519,112,0,0,0,WD,Normal,326000
RL,69.0,7758,Pave,IR1,Lvl,AllPub,Corner,Gtl,Sawyer,Norm,Norm,1Fam,1Story,5,7,1962,2001,Gable,CompShg,HdBoard,Plywood,0.0,TA,Gd,CBlock,TA,TA,No,ALQ,588,Unf,0,411,999,GasA,Gd,Y,SBrkr,999,0,999,1,1,0,3,1,Gd,6,Typ,0,Detchd,1963.0,Unf,1,264,TA,TA,Y,0,132,0,0,0,WD,Normal,132500
RL,79.0,10289,Pave,Reg,Lvl,AllPub,Inside,Gtl,NAmes,Norm,Norm,1Fam,1Story,5,7,1965,1965,Hip,CompShg,MetalSd,MetalSd,168.0,TA,TA,CBlock,TA,TA,No,ALQ,836,Unf,0,237,1073,GasA,TA,Y,SBrkr,1073,0,1073,1,1,1,3,1,TA,6,Typ,0,Attchd,1965.0,RFn,2,515,TA,TA,Y,0,0,0,0,0,WD,Normal,156000
RM,69.0,2665,Pave,Reg,Lvl,AllPub,Inside,Gtl,MeadowV,Norm,Norm,TwnhsE,2Story,5,6,1976,1976,Gable,CompShg,CemntBd,CmentBd,0.0,TA,TA,PConc,Gd,TA,Mn,Unf,0,Unf,0,264,264,GasA,TA,Y,SBrkr,616,688,1304,0,1,1,3,1,TA,4,Typ,1,BuiltIn,1976.0,Fin,1,336,TA,TA,Y,141,24,0,0,0,WD,Normal,115000
RL,105.0,15578,Pave,IR1,Lvl,AllPub,Corner,Gtl,Gilbert,Norm,Norm,1Fam,2Story,6,5,2006,2006,Gable,CompShg,VinylSd,VinylSd,0.0,Gd,TA,PConc,Gd,TA,No,Unf,0,Unf,0,728,728,GasA,Gd,Y,SBrkr,728,728,1456,0,2,1,3,1,TA,8,Typ,0,Attchd,2006.0,RFn,2,429,TA,TA,Y,0,0,0,0,0,New,Partial,172785
RL,60.0,9120,Pave,Reg,Lvl,AllPub,Inside,Gtl,BrkSide,Norm,Norm,1Fam,1.5Fin,7,6,1925,1950,Gable,CompShg,Wd Sdng,Wd Sdng,0.0,TA,Gd,PConc,TA,TA,No,Rec,329,Unf,0,697,1026,GasA,Ex,Y,SBrkr,1133,687,1820,1,2,0,4,1,TA,8,Typ,0,Detchd,1925.0,Unf,1,240,TA,TA,N,0,100,0,0,0,WD,Normal,184000
RL,65.0,7800,Pave,Reg,Lvl,AllPub,Inside,Gtl,Sawyer,Norm,Norm,1Fam,1Story,5,7,1967,2004,Hip,CompShg,HdBoard,HdBoard,89.0,TA,TA,PConc,TA,TA,No,ALQ,450,Unf,0,414,864,GasA,Ex,Y,SBrkr,899,0,899,0,1,0,3,1,Gd,5,Typ,0,Attchd,1967.0,Fin,1,288,TA,TA,Y,64,0,0,0,0,WD,Normal,130000
FV,75.0,9803,Pave,Reg,Lvl,AllPub,Inside,Gtl,Somerst,Norm,Norm,1Fam,2Story,7,5,2005,2005,Gable,CompShg,VinylSd,VinylSd,0.0,Gd,TA,PConc,Gd,TA,No,GLQ,400,Unf,0,466,866,GasA,Gd,Y,SBrkr,866,902,1768,0,2,1,3,1,Gd,7,Typ,0,Attchd,2005.0,RFn,2,603,TA,TA,Y,0,108,0,0,0,WD,Normal,226700
RM,60.0,7596,Pave,Reg,Lvl,AllPub,Inside,Gtl,OldTown,Artery,Norm,Duplex,2Story,5,5,1952,1952,Hip,CompShg,Wd Sdng,Wd Sdng,360.0,TA,TA,CBlock,TA,TA,No,Unf,0,Unf,0,960,960,GasA,Gd,Y,SBrkr,960,1000,1960,0,2,0,4,2,TA,10,Typ,0,Detchd,1952.0,Unf,2,400,TA,TA,N,0,0,0,0,0,COD,Normal,124500
RL,80.0,9554,Pave,IR1,Lvl,AllPub,Inside,Gtl,SawyerW,Norm,Norm,1Fam,2Story,8,5,1993,1994,Gable,CompShg,VinylSd,VinylSd,125.0,Gd,TA,PConc,Gd,TA,No,GLQ,380,Unf,0,397,777,GasA,Ex,Y,SBrkr,1065,846,1911,0,2,1,3,1,Gd,8,Typ,1,Attchd,1993.0,RFn,2,471,TA,TA,Y,182,81,0,0,0,WD,Normal,215000
FV,75.0,7862,Pave,IR1,Lvl,AllPub,Inside,Gtl,Somerst,Norm,Norm,1Fam,1Story,6,5,2009,2009,Gable,CompShg,VinylSd,VinylSd,0.0,Gd,TA,PConc,Gd,TA,No,GLQ,27,Unf,0,1191,1218,GasA,Ex,Y,SBrkr,1218,0,1218,0,2,0,2,1,Gd,4,Typ,0,Attchd,2009.0,Fin,2,676,TA,TA,Y,0,102,0,0,0,New,Partial,208300
RL,80.0,9600,Pave,Reg,Lvl,AllPub,Corner,Gtl,NAmes,Norm,Norm,1Fam,1Story,5,6,1959,1959,Gable,CompShg,MetalSd,MetalSd,132.0,TA,TA,CBlock,TA,TA,No,ALQ,991,Unf,0,50,1041,GasA,Ex,Y,SBrkr,1041,0,1041,1,1,0,3,1,TA,6,Typ,0,Attchd,1959.0,RFn,1,270,TA,TA,Y,224,88,0,0,0,WD,Normal,124500
RL,40.0,6792,Pave,IR1,Lvl,AllPub,Inside,Gtl,NridgHt,Norm,Norm,TwnhsE,1Story,7,5,2005,2006,Gable,CompShg,VinylSd,VinylSd,94.0,Gd,TA,PConc,Gd,TA,No,Unf,0,Unf,0,1368,1368,GasA,Ex,Y,SBrkr,1368,0,1368,0,2,0,2,1,Gd,6,Typ,1,Attchd,2005.0,RFn,2,474,TA,TA,Y,132,35,0,0,0,New,Partial,202665
RL,94.0,12220,Pave,Reg,Lvl,AllPub,Inside,Gtl,NridgHt,Norm,Norm,1Fam,1Story,10,5,2009,2009,Hip,CompShg,CemntBd,CmentBd,305.0,Ex,TA,CBlock,Ex,TA,No,GLQ,1436,Unf,0,570,2006,GasA,Ex,Y,SBrkr,2020,0,2020,1,2,1,3,1,Ex,9,Typ,1,Attchd,2009.0,Fin,3,900,TA,TA,Y,156,54,0,0,0,New,Partial,402861
RL,69.0,10448,Pave,IR1,Lvl,AllPub,Corner,Gtl,NWAmes,Norm,Norm,1Fam,SLvl,6,6,1972,1972,Gable,CompShg,HdBoard,HdBoard,333.0,TA,TA,CBlock,TA,TA,No,Unf,0,Unf,0,689,689,GasA,TA,Y,SBrkr,1378,741,2119,0,2,1,3,1,TA,7,Typ,1,Attchd,1972.0,RFn,2,583,TA,TA,Y,0,104,0,0,0,COD,Abnorml,158000
RL,69.0,9531,Pave,IR1,Lvl,AllPub,CulDSac,Gtl,CollgCr,Norm,Norm,1Fam,2Story,6,5,1998,1998,Gable,CompShg,VinylSd,VinylSd,0.0,TA,TA,PConc,Gd,TA,Mn,GLQ,706,Unf,0,88,794,GasA,Ex,Y,SBrkr,882,914,1796,1,2,1,3,1,TA,7,Typ,0,Attchd,1998.0,RFn,2,546,TA,TA,Y,0,36,0,0,0,WD,Normal,211000
RL,90.0,11988,Pave,IR1,Lvl,AllPub,Corner,Gtl,NAmes,Feedr,Norm,1Fam,1Story,6,6,1957,1957,Gable,CompShg,VinylSd,VinylSd,0.0,TA,TA,CBlock,TA,TA,No,Rec,777,Unf,0,467,1244,GasA,Ex,Y,FuseA,1244,0,1244,0,1,1,3,1,TA,6,Typ,2,Attchd,1957.0,Unf,1,336,TA,TA,Y,0,40,0,0,0,WD,Normal,150000
FV,62.0,7500,Pave,Reg,Lvl,AllPub,Inside,Gtl,Somerst,Norm,Norm,1Fam,1Story,7,5,2005,2005,Gable,CompShg,VinylSd,VinylSd,0.0,Gd,TA,PConc,Gd,TA,No,Unf,0,Unf,0,1257,1257,GasA,Ex,Y,SBrkr,1266,0,1266,0,2,0,3,1,Gd,6,Typ,1,Attchd,2005.0,Unf,2,453,TA,TA,Y,38,144,0,0,0,WD,Normal,176000
RL,67.0,14948,Pave,IR1,Lvl,AllPub,Inside,Gtl,NridgHt,Norm,Norm,1Fam,2Story,9,5,2008,2008,Hip,CompShg,VinylSd,VinylSd,268.0,Ex,TA,PConc,Ex,TA,Av,GLQ,1330,Unf,0,122,1452,GasA,Ex,Y,SBrkr,1476,1237,2713,1,2,1,3,1,Ex,11,Typ,1,Attchd,2008.0,Fin,3,858,TA,TA,Y,126,66,0,0,0,New,Partial,446261
RL,85.0,10200,Pave,Reg,Lvl,AllPub,Inside,Gtl,Timber,Norm,Norm,1Fam,SLvl,6,5,1988,1989,Gable,CompShg,HdBoard,HdBoard,219.0,Gd,TA,CBlock,Gd,TA,Av,GLQ,783,Unf,0,678,1461,GasA,Ex,Y,SBrkr,1509,0,1509,1,2,0,3,1,Gd,5,Typ,1,Attchd,1988.0,RFn,2,600,TA,TA,Y,224,0,0,0,0,WD,Abnorml,175000
RL,60.0,7200,Pave,Reg,Lvl,AllPub,Inside,Gtl,NAmes,Norm,Norm,1Fam,1Story,5,7,1955,2007,Gable,CompShg,VinylSd,VinylSd,0.0,TA,TA,Slab,TA,TA,No,Unf,0,Unf,0,0,0,GasA,Ex,Y,SBrkr,827,0,827,0,1,0,2,1,TA,5,Mod,1,Detchd,1967.0,Unf,1,392,TA,TA,Y,0,0,0,0,0,WD,Normal,107500
RL,74.0,9056,Pave,IR1,Lvl,AllPub,Inside,Gtl,Gilbert,Norm,Norm,1Fam,2Story,8,5,2004,2004,Gable,CompShg,VinylSd,VinylSd,0.0,Gd,TA,PConc,Ex,Gd,Av,Unf,0,Unf,0,707,707,GasA,Ex,Y,SBrkr,707,707,1414,0,2,1,3,1,Gd,6,Typ,1,Attchd,2004.0,Fin,2,403,TA,TA,Y,100,35,0,0,0,WD,Normal,178000
RL,57.0,8924,Pave,IR1,Lvl,AllPub,CulDSac,Gtl,CollgCr,Norm,Norm,1Fam,2Story,7,5,1998,1999,Gable,CompShg,VinylSd,VinylSd,0.0,TA,TA,PConc,Gd,TA,Av,Unf,0,Unf,0,880,880,GasA,Ex,Y,SBrkr,880,844,1724,0,2,1,3,1,Gd,8,Typ,0,Attchd,1998.0,Fin,2,527,TA,TA,Y,120,155,0,0,0,WD,Normal,188000
RL,69.0,12735,Pave,IR1,Lvl,AllPub,FR2,Gtl,NAmes,Norm,Norm,1Fam,1Story,4,5,1972,1972,Hip,CompShg,MetalSd,MetalSd,0.0,TA,TA,CBlock,TA,TA,No,BLQ,600,Unf,0,264,864,GasA,TA,Y,SBrkr,864,0,864,0,1,0,3,1,TA,5,Typ,0,Detchd,1980.0,Unf,2,576,TA,TA,Y,216,0,0,0,0,COD,Normal,111250
RL,69.0,11553,Pave,IR1,Lvl,AllPub,Inside,Gtl,Sawyer,Norm,Norm,1Fam,1Story,5,5,1968,1968,Hip,CompShg,Plywood,Plywood,188.0,TA,TA,CBlock,TA,TA,No,BLQ,673,Unf,0,378,1051,GasA,TA,Y,SBrkr,1159,0,1159,0,1,1,3,1,TA,7,Typ,1,Attchd,1968.0,Unf,1,336,TA,TA,Y,466,0,0,0,0,WD,Normal,158000
RL,69.0,11000,Pave,Reg,Lvl,AllPub,FR2,Gtl,NoRidge,Norm,Norm,1Fam,2Story,8,5,2000,2000,Gable,CompShg,VinylSd,VinylSd,72.0,Gd,TA,PConc,Gd,TA,No,Unf,0,Unf,0,969,969,GasA,Ex,Y,SBrkr,997,1288,2285,0,2,1,4,1,Gd,8,Typ,1,BuiltIn,2000.0,Fin,3,648,TA,TA,Y,0,56,0,0,0,WD,Normal,248000
RL,58.0,17104,Pave,IR1,Lvl,AllPub,Inside,Gtl,Gilbert,Norm,Norm,1Fam,2Story,7,5,2006,2006,Gable,CompShg,VinylSd,VinylSd,0.0,Gd,TA,PConc,Gd,Gd,Av,GLQ,554,Unf,0,100,654,GasA,Ex,Y,SBrkr,664,832,1496,1,2,1,3,1,Gd,7,Typ,1,Attchd,2006.0,RFn,2,426,TA,TA,Y,100,24,0,0,0,New,Partial,179665
RL,70.0,8737,Pave,IR1,Bnk,AllPub,Inside,Gtl,BrkSide,Norm,Norm,1Fam,1.5Fin,6,7,1923,1950,Gable,CompShg,BrkFace,Wd Sdng,0.0,TA,TA,BrkTil,Gd,TA,No,Rec,300,Unf,0,765,1065,GasA,Ex,Y,FuseA,915,720,1635,0,1,1,3,1,TA,6,Typ,1,Detchd,1950.0,Unf,2,440,TA,TA,Y,0,38,0,0,0,WD,Normal,210000
RL,54.0,7244,Pave,Reg,Lvl,AllPub,Inside,Gtl,Mitchel,Norm,Norm,1Fam,SFoyer,5,7,1970,1970,Gable,CompShg,VinylSd,VinylSd,0.0,TA,Gd,CBlock,Gd,TA,Av,ALQ,619,Unf,0,149,768,GasA,Ex,Y,SBrkr,768,0,768,1,1,0,2,1,TA,5,Typ,0,Detchd,1987.0,Unf,2,624,TA,TA,Y,104,0,0,0,0,WD,Normal,129500
FV,75.0,9375,Pave,Reg,Lvl,AllPub,Inside,Gtl,Somerst,Norm,Norm,1Fam,2Story,7,5,2003,2004,Gable,CompShg,VinylSd,VinylSd,0.0,Gd,TA,PConc,Gd,TA,No,Unf,0,Unf,0,912,912,GasA,Ex,Y,SBrkr,912,1182,2094,0,2,1,4,1,Gd,8,Typ,1,BuiltIn,2003.0,Fin,2,615,TA,TA,Y,182,182,0,0,0,WD,Normal,263000
RM,50.0,6000,Pave,Reg,Lvl,AllPub,Inside,Gtl,OldTown,Norm,Norm,1Fam,1Story,5,6,1957,1957,Hip,CompShg,BrkFace,BrkFace,0.0,TA,TA,CBlock,TA,TA,No,Rec,308,Unf,0,620,928,GasA,Gd,Y,FuseA,928,0,928,0,1,0,3,1,TA,5,Typ,0,Attchd,1957.0,Fin,1,288,TA,TA,Y,0,0,0,0,0,WD,Normal,112500
RL,87.0,11146,Pave,IR1,Lvl,AllPub,Inside,Gtl,NridgHt,Norm,Norm,1Fam,1Story,8,5,2006,2006,Gable,CompShg,VinylSd,VinylSd,250.0,Gd,TA,PConc,Ex,TA,Av,Unf,0,Unf,0,1709,1709,GasA,Ex,Y,SBrkr,1717,0,1717,0,2,0,3,1,Gd,7,Typ,1,Attchd,2006.0,RFn,3,908,TA,TA,Y,169,39,0,0,0,WD,Normal,255500
RL,67.0,8777,Pave,Reg,Lvl,AllPub,Inside,Gtl,Edwards,Feedr,Norm,1Fam,1Story,4,5,1949,2003,Gable,CompShg,VinylSd,VinylSd,0.0,TA,TA,CBlock,TA,TA,No,Unf,0,Unf,0,0,0,GasA,Ex,Y,SBrkr,1126,0,1126,0,2,0,2,1,Gd,5,Typ,0,Detchd,2002.0,Fin,2,520,TA,TA,N,0,96,0,0,0,WD,Normal,108000
RL,85.0,10625,Pave,Reg,Lvl,AllPub,Inside,Gtl,NridgHt,Norm,Norm,1Fam,2Story,7,5,2003,2004,Gable,CompShg,VinylSd,VinylSd,292.0,Gd,TA,PConc,Gd,TA,No,GLQ,866,Unf,0,132,998,GasA,Ex,Y,SBrkr,1006,1040,2046,1,2,1,3,1,Gd,8,Typ,1,BuiltIn,2003.0,RFn,3,871,TA,TA,Y,320,62,0,0,0,WD,Normal,284000
RL,69.0,3196,Pave,Reg,Lvl,AllPub,Inside,Gtl,Blmngtn,Norm,Norm,TwnhsE,1Story,7,5,2003,2004,Gable,CompShg,VinylSd,VinylSd,18.0,Gd,TA,PConc,Gd,TA,Gd,Unf,0,Unf,0,1374,1374,GasA,Ex,Y,SBrkr,1557,0,1557,0,2,0,2,1,Gd,7,Typ,1,Attchd,2003.0,Fin,2,420,TA,TA,Y,143,20,0,0,0,WD,Normal,234000
RL,63.0,13907,Pave,Reg,Lvl,AllPub,Inside,Gtl,Edwards,Norm,Norm,1Fam,1Story,5,6,1940,1969,Gable,CompShg,WdShing,Wd Shng,0.0,TA,TA,CBlock,TA,TA,No,BLQ,290,Unf,0,706,996,GasA,Ex,Y,SBrkr,996,0,996,1,1,0,3,1,TA,6,Typ,1,Attchd,1980.0,Unf,0,0,TA,TA,Y,144,0,0,0,0,WD,Normal,108000
RL,69.0,13346,Pave,IR1,Lvl,AllPub,CulDSac,Gtl,NoRidge,Norm,Norm,1Fam,2Story,7,5,1992,2000,Gable,CompShg,HdBoard,HdBoard,0.0,Gd,TA,PConc,Gd,TA,No,GLQ,728,Unf,0,367,1095,GasA,Ex,Y,SBrkr,1166,1129,2295,1,2,1,4,1,Gd,9,Typ,1,Attchd,1992.0,RFn,2,590,TA,TA,Y,0,40,0,0,0,WD,Normal,268000
RL,77.0,11198,Pave,IR1,Lvl,AllPub,Inside,Gtl,StoneBr,Norm,Norm,1Fam,2Story,9,5,2005,2007,Hip,CompShg,VinylSd,VinylSd,245.0,Gd,TA,PConc,Gd,Gd,No,Unf,0,Unf,0,1122,1122,GasA,Ex,Y,SBrkr,1134,1370,2504,0,2,1,4,1,Ex,11,Typ,1,BuiltIn,2005.0,Fin,3,656,TA,TA,Y,144,39,0,0,0,WD,Normal,325000
RL,70.0,10171,Pave,IR1,Lvl,AllPub,Inside,Gtl,NridgHt,Norm,Norm,1Fam,1Story,7,5,2004,2004,Gable,CompShg,VinylSd,VinylSd,168.0,Gd,TA,PConc,Gd,TA,No,GLQ,2,Unf,0,1515,1517,GasA,Ex,Y,SBrkr,1535,0,1535,0,2,0,3,1,Gd,7,Typ,0,Attchd,2004.0,RFn,2,532,TA,TA,Y,0,0,0,0,0,WD,Normal,214000
RL,69.0,7032,Pave,IR1,Lvl,AllPub,Corner,Gtl,NAmes,Norm,Norm,Duplex,SFoyer,5,5,1979,1979,Gable,CompShg,MetalSd,MetalSd,0.0,TA,TA,CBlock,Gd,TA,Gd,GLQ,943,Unf,0,0,943,GasA,TA,Y,SBrkr,943,0,943,1,1,0,2,1,TA,4,Typ,2,Detchd,1979.0,Unf,2,600,TA,TA,Y,42,0,0,0,0,WD,Normal,135960
RL,74.0,13101,Pave,IR1,Lvl,AllPub,Inside,Gtl,NAmes,Norm,Norm,Duplex,1Story,5,5,1965,1965,Gable,CompShg,HdBoard,HdBoard,108.0,TA,TA,CBlock,TA,TA,No,LwQ,231,Unf,0,1497,1728,GasA,TA,Y,SBrkr,1728,0,1728,0,2,0,6,2,TA,10,Typ,0,Detchd,1987.0,Unf,2,576,TA,TA,Y,0,0,0,0,0,WD,Normal,142600
RL,60.0,7332,Pave,Reg,Lvl,AllPub,Inside,Gtl,NAmes,Norm,Norm,1Fam,1Story,6,6,1959,1959,Gable,CompShg,WdShing,Wd Shng,207.0,TA,TA,CBlock,TA,TA,No,BLQ,414,Unf,0,450,864,GasA,Ex,Y,SBrkr,864,0,864,1,1,0,2,1,Gd,4,Typ,0,Attchd,1959.0,Unf,1,288,TA,TA,Y,168,0,0,0,0,WD,Abnorml,120000
RL,83.0,13159,Pave,IR1,HLS,AllPub,Corner,Gtl,Timber,Norm,Norm,1Fam,2Story,7,5,2009,2009,Gable,CompShg,VinylSd,VinylSd,0.0,TA,TA,PConc,Ex,TA,Av,Unf,0,Unf,0,846,846,GasA,Gd,Y,SBrkr,846,846,1692,0,2,1,3,1,Gd,6,Typ,0,Attchd,2009.0,RFn,2,650,TA,TA,Y,208,114,0,0,0,New,Partial,224500
RL,76.0,9967,Pave,IR1,Lvl,AllPub,Inside,Gtl,Gilbert,Norm,Norm,1Fam,SLvl,7,5,2000,2000,Gable,CompShg,VinylSd,VinylSd,0.0,TA,TA,PConc,Gd,TA,No,Unf,0,Unf,0,384,384,GasA,Ex,Y,SBrkr,774,656,1430,0,2,1,3,1,TA,8,Typ,1,BuiltIn,2000.0,RFn,2,400,TA,TA,Y,100,0,0,0,0,WD,Normal,170000
FV,34.0,3604,Pave,Reg,Lvl,AllPub,Corner,Gtl,Somerst,Norm,Norm,TwnhsE,2Story,7,5,2007,2007,Gable,CompShg,VinylSd,VinylSd,0.0,Gd,TA,PConc,Gd,TA,No,Unf,0,Unf,0,689,689,GasA,Ex,Y,SBrkr,703,689,1392,0,2,0,2,1,Gd,5,Typ,0,Detchd,2007.0,Unf,2,540,TA,TA,Y,0,102,0,0,0,WD,Abnorml,146000
RM,81.0,12150,Pave,Reg,Lvl,AllPub,Inside,Gtl,OldTown,Norm,Norm,1Fam,1.5Fin,5,5,1954,1954,Gable,CompShg,MetalSd,MetalSd,335.0,TA,TA,BrkTil,TA,TA,No,Unf,0,Unf,0,1050,1050,GasA,Ex,N,FuseF,1050,745,1795,0,2,0,4,1,TA,7,Typ,0,Attchd,1954.0,Unf,1,352,Fa,TA,Y,0,0,0,0,0,WD,Normal,131500
RL,98.0,12704,Pave,Reg,Lvl,AllPub,Inside,Gtl,NridgHt,Norm,Norm,1Fam,1Story,8,5,2008,2009,Hip,CompShg,VinylSd,VinylSd,306.0,Ex,TA,PConc,Ex,TA,No,Unf,0,Unf,0,2042,2042,GasA,Ex,Y,SBrkr,2042,0,2042,0,2,1,3,1,Ex,8,Typ,1,Attchd,2009.0,RFn,3,1390,TA,TA,Y,0,90,0,0,0,New,Partial,253293
RL,81.0,11841,Grvl,Reg,Lvl,AllPub,Inside,Gtl,Edwards,Norm,Norm,Duplex,SFoyer,6,5,1990,1990,Gable,CompShg,HdBoard,HdBoard,104.0,TA,Gd,CBlock,Gd,TA,Av,GLQ,816,Unf,0,0,816,GasA,TA,Y,SBrkr,816,0,816,1,1,0,3,1,TA,5,Typ,0,Attchd,1980.0,Unf,0,0,TA,TA,Y,0,32,0,0,0,WD,Normal,118500
RL,88.0,11443,Pave,Reg,Lvl,AllPub,Inside,Gtl,Timber,Norm,Norm,1Fam,1Story,8,5,2005,2006,Hip,CompShg,VinylSd,VinylSd,208.0,Gd,TA,PConc,Ex,TA,Gd,GLQ,1460,Unf,0,408,1868,GasA,Ex,Y,SBrkr,2028,0,2028,1,2,0,2,1,Gd,7,Typ,2,Attchd,2005.0,RFn,3,880,TA,TA,Y,326,66,0,0,0,New,Partial,369900
RL,74.0,8740,Pave,IR1,Lvl,AllPub,Inside,Gtl,Sawyer,Norm,Norm,1Fam,SFoyer,5,6,1982,1982,Hip,CompShg,HdBoard,HdBoard,0.0,TA,TA,CBlock,TA,TA,Av,ALQ,672,Unf,0,168,840,GasA,TA,Y,SBrkr,860,0,860,1,1,0,2,1,TA,4,Typ,0,Detchd,1996.0,Unf,2,528,TA,TA,Y,0,0,0,0,0,WD,Normal,137000
RM,50.0,9100,Pave,Reg,Lvl,AllPub,Inside,Gtl,BrkSide,RRAn,Feedr,1Fam,1Story,5,6,1930,1960,Gable,CompShg,VinylSd,VinylSd,0.0,TA,TA,BrkTil,TA,TA,No,Unf,0,Unf,0,742,742,GasA,TA,Y,FuseA,779,0,935,0,1,0,2,1,TA,4,Typ,0,Detchd,1988.0,Unf,1,308,TA,TA,P,0,0,0,0,0,WD,Normal,79500
RL,64.0,8320,Pave,Reg,Lvl,AllPub,Inside,Gtl,CollgCr,Norm,Norm,1Fam,2Story,7,5,2004,2004,Gable,CompShg,VinylSd,VinylSd,0.0,Gd,TA,PConc,Gd,TA,No,GLQ,490,Unf,0,280,770,GasA,Ex,Y,SBrkr,770,812,1582,0,2,1,3,1,Gd,6,Typ,0,Attchd,2004.0,RFn,2,520,TA,TA,Y,0,45,0,0,0,WD,Normal,185900
RL,97.0,13478,Pave,IR1,Lvl,AllPub,Corner,Gtl,NridgHt,Norm,Norm,1Fam,2Story,10,5,2008,2008,Gable,CompShg,CemntBd,CmentBd,420.0,Ex,TA,PConc,Ex,TA,Gd,GLQ,1338,Unf,0,384,1722,GasA,Ex,Y,SBrkr,1728,568,2296,1,2,1,3,1,Ex,10,Typ,1,BuiltIn,2008.0,RFn,3,842,TA,TA,Y,382,274,0,0,0,ConLI,Normal,451950
RM,69.0,4435,Pave,Reg,Lvl,AllPub,Inside,Gtl,CollgCr,Norm,Norm,TwnhsE,1Story,6,5,2003,2003,Gable,CompShg,VinylSd,VinylSd,170.0,Gd,TA,PConc,Gd,TA,Av,GLQ,685,Unf,0,163,848,GasA,Ex,Y,SBrkr,848,0,848,1,1,0,1,1,Gd,4,Typ,0,Attchd,2003.0,Fin,2,420,TA,TA,Y,140,0,0,0,0,WD,Normal,140000
RL,88.0,7990,Pave,IR1,Lvl,AllPub,Inside,Gtl,CollgCr,Norm,Norm,1Fam,1Story,5,6,1975,1975,Hip,CompShg,HdBoard,HdBoard,0.0,TA,TA,CBlock,Gd,TA,No,Unf,0,Unf,0,924,924,GasA,TA,Y,SBrkr,924,0,924,0,1,0,3,1,TA,5,Typ,0,Detchd,1981.0,Unf,1,280,TA,TA,Y,0,0,0,0,0,WD,Normal,110000
RM,60.0,3600,Pave,Reg,Lvl,AllPub,Inside,Gtl,OldTown,Norm,Norm,1Fam,2Story,6,7,1910,1993,Gable,CompShg,VinylSd,VinylSd,0.0,TA,TA,CBlock,TA,TA,No,Unf,0,Unf,0,684,684,GasA,Ex,N,FuseA,684,684,1368,0,1,0,3,1,TA,7,Typ,0,Detchd,1930.0,Unf,1,216,TA,Fa,N,0,158,0,0,0,WD,Normal,114504
RL,74.0,10927,Pave,Reg,Lvl,AllPub,Inside,Gtl,NridgHt,Norm,Norm,1Fam,2Story,8,5,2005,2005,Gable,CompShg,VinylSd,VinylSd,280.0,Gd,TA,PConc,Gd,TA,Av,GLQ,546,Unf,0,512,1058,GasA,Ex,Y,SBrkr,1058,846,1904,1,2,1,3,1,Ex,8,Typ,1,BuiltIn,2003.0,Fin,2,736,TA,TA,Y,179,60,0,0,0,WD,Normal,275000
RL,80.0,10041,Pave,IR1,Lvl,AllPub,Inside,Gtl,SawyerW,Norm,Norm,1Fam,2Story,8,5,1992,1992,Gable,CompShg,HdBoard,HdBoard,0.0,Gd,TA,PConc,Gd,TA,Mn,GLQ,789,Unf,0,119,908,GasA,Ex,Y,SBrkr,927,988,1915,1,2,1,3,1,Gd,8,Typ,1,Attchd,1992.0,Fin,2,506,TA,TA,Y,120,150,0,0,0,WD,Abnorml,220000
RL,88.0,12803,Pave,IR1,Lvl,AllPub,Inside,Gtl,CollgCr,Norm,Norm,1Fam,1Story,7,5,2002,2002,Gable,CompShg,VinylSd,VinylSd,99.0,Gd,TA,PConc,Gd,TA,Mn,GLQ,922,Unf,0,572,1494,GasA,Ex,Y,SBrkr,1494,0,1494,1,2,0,3,1,Gd,6,Typ,1,Attchd,2002.0,RFn,2,530,TA,TA,Y,192,36,0,0,0,WD,Normal,221000
RL,82.0,12464,Pave,IR2,Low,AllPub,Corner,Mod,CollgCr,Norm,Norm,1Fam,1Story,5,5,1996,1996,Gable,CompShg,VinylSd,VinylSd,0.0,TA,Gd,PConc,Gd,TA,No,GLQ,732,Unf,0,308,1040,GasA,Gd,Y,SBrkr,1040,0,1040,1,1,0,3,1,Gd,6,Typ,0,Detchd,2000.0,Unf,2,576,TA,TA,Y,168,0,0,0,0,WD,Normal,152000
RL,78.0,12168,Pave,Reg,HLS,AllPub,Inside,Mod,Crawfor,Norm,Norm,1Fam,2Story,8,6,1934,1998,Gable,CompShg,BrkFace,Wd Sdng,0.0,TA,TA,PConc,Gd,TA,Mn,BLQ,428,Unf,0,537,965,GasA,TA,Y,SBrkr,1940,1254,3194,0,2,1,4,1,TA,10,Typ,2,Basment,1934.0,Unf,2,380,TA,TA,Y,0,0,0,0,0,WD,Alloca,359100
RL,69.0,11050,Pave,Reg,Lvl,AllPub,Inside,Gtl,CollgCr,PosN,Norm,1Fam,2Story,9,5,2000,2000,Hip,CompShg,VinylSd,VinylSd,204.0,Gd,TA,PConc,Ex,TA,Mn,GLQ,904,Unf,0,536,1440,GasA,Ex,Y,SBrkr,1476,677,2153,1,2,1,3,1,Ex,8,Typ,2,Attchd,2000.0,Fin,3,736,TA,TA,Y,253,142,0,0,0,WD,Normal,313000
RL,69.0,11885,Pave,Reg,Lvl,AllPub,Inside,Gtl,CollgCr,Norm,Norm,1Fam,2Story,8,5,2001,2001,Gable,CompShg,VinylSd,VinylSd,108.0,Gd,TA,PConc,Gd,TA,Av,GLQ,990,Unf,0,309,1299,GasA,Ex,Y,SBrkr,1299,573,1872,1,2,1,3,1,Ex,7,Typ,1,BuiltIn,2001.0,RFn,2,531,TA,TA,Y,160,122,0,0,0,WD,Normal,261500
RL,70.0,8402,Pave,Reg,Lvl,AllPub,Inside,Gtl,Mitchel,Feedr,Norm,1Fam,1Story,5,5,2007,2007,Gable,CompShg,VinylSd,VinylSd,0.0,TA,TA,PConc,Gd,TA,No,ALQ,206,Unf,0,914,1120,GasA,Ex,Y,SBrkr,1120,0,1120,0,1,0,3,1,TA,6,Typ,0,Attchd,1980.0,Unf,0,0,TA,TA,Y,0,30,0,0,0,New,Partial,147000
RL,80.0,8800,Pave,Reg,Lvl,AllPub,Inside,Gtl,NAmes,Feedr,Norm,1Fam,SFoyer,6,7,1963,1963,Gable,CompShg,MetalSd,MetalSd,156.0,TA,Gd,PConc,TA,TA,Gd,GLQ,763,Unf,0,173,936,GasA,Ex,Y,SBrkr,1054,0,1054,1,1,0,3,1,Gd,6,Typ,0,Attchd,1963.0,RFn,2,480,TA,TA,Y,120,0,0,0,0,WD,Abnorml,137500
RL,69.0,7861,Pave,IR1,Lvl,AllPub,Inside,Gtl,Gilbert,Norm,Norm,1Fam,2Story,6,5,2002,2003,Gable,CompShg,VinylSd,VinylSd,0.0,Gd,TA,PConc,Gd,TA,No,GLQ,457,Unf,0,326,783,GasA,Ex,Y,SBrkr,807,702,1509,1,2,1,3,1,Gd,7,Typ,1,Attchd,2002.0,Fin,2,393,TA,TA,Y,100,75,0,0,0,WD,Normal,183200
RL,59.0,7227,Pave,Reg,HLS,AllPub,Corner,Mod,NAmes,Artery,Norm,1Fam,1.5Unf,6,6,1954,1954,Gable,CompShg,MetalSd,MetalSd,0.0,TA,TA,CBlock,TA,TA,No,Unf,0,Unf,0,832,832,GasA,Gd,Y,SBrkr,832,0,832,0,1,0,2,1,Gd,4,Typ,0,Detchd,1962.0,Unf,2,528,TA,TA,Y,0,0,0,0,0,WD,Normal,105500
RL,85.0,12244,Pave,Reg,Lvl,AllPub,Inside,Gtl,Timber,Norm,Norm,1Fam,2Story,8,5,2003,2003,Hip,CompShg,VinylSd,VinylSd,226.0,Gd,TA,PConc,Gd,TA,Gd,GLQ,871,Unf,0,611,1482,GasA,Ex,Y,SBrkr,1482,780,2262,1,2,1,4,1,Gd,10,Typ,2,Attchd,2003.0,Fin,3,749,TA,TA,Y,168,0,0,0,0,WD,Normal,305000
RL,71.0,7064,Pave,Reg,Lvl,AllPub,Inside,Gtl,Sawyer,Norm,Norm,1Fam,1Story,5,6,1977,1977,Gable,CompShg,Plywood,Plywood,153.0,TA,TA,CBlock,TA,TA,No,BLQ,560,Unf,0,420,980,GasA,TA,Y,SBrkr,980,0,980,0,1,0,3,1,TA,6,Typ,0,Detchd,1986.0,Unf,2,484,TA,TA,Y,192,0,0,0,0,WD,Normal,135000
RL,34.0,4590,Pave,Reg,Lvl,AllPub,Inside,Gtl,NridgHt,Norm,Norm,Twnhs,1Story,8,5,2006,2006,Gable,CompShg,VinylSd,VinylSd,108.0,Gd,TA,PConc,Gd,Gd,Mn,GLQ,24,Unf,0,1530,1554,GasA,Ex,Y,SBrkr,1554,0,1554,0,2,0,2,1,Gd,6,Typ,1,Attchd,2006.0,RFn,2,627,TA,TA,Y,156,73,0,0,0,WD,Normal,209500
RL,85.0,11900,Pave,Reg,Lvl,AllPub,Inside,Gtl,NWAmes,Norm,Norm,1Fam,1Story,7,5,1977,1977,Hip,CompShg,Plywood,Plywood,209.0,TA,Gd,CBlock,TA,TA,No,ALQ,822,Unf,0,564,1386,GasA,TA,Y,SBrkr,1411,0,1411,0,2,0,3,1,TA,6,Typ,1,Attchd,1977.0,Fin,2,544,TA,TA,Y,192,0,0,0,0,WD,Family,82500
RL,64.0,6979,Pave,Reg,Lvl,AllPub,Inside,Gtl,OldTown,Norm,Norm,Duplex,SFoyer,6,5,1980,1980,Gable,CompShg,Plywood,Plywood,0.0,TA,TA,CBlock,TA,TA,No,GLQ,1056,Unf,0,0,1056,GasA,Gd,Y,SBrkr,1056,0,1056,2,0,0,0,2,TA,4,Typ,0,Detchd,1980.0,Unf,2,576,TA,TA,Y,264,56,0,0,0,WD,Normal,144000
RL,53.0,3982,Pave,Reg,Lvl,AllPub,Inside,Gtl,Blmngtn,Norm,Norm,TwnhsE,1Story,8,5,2006,2006,Hip,CompShg,VinylSd,VinylSd,0.0,Gd,TA,PConc,Gd,Gd,Av,GLQ,1154,Unf,0,366,1520,GasA,Ex,Y,SBrkr,1567,0,1567,1,2,0,1,1,Ex,7,Typ,1,Attchd,2006.0,Fin,3,648,TA,TA,Y,312,0,0,0,0,New,Partial,264561
FV,69.0,7050,Pave,Reg,Lvl,AllPub,Inside,Gtl,Somerst,Norm,Norm,1Fam,2Story,7,5,2001,2001,Gable,CompShg,VinylSd,VinylSd,0.0,Gd,TA,PConc,Gd,TA,No,GLQ,738,Unf,0,319,1057,GasA,Ex,Y,SBrkr,1057,872,1929,1,2,1,3,1,Gd,7,Typ,1,Attchd,2001.0,Fin,2,650,TA,TA,Y,0,235,0,0,0,WD,Normal,226000
RL,75.0,13860,Pave,Reg,Lvl,AllPub,Inside,Gtl,NAmes,Norm,Norm,1Fam,SLvl,8,7,1972,1995,Gable,CompShg,Plywood,Wd Sdng,0.0,Gd,TA,CBlock,Gd,TA,Gd,GLQ,1410,Unf,0,542,1952,GasA,Gd,Y,SBrkr,2000,704,2704,1,2,1,4,1,Ex,9,Typ,3,Attchd,1972.0,Fin,2,538,TA,TA,Y,269,111,0,0,0,WD,Normal,345000
FV,85.0,9187,Pave,Reg,Lvl,AllPub,Inside,Gtl,Somerst,Norm,Norm,1Fam,1Story,9,5,2009,2009,Gable,CompShg,CemntBd,CmentBd,162.0,Ex,TA,PConc,Ex,TA,Mn,GLQ,1121,Unf,0,645,1766,GasA,Ex,Y,SBrkr,1766,0,1766,1,2,1,2,1,Ex,7,Typ,1,Attchd,2009.0,Fin,3,478,TA,TA,Y,195,130,0,0,0,New,Partial,370878
RL,60.0,7200,Pave,Reg,Lvl,AllPub,Inside,Gtl,NAmes,Norm,Norm,1Fam,1Story,5,5,1950,1950,Hip,CompShg,MetalSd,MetalSd,0.0,TA,TA,CBlock,TA,TA,No,Unf,0,Unf,0,0,0,GasA,Gd,Y,SBrkr,1048,0,1048,0,1,0,3,1,TA,7,Min1,0,Detchd,1950.0,Unf,2,420,TA,TA,Y,0,27,0,0,0,WD,Normal,98300
FV,65.0,8125,Pave,Reg,Lvl,AllPub,Inside,Gtl,Somerst,Norm,Norm,1Fam,2Story,7,6,2007,2007,Gable,CompShg,CemntBd,CmentBd,0.0,Gd,TA,PConc,Gd,TA,No,Unf,0,Unf,0,813,813,GasA,Ex,Y,SBrkr,822,843,1665,0,2,1,3,1,Gd,7,Typ,0,Attchd,2007.0,RFn,2,562,TA,TA,Y,0,0,0,0,0,WD,Normal,205950
RL,60.0,9084,Pave,Reg,Lvl,AllPub,Inside,Gtl,Edwards,Artery,Norm,1Fam,2Story,4,5,1940,1950,Gable,CompShg,MetalSd,MetalSd,0.0,TA,TA,CBlock,TA,TA,Mn,Unf,0,Unf,0,755,755,GasA,TA,Y,SBrkr,755,755,1510,1,1,0,4,1,TA,7,Typ,1,Detchd,1940.0,Unf,1,296,Fa,Po,P,120,0,0,0,0,WD,Normal,108000
RL,70.0,8750,Pave,Reg,Lvl,AllPub,Inside,Gtl,CollgCr,Norm,Norm,1Fam,2Story,7,5,1996,1996,Gable,CompShg,VinylSd,VinylSd,0.0,Gd,TA,PConc,Gd,TA,No,Unf,0,Unf,0,880,880,GasA,Ex,Y,SBrkr,909,807,1716,0,2,1,2,1,Gd,7,Typ,1,Attchd,1996.0,RFn,2,512,TA,TA,Y,0,120,0,0,0,WD,Normal,191000
RL,72.0,10007,Pave,IR1,Lvl,AllPub,Inside,Gtl,NAmes,Norm,Norm,1Fam,1Story,5,7,1959,2006,Gable,CompShg,HdBoard,HdBoard,54.0,Gd,TA,CBlock,TA,TA,No,ALQ,806,Unf,0,247,1053,GasA,Ex,Y,SBrkr,1053,0,1053,1,1,1,3,1,Gd,5,Typ,0,Attchd,1959.0,RFn,1,312,TA,TA,Y,0,0,0,0,0,WD,Normal,145500
RL,75.0,9937,Pave,Reg,Lvl,AllPub,Corner,Gtl,Edwards,Norm,Norm,1Fam,1Story,5,7,1964,1999,Hip,CompShg,MetalSd,MetalSd,0.0,TA,Gd,PConc,TA,TA,No,BLQ,637,Unf,0,849,1486,GasA,Ex,Y,SBrkr,1486,0,1486,1,1,0,3,1,TA,7,Typ,0,Detchd,1968.0,Fin,2,480,TA,TA,Y,0,0,0,0,0,WD,Normal,167000
RL,49.0,20896,Pave,IR2,Lvl,AllPub,CulDSac,Gtl,Somerst,RRAn,Norm,1Fam,1Story,8,5,2005,2006,Gable,CompShg,VinylSd,VinylSd,0.0,Gd,TA,PConc,Ex,TA,Mn,GLQ,1721,Unf,0,356,2077,GasA,Ex,Y,SBrkr,2097,0,2097,1,1,1,1,1,Ex,8,Typ,1,Attchd,2005.0,Fin,3,1134,TA,TA,Y,192,267,0,0,0,New,Partial,423000
RL,65.0,8125,Pave,Reg,Lvl,AllPub,Inside,Gtl,SawyerW,Norm,Norm,1Fam,1Story,6,5,1994,1998,Gable,CompShg,HdBoard,HdBoard,258.0,TA,TA,PConc,Gd,TA,No,GLQ,1138,Unf,0,270,1408,GasA,Ex,Y,SBrkr,1679,0,1679,1,2,0,3,1,Gd,7,Typ,1,Attchd,1994.0,RFn,2,575,TA,TA,Y,224,42,0,0,0,WD,Normal,193500
RL,69.0,14175,Pave,Reg,Bnk,AllPub,Corner,Mod,Sawyer,Norm,Norm,1Fam,1Story,5,6,1956,1987,Gable,CompShg,CemntBd,Wd Sdng,0.0,TA,TA,CBlock,TA,TA,No,Rec,988,Unf,0,200,1188,GasA,Gd,Y,SBrkr,1437,0,1437,1,1,1,3,1,TA,6,Min2,1,Detchd,1999.0,Unf,2,576,TA,TA,Y,304,0,0,0,0,WD,Normal,168000
RL,64.0,8633,Pave,Reg,Lvl,AllPub,FR2,Gtl,CollgCr,Norm,Norm,1Fam,2Story,6,5,2005,2005,Gable,CompShg,VinylSd,VinylSd,0.0,Gd,TA,PConc,Gd,TA,No,GLQ,193,Unf,0,545,738,GasA,Ex,Y,SBrkr,738,738,1476,1,2,1,3,1,Gd,7,Typ,0,Attchd,2005.0,Fin,2,540,TA,TA,Y,100,35,0,0,0,WD,Normal,173500
RH,54.0,6629,Pave,Reg,Lvl,AllPub,Inside,Gtl,Edwards,Artery,Norm,1Fam,2Story,6,6,1925,1950,Gambrel,CompShg,Wd Sdng,Wd Sdng,0.0,TA,Gd,BrkTil,TA,TA,No,BLQ,551,Unf,0,121,672,GasA,TA,N,SBrkr,697,672,1369,1,2,0,3,1,TA,6,Typ,0,Detchd,1930.0,Unf,1,300,TA,TA,Y,147,0,0,0,0,WD,Normal,103600
RL,69.0,11250,Pave,IR1,Lvl,AllPub,Inside,Gtl,Veenker,Norm,Norm,1Fam,1Story,6,6,1977,1977,Gable,CompShg,Plywood,Plywood,0.0,Gd,TA,CBlock,Gd,TA,No,ALQ,767,Unf,0,441,1208,GasA,TA,Y,SBrkr,1208,0,1208,1,1,1,3,1,TA,6,Typ,1,Attchd,1977.0,RFn,2,546,TA,TA,Y,198,42,0,0,0,WD,Normal,165000
RL,80.0,9200,Pave,Reg,Lvl,AllPub,Inside,Gtl,NAmes,Norm,Norm,1Fam,1Story,6,6,1965,1965,Gable,CompShg,HdBoard,HdBoard,0.0,TA,TA,CBlock,TA,TA,No,Rec,892,Unf,0,244,1136,GasA,TA,Y,SBrkr,1136,0,1136,1,1,0,3,1,TA,5,Typ,1,Attchd,1965.0,RFn,1,384,TA,TA,Y,426,0,0,0,0,WD,Normal,140000
RL,80.0,11844,Pave,IR1,Lvl,AllPub,Inside,Gtl,StoneBr,Norm,Norm,1Fam,1Story,8,5,2008,2008,Hip,CompShg,VinylSd,VinylSd,464.0,Gd,TA,PConc,Ex,TA,Mn,Unf,0,Unf,0,2046,2046,GasA,Ex,Y,SBrkr,2046,0,2046,0,2,1,3,1,Gd,7,Typ,1,Attchd,2008.0,Fin,3,834,TA,TA,Y,322,82,0,0,0,New,Partial,372500
RL,69.0,9945,Pave,IR1,Lvl,AllPub,Inside,Gtl,Sawyer,Norm,Norm,1Fam,1Story,5,5,1961,1961,Hip,CompShg,Wd Sdng,Wd Sdng,57.0,TA,TA,CBlock,TA,TA,No,Rec,827,Unf,0,161,988,GasA,TA,Y,SBrkr,988,0,988,1,1,0,3,1,TA,5,Typ,0,Detchd,1963.0,Unf,2,572,TA,TA,Y,0,0,0,0,0,WD,Normal,128500
RL,69.0,2887,Pave,Reg,HLS,AllPub,Inside,Gtl,ClearCr,Norm,Norm,1Fam,1Story,6,5,1996,1997,Gable,CompShg,Wd Sdng,Wd Sdng,0.0,TA,TA,PConc,Gd,TA,Mn,GLQ,1003,Unf,0,288,1291,GasA,Ex,Y,SBrkr,1291,0,1291,1,1,0,2,1,Gd,6,Typ,1,Attchd,1996.0,Unf,2,431,TA,TA,Y,307,0,0,0,0,WD,Normal,173000
RL,90.0,11248,Pave,IR1,Lvl,AllPub,Corner,Gtl,CollgCr,Norm,Norm,1Fam,1Story,9,5,2002,2002,Hip,CompShg,VinylSd,VinylSd,215.0,Gd,TA,PConc,Gd,TA,Av,GLQ,1059,Unf,0,567,1626,GasA,Ex,Y,SBrkr,1668,0,1668,1,2,0,3,1,Gd,7,Typ,1,Attchd,2002.0,Fin,3,702,TA,TA,Y,257,45,0,0,0,WD,Normal,285000
RL,58.0,16770,Pave,IR2,Lvl,AllPub,CulDSac,Gtl,NoRidge,Norm,Norm,1Fam,2Story,7,5,1998,1998,Gable,CompShg,VinylSd,VinylSd,30.0,Gd,TA,PConc,Gd,TA,No,Unf,0,Unf,0,1195,1195,GasA,Gd,Y,SBrkr,1195,644,1839,0,2,1,4,1,TA,7,Typ,0,Attchd,1998.0,Fin,2,486,TA,TA,Y,0,81,0,0,0,WD,Normal,221000
FV,84.0,10207,Pave,Reg,Lvl,AllPub,Inside,Gtl,Somerst,Norm,Norm,1Fam,2Story,7,6,2007,2007,Gable,CompShg,VinylSd,VinylSd,0.0,Gd,TA,PConc,Gd,TA,No,Unf,0,Unf,0,874,874,GasA,Ex,Y,SBrkr,874,887,1761,0,3,0,3,1,Gd,7,Typ,0,Attchd,2007.0,Fin,2,578,TA,TA,Y,144,105,0,0,0,New,Partial,227875
FV,69.0,5105,Pave,IR2,Lvl,AllPub,FR2,Gtl,Somerst,Norm,Norm,TwnhsE,2Story,7,5,2004,2004,Gable,CompShg,MetalSd,MetalSd,0.0,Gd,TA,PConc,Gd,TA,No,GLQ,239,Unf,0,312,551,GasA,Ex,Y,SBrkr,551,551,1102,0,2,1,2,1,Gd,4,Typ,0,Detchd,2004.0,Unf,2,480,TA,TA,Y,0,60,0,0,0,WD,Normal,148800
RL,60.0,8089,Pave,Reg,HLS,AllPub,Inside,Gtl,StoneBr,Norm,Norm,1Fam,1Story,8,6,2007,2007,Gable,CompShg,MetalSd,MetalSd,0.0,Gd,TA,PConc,Gd,TA,Av,GLQ,945,Unf,0,474,1419,GasA,Ex,Y,SBrkr,1419,0,1419,1,2,0,2,1,Gd,7,Typ,1,Attchd,2007.0,RFn,2,567,TA,TA,Y,140,0,0,0,0,New,Partial,392000
RL,61.0,7577,Pave,IR1,Lvl,AllPub,Corner,Gtl,NridgHt,Norm,Norm,TwnhsE,1Story,6,5,2005,2006,Gable,CompShg,VinylSd,VinylSd,256.0,Gd,TA,PConc,Gd,TA,Av,ALQ,20,Unf,0,1342,1362,GasA,Ex,Y,SBrkr,1362,0,1362,0,2,0,2,1,Gd,6,Typ,1,Attchd,2005.0,RFn,2,460,TA,TA,Y,192,28,0,0,0,WD,Normal,194700
RM,69.0,4426,Pave,Reg,Lvl,AllPub,Inside,Gtl,CollgCr,Norm,Norm,TwnhsE,1Story,6,5,2004,2004,Gable,CompShg,VinylSd,VinylSd,147.0,Gd,TA,PConc,Gd,TA,Gd,GLQ,697,Unf,0,151,848,GasA,Ex,Y,SBrkr,848,0,848,1,1,0,1,1,Gd,3,Typ,1,Attchd,2004.0,RFn,2,420,TA,TA,Y,149,0,0,0,0,WD,Normal,141000
RL,42.0,26178,Pave,IR1,Lvl,AllPub,Inside,Mod,Timber,Norm,Norm,1Fam,2Story,7,5,1989,1990,Hip,CompShg,MetalSd,MetalSd,293.0,Gd,TA,PConc,Gd,TA,Gd,GLQ,965,Unf,0,245,1210,GasA,Ex,Y,SBrkr,1238,1281,2519,1,2,1,4,1,Gd,9,Typ,2,Attchd,1989.0,RFn,2,628,TA,TA,Y,320,27,0,0,0,WD,Normal,335000
RM,51.0,6120,Pave,Reg,Lvl,AllPub,Corner,Gtl,BrkSide,Norm,Norm,1Fam,1.5Fin,5,6,1936,1950,Gable,CompShg,Wd Sdng,Wd Sdng,0.0,TA,Fa,BrkTil,TA,TA,No,Unf,0,Unf,0,927,927,GasA,TA,Y,SBrkr,1067,472,1539,0,1,1,3,1,TA,5,Typ,0,Detchd,1995.0,Unf,2,576,TA,TA,Y,112,0,0,0,0,WD,Normal,141500
FV,59.0,4282,Pave,IR2,Lvl,AllPub,Inside,Gtl,Somerst,Norm,Norm,TwnhsE,1Story,7,5,2004,2004,Gable,CompShg,MetalSd,MetalSd,0.0,Gd,TA,PConc,Gd,TA,Mn,GLQ,16,Unf,0,1375,1391,GasA,Ex,Y,SBrkr,1391,0,1391,0,2,0,2,1,Gd,5,Typ,0,Attchd,2004.0,RFn,2,530,TA,TA,Y,156,158,0,0,0,WD,Normal,196000
RL,80.0,9600,Pave,Reg,Lvl,AllPub,Inside,Gtl,NWAmes,Norm,Norm,1Fam,1Story,7,5,1969,1969,Hip,CompShg,HdBoard,HdBoard,168.0,TA,TA,CBlock,TA,TA,No,Unf,0,Unf,0,1164,1164,GasA,TA,Y,SBrkr,1164,0,1164,0,1,1,3,1,TA,6,Typ,0,Attchd,1969.0,Unf,2,528,TA,TA,Y,0,0,0,0,0,COD,Normal,140000
RL,82.0,12438,Pave,IR1,Lvl,AllPub,Inside,Gtl,StoneBr,Norm,Norm,1Fam,2Story,8,5,2006,2006,Hip,CompShg,VinylSd,VinylSd,466.0,Ex,TA,PConc,Ex,Gd,No,Unf,0,Unf,0,1234,1234,GasA,Ex,Y,SBrkr,1264,1312,2576,0,2,1,4,1,Ex,10,Typ,1,BuiltIn,2006.0,Fin,3,666,TA,TA,Y,324,100,0,0,0,New,Partial,361919
RL,70.0,8400,Pave,Reg,Lvl,AllPub,Inside,Gtl,CollgCr,Norm,Norm,1Fam,1Story,7,5,2004,2005,Gable,CompShg,VinylSd,VinylSd,109.0,Gd,TA,PConc,Gd,TA,Av,GLQ,712,Unf,0,761,1473,GasA,Ex,Y,SBrkr,1484,0,1484,1,2,0,3,1,Gd,7,Typ,0,Attchd,2004.0,RFn,2,606,TA,TA,Y,0,35,0,0,0,WD,Normal,213000
RL,69.0,115149,Pave,IR2,Low,AllPub,CulDSac,Sev,ClearCr,Norm,Norm,1Fam,1Story,7,5,1971,2002,Gable,CompShg,Plywood,Plywood,351.0,TA,TA,CBlock,Gd,TA,Gd,GLQ,1219,Unf,0,424,1643,GasA,TA,Y,SBrkr,1824,0,1824,1,2,0,2,1,Gd,5,Typ,2,Attchd,1971.0,Unf,2,739,TA,TA,Y,380,48,0,0,0,WD,Normal,302000
RL,48.0,6240,Pave,Reg,Lvl,AllPub,Inside,Gtl,NridgHt,Norm,Norm,TwnhsE,1Story,8,5,2006,2006,Hip,CompShg,MetalSd,MetalSd,176.0,Gd,TA,PConc,Gd,TA,No,GLQ,863,Unf,0,461,1324,GasA,Ex,Y,SBrkr,1324,0,1324,1,2,0,2,1,Gd,6,Typ,1,Attchd,2006.0,Fin,2,550,TA,TA,Y,192,38,0,0,0,WD,Normal,254000
RL,65.0,9018,Pave,IR1,Lvl,AllPub,Inside,Gtl,Gilbert,Norm,Norm,1Fam,2Story,7,5,2007,2007,Hip,CompShg,VinylSd,VinylSd,0.0,Gd,TA,PConc,Gd,TA,Av,Unf,0,Unf,0,728,728,GasA,Ex,Y,SBrkr,728,728,1456,0,2,1,3,1,Gd,8,Typ,1,Attchd,2007.0,Fin,2,400,TA,TA,Y,100,24,0,0,0,New,Partial,179540
RL,69.0,7162,Pave,IR1,Lvl,AllPub,Inside,Gtl,Sawyer,Norm,Norm,1Fam,1Story,5,7,1966,1966,Gable,CompShg,HdBoard,HdBoard,41.0,TA,TA,PConc,TA,TA,No,Unf,0,Unf,0,876,876,GasA,TA,Y,SBrkr,904,0,904,0,1,0,3,1,TA,6,Typ,0,Attchd,1966.0,Unf,1,408,TA,TA,Y,0,0,0,0,0,WD,Abnorml,109900
RL,56.0,4130,Pave,IR1,Lvl,AllPub,Inside,Gtl,BrkSide,Norm,Norm,1Fam,1Story,3,6,1935,2003,Gable,CompShg,VinylSd,VinylSd,0.0,Gd,TA,CBlock,TA,TA,No,Unf,0,Unf,0,270,270,GasA,Gd,Y,SBrkr,729,0,729,0,1,0,2,1,TA,5,Maj2,0,Attchd,1980.0,Unf,0,0,TA,TA,N,0,0,0,0,0,WD,Normal,52000
RL,40.0,4671,Pave,IR1,HLS,AllPub,Inside,Gtl,StoneBr,Norm,Norm,TwnhsE,1Story,8,5,1988,1989,Gable,CompShg,HdBoard,HdBoard,0.0,Gd,TA,PConc,Gd,TA,Mn,GLQ,767,Unf,0,461,1228,GasA,Gd,Y,SBrkr,1228,0,1228,1,2,0,2,1,Gd,5,Typ,1,Attchd,1988.0,Fin,2,472,TA,TA,Y,168,120,0,0,0,WD,Normal,189000
RL,78.0,10140,Pave,Reg,Lvl,AllPub,Inside,Gtl,NWAmes,Norm,Norm,1Fam,1Story,6,5,1974,1974,Hip,CompShg,HdBoard,HdBoard,174.0,TA,TA,CBlock,Gd,TA,No,Unf,0,Unf,0,1064,1064,GasA,TA,Y,SBrkr,1350,0,1350,0,2,0,3,1,TA,7,Typ,1,Attchd,1974.0,RFn,2,478,TA,TA,Y,0,0,0,0,0,WD,Normal,165000
RL,69.0,9920,Pave,IR1,Lvl,AllPub,Inside,Gtl,CollgCr,Norm,Norm,1Fam,1Story,5,6,1969,1969,Gable,CompShg,HdBoard,Plywood,0.0,TA,TA,CBlock,Gd,TA,Gd,ALQ,523,Unf,0,448,971,GasA,TA,Y,SBrkr,971,0,971,0,1,1,3,1,TA,5,Typ,1,Attchd,1969.0,Unf,1,300,TA,TA,Y,0,0,0,0,0,WD,Normal,128500
RM,69.0,4426,Pave,Reg,Lvl,AllPub,Inside,Gtl,CollgCr,Norm,Norm,TwnhsE,1Story,6,5,2004,2004,Gable,CompShg,VinylSd,VinylSd,169.0,Gd,TA,PConc,Gd,TA,Av,GLQ,662,Unf,0,186,848,GasA,Ex,Y,SBrkr,848,0,848,1,1,0,1,1,Gd,3,Typ,0,Attchd,2004.0,RFn,2,420,TA,TA,Y,160,0,0,0,0,WD,Normal,143000
RL,70.0,8120,Pave,Reg,Lvl,AllPub,Inside,Gtl,NAmes,Norm,Norm,1Fam,1Story,4,7,1970,1970,Gable,CompShg,MetalSd,MetalSd,0.0,TA,Gd,CBlock,TA,TA,No,ALQ,191,Unf,0,673,864,GasA,Ex,Y,SBrkr,864,0,864,0,1,0,3,1,TA,5,Typ,0,Detchd,1994.0,Unf,2,463,TA,TA,Y,0,0,0,0,0,WD,Normal,124500
RL,86.0,13286,Pave,IR1,Lvl,AllPub,Inside,Gtl,Edwards,Norm,Norm,1Fam,1Story,9,5,2007,2008,Hip,CompShg,CemntBd,CmentBd,340.0,Ex,TA,PConc,Ex,TA,No,GLQ,1234,Unf,0,464,1698,GasA,Ex,Y,SBrkr,1698,0,1698,1,2,0,3,1,Ex,8,Typ,1,Attchd,2007.0,Fin,3,768,TA,TA,Y,327,64,0,0,0,WD,Normal,320000
RL,64.0,7314,Pave,Reg,Lvl,AllPub,Inside,Gtl,CollgCr,Norm,Norm,1Fam,1Story,7,5,2007,2007,Gable,CompShg,VinylSd,VinylSd,82.0,Gd,TA,PConc,Gd,TA,Av,GLQ,724,Unf,0,508,1232,GasA,Ex,Y,SBrkr,1232,0,1232,1,2,0,2,1,Gd,6,Typ,0,Attchd,2007.0,RFn,2,632,TA,TA,Y,132,0,0,0,0,WD,Normal,194500
RL,85.0,11475,Pave,Reg,Lvl,AllPub,Corner,Gtl,NAmes,Norm,Norm,Duplex,1Story,5,5,1958,1958,Gable,CompShg,VinylSd,VinylSd,95.0,TA,TA,CBlock,TA,TA,No,Unf,0,Unf,0,1584,1584,GasA,TA,Y,SBrkr,1776,0,1776,1,2,0,4,2,TA,9,Typ,0,Detchd,1968.0,Unf,3,888,TA,TA,Y,0,25,0,0,0,COD,Abnorml,110000
RL,39.0,5389,Pave,IR1,Lvl,AllPub,Inside,Gtl,StoneBr,Norm,Norm,TwnhsE,1Story,8,5,1995,1996,Gable,CompShg,CemntBd,CmentBd,0.0,Gd,TA,PConc,Gd,TA,No,GLQ,1180,Unf,0,415,1595,GasA,Ex,Y,SBrkr,1616,0,1616,1,2,0,2,1,Gd,5,Typ,1,Attchd,1995.0,RFn,2,608,TA,TA,Y,237,152,0,0,0,WD,Normal,236500
RL,73.0,9590,Pave,IR1,Lvl,AllPub,Corner,Gtl,Timber,Norm,Norm,1Fam,SLvl,7,5,2003,2003,Gable,CompShg,VinylSd,VinylSd,442.0,Gd,TA,PConc,Ex,TA,Av,GLQ,786,Unf,0,82,868,GasA,Ex,Y,SBrkr,1146,0,1146,1,2,0,3,1,Gd,6,Typ,1,Attchd,2003.0,Fin,2,438,TA,TA,Y,160,22,0,0,0,WD,Normal,187500
RL,75.0,11404,Pave,IR1,Lvl,AllPub,Inside,Gtl,CollgCr,Norm,Norm,1Fam,2Story,7,5,1998,1999,Gable,CompShg,VinylSd,VinylSd,202.0,Gd,TA,PConc,Gd,TA,Av,ALQ,252,Unf,0,901,1153,GasA,Ex,Y,SBrkr,1153,878,2031,0,2,1,3,1,Gd,8,Typ,1,Attchd,1998.0,Fin,2,541,TA,TA,Y,192,84,0,0,0,WD,Normal,222500
RL,80.0,10000,Pave,Reg,Lvl,AllPub,Corner,Gtl,Sawyer,Feedr,Norm,1Fam,1Story,5,6,1961,1983,Hip,CompShg,HdBoard,HdBoard,0.0,TA,TA,CBlock,TA,TA,No,BLQ,594,Unf,0,270,864,GasA,Ex,Y,SBrkr,1144,0,1144,1,1,0,3,1,TA,6,Typ,1,Attchd,1961.0,RFn,1,264,TA,TA,Y,165,0,0,0,0,WD,Normal,131400
RL,69.0,8978,Pave,IR1,Lvl,AllPub,Corner,Gtl,Sawyer,Norm,Norm,1Fam,1Story,5,5,1968,1968,Gable,CompShg,Plywood,Plywood,0.0,TA,TA,PConc,TA,TA,No,Unf,0,Unf,0,948,948,GasA,TA,Y,SBrkr,948,0,948,0,1,0,3,1,TA,6,Typ,0,Attchd,1968.0,Unf,1,300,TA,TA,Y,147,0,0,0,0,WD,Family,108000
RM,60.0,10800,Pave,Reg,Lvl,AllPub,Inside,Gtl,OldTown,Norm,Norm,1Fam,2.5Unf,7,7,1914,1970,Gable,CompShg,Wd Sdng,Wd Sdng,0.0,TA,TA,BrkTil,Gd,TA,Mn,Rec,390,Unf,0,490,880,GasW,Fa,N,SBrkr,880,888,1768,0,1,1,2,1,TA,6,Typ,2,Detchd,1914.0,Unf,2,320,TA,TA,N,0,341,0,0,0,WD,Normal,163000
RL,60.0,8544,Pave,Reg,Lvl,AllPub,Inside,Gtl,NAmes,Norm,Norm,Duplex,1Story,3,4,1950,1950,Gable,CompShg,Stucco,Stone,0.0,TA,TA,CBlock,TA,TA,No,Unf,0,Unf,0,0,0,GasA,Gd,N,FuseF,1040,0,1040,0,2,0,2,2,TA,6,Typ,0,Detchd,1949.0,Unf,2,400,TA,TA,Y,0,0,0,0,0,WD,Normal,93500
RL,72.0,10463,Pave,IR1,HLS,AllPub,CulDSac,Gtl,Gilbert,Norm,Norm,1Fam,2Story,8,5,2005,2005,Gable,CompShg,VinylSd,VinylSd,0.0,Gd,TA,PConc,Gd,TA,No,Unf,0,Unf,0,893,893,GasA,Ex,Y,SBrkr,901,900,1801,0,2,1,3,1,Gd,8,Typ,1,Attchd,2005.0,Fin,3,800,TA,TA,Y,0,116,0,0,0,WD,Normal,239900
RL,60.0,10800,Pave,Reg,Lvl,AllPub,Inside,Gtl,Edwards,Norm,Norm,Duplex,1Story,5,5,1987,1988,Gable,CompShg,Plywood,Plywood,0.0,TA,TA,CBlock,Gd,Gd,Gd,GLQ,1200,Unf,0,0,1200,GasA,TA,Y,SBrkr,1200,0,1200,3,3,0,3,1,TA,5,Typ,0,Attchd,1980.0,Unf,0,0,TA,TA,Y,120,0,0,0,0,WD,Alloca,179000
RL,65.0,9313,Pave,IR1,Lvl,AllPub,Inside,Gtl,CollgCr,Norm,Norm,1Fam,2Story,7,5,2004,2004,Gable,CompShg,VinylSd,VinylSd,0.0,Gd,TA,PConc,Gd,TA,No,Unf,0,Unf,0,864,864,GasA,Ex,Y,SBrkr,864,864,1728,0,2,1,3,1,Gd,7,Typ,0,Attchd,2004.0,RFn,2,572,TA,TA,Y,187,56,0,0,0,WD,Normal,190000
RL,65.0,8450,Pave,Reg,Lvl,AllPub,Inside,Gtl,SawyerW,Norm,Norm,1Fam,1Story,7,5,2000,2001,Gable,CompShg,VinylSd,VinylSd,108.0,TA,TA,PConc,Gd,TA,No,Unf,0,Unf,0,1349,1349,GasA,Ex,Y,SBrkr,1349,0,1349,0,2,0,3,1,TA,6,Typ,0,Attchd,2000.0,Unf,2,539,TA,TA,Y,120,55,0,0,0,WD,Normal,179000
RL,69.0,8795,Pave,IR1,Lvl,AllPub,Inside,Gtl,Gilbert,Norm,Norm,1Fam,2Story,7,5,2000,2000,Gable,CompShg,VinylSd,VinylSd,0.0,Gd,TA,PConc,Gd,TA,No,GLQ,300,Unf,0,652,952,GasA,Ex,Y,SBrkr,980,1276,2256,0,2,1,4,1,Gd,8,Typ,1,BuiltIn,2000.0,Fin,2,554,TA,TA,Y,224,54,0,0,0,WD,Normal,236000
RM,55.0,8800,Pave,Reg,Lvl,AllPub,Corner,Gtl,OldTown,Norm,Norm,1Fam,1.5Fin,4,7,1910,2004,Gable,CompShg,Wd Sdng,Wd Sdng,0.0,TA,TA,BrkTil,TA,Fa,No,Unf,0,Unf,0,576,576,GasA,Gd,Y,SBrkr,792,348,1140,0,1,0,3,1,TA,7,Min2,0,Attchd,1980.0,Unf,0,0,TA,TA,N,0,160,0,0,0,WD,Normal,96500
RL,69.0,7750,Pave,Reg,Lvl,AllPub,Inside,Gtl,Gilbert,RRAn,Norm,1Fam,2Story,7,5,2003,2003,Gable,CompShg,VinylSd,VinylSd,0.0,Gd,TA,PConc,Gd,TA,No,Unf,0,Unf,0,660,660,GasA,Ex,Y,SBrkr,660,660,1320,0,2,1,3,1,Gd,6,Typ,0,Attchd,2003.0,Fin,2,400,TA,TA,Y,0,48,0,0,0,WD,Normal,162000
RL,79.0,9236,Pave,IR1,Lvl,AllPub,Inside,Gtl,CollgCr,Norm,Norm,1Fam,1Story,6,5,1997,1997,Gable,CompShg,VinylSd,VinylSd,0.0,TA,Gd,PConc,Gd,TA,Gd,GLQ,1200,Unf,0,279,1479,GasA,Ex,Y,SBrkr,1494,0,1494,1,2,0,3,1,Gd,6,Typ,0,Attchd,1997.0,RFn,2,576,TA,TA,Y,168,27,0,0,0,WD,Normal,217000
RL,80.0,10240,Pave,Reg,Lvl,AllPub,Inside,Gtl,NridgHt,Norm,Norm,1Fam,2Story,8,5,2005,2005,Gable,CompShg,VinylSd,VinylSd,178.0,Gd,TA,PConc,Gd,TA,Mn,Unf,0,Unf,0,1030,1030,GasA,Gd,Y,SBrkr,1038,1060,2098,0,2,1,3,1,Ex,8,Typ,1,Attchd,2005.0,RFn,3,878,TA,TA,Y,192,52,0,0,0,WD,Normal,275500
RL,68.0,10769,Pave,IR1,Lvl,AllPub,Inside,Gtl,CollgCr,Norm,Norm,1Fam,2Story,8,5,2007,2007,Gable,CompShg,VinylSd,VinylSd,0.0,Gd,TA,PConc,Gd,TA,Av,GLQ,20,Unf,0,846,866,GasA,Ex,Y,SBrkr,866,902,1768,0,2,1,3,1,Gd,7,Typ,0,Attchd,2007.0,RFn,2,578,TA,TA,Y,144,105,0,0,0,WD,Normal,212000
RL,69.0,11616,Pave,IR1,Lvl,AllPub,CulDSac,Gtl,Sawyer,Norm,Norm,1Fam,2Story,6,5,1978,1978,Hip,CompShg,HdBoard,HdBoard,328.0,TA,TA,CBlock,TA,TA,Mn,Rec,438,Unf,0,234,672,GasA,TA,Y,SBrkr,672,714,1386,0,2,1,3,1,TA,6,Typ,1,Attchd,1978.0,Fin,2,440,TA,TA,Y,335,0,0,0,0,WD,Abnorml,158900
RL,70.0,9100,Pave,Reg,Lvl,AllPub,Inside,Gtl,NAmes,Norm,Norm,1Fam,1Story,6,6,1959,1959,Hip,CompShg,Wd Sdng,Wd Sdng,0.0,TA,TA,CBlock,TA,TA,No,Rec,612,Unf,0,252,864,GasA,Ex,Y,SBrkr,864,0,864,0,1,0,2,1,TA,5,Typ,0,Detchd,2008.0,Unf,1,300,Ex,Ex,Y,0,0,0,0,0,WD,Normal,127500
RM,60.0,6911,Pave,Reg,Lvl,AllPub,FR2,Gtl,BrkSide,Feedr,Norm,1Fam,1Story,5,5,1924,1950,Gable,CompShg,Wd Sdng,Wd Sdng,0.0,TA,TA,PConc,TA,TA,Mn,LwQ,405,Unf,0,740,1145,GasA,TA,Y,SBrkr,1301,0,1301,0,1,0,2,1,Fa,5,Min1,0,Detchd,1965.0,Unf,2,440,TA,TA,Y,0,0,0,0,0,WD,Normal,100000
FV,72.0,8640,Pave,Reg,Lvl,AllPub,Inside,Gtl,Somerst,Norm,Norm,1Fam,2Story,7,5,2009,2009,Gable,CompShg,VinylSd,VinylSd,0.0,TA,TA,PConc,Gd,TA,Mn,GLQ,24,Unf,0,732,756,GasA,Ex,Y,SBrkr,764,783,1547,0,2,1,3,1,Gd,7,Typ,0,Attchd,2009.0,Unf,2,614,TA,TA,Y,169,45,0,0,0,Con,Normal,215200
RL,75.0,14587,Pave,IR1,Lvl,AllPub,Inside,Gtl,Somerst,Norm,Norm,1Fam,1Story,9,5,2008,2008,Gable,CompShg,VinylSd,VinylSd,284.0,Gd,TA,PConc,Gd,TA,No,Unf,0,Unf,0,1498,1498,GasA,Ex,Y,SBrkr,1506,0,1506,0,2,0,2,1,Ex,6,Typ,1,Attchd,2008.0,Fin,2,592,TA,TA,Y,0,174,0,0,0,New,Partial,264132
RL,70.0,9100,Pave,Reg,Lvl,AllPub,Inside,Gtl,CollgCr,Norm,Norm,1Fam,1Story,7,5,2004,2005,Hip,CompShg,VinylSd,VinylSd,0.0,Gd,TA,PConc,Gd,TA,No,GLQ,24,Unf,0,1836,1860,GasA,Ex,Y,SBrkr,1836,0,1836,0,2,0,3,1,Gd,8,Typ,1,Attchd,2004.0,Fin,2,484,TA,TA,Y,120,33,0,0,0,WD,Normal,216837
RL,69.0,7252,Pave,IR1,Lvl,AllPub,CulDSac,Gtl,Sawyer,Norm,Norm,1Fam,SFoyer,5,5,1982,1982,Hip,CompShg,Wd Sdng,Wd Sdng,0.0,TA,TA,CBlock,Gd,TA,Av,GLQ,685,Unf,0,173,858,GasA,TA,Y,SBrkr,858,0,858,1,1,0,2,1,TA,5,Typ,0,Detchd,1983.0,Unf,2,576,TA,TA,Y,120,0,0,0,0,WD,Normal,134900
RL,67.0,8877,Pave,Reg,Lvl,AllPub,Inside,Gtl,Edwards,Norm,Norm,1Fam,1Story,4,5,1951,1951,Gable,CompShg,Wd Sdng,Wd Sdng,0.0,TA,TA,CBlock,Fa,Fa,No,LwQ,836,Unf,0,0,836,GasA,TA,Y,FuseF,1220,0,1220,0,1,0,2,1,TA,6,Typ,0,Detchd,1951.0,Unf,2,396,TA,TA,Y,0,0,0,0,0,COD,Normal,102000
RL,70.0,10150,Pave,Reg,Lvl,AllPub,Inside,Gtl,NAmes,Feedr,Norm,1Fam,1Story,5,5,1958,1958,Gable,CompShg,Wd Sdng,Wd Sdng,1.0,TA,TA,CBlock,TA,TA,No,Rec,456,Unf,0,456,912,GasA,Ex,Y,FuseA,912,0,912,0,1,0,2,1,TA,5,Typ,0,Attchd,1958.0,RFn,1,275,TA,TA,Y,0,0,0,0,0,COD,Normal,114500
RL,86.0,11210,Pave,IR1,Lvl,AllPub,Inside,Gtl,CollgCr,Norm,Norm,1Fam,1Story,7,5,2005,2006,Gable,CompShg,VinylSd,VinylSd,240.0,Gd,TA,PConc,Gd,TA,Av,GLQ,20,Unf,0,1594,1614,GasA,Ex,Y,SBrkr,1614,0,1614,0,2,0,3,1,Gd,7,Typ,0,Attchd,2005.0,RFn,3,865,TA,TA,Y,144,59,0,0,0,New,Partial,221500
RL,100.0,13350,Pave,IR1,Lvl,AllPub,Inside,Gtl,Sawyer,Norm,Norm,1Fam,1Story,5,5,1974,1974,Hip,CompShg,HdBoard,Plywood,0.0,TA,TA,CBlock,TA,TA,No,ALQ,762,Unf,0,102,864,GasA,TA,Y,SBrkr,894,0,894,1,1,0,3,1,TA,5,Typ,1,Attchd,1974.0,Unf,2,440,TA,TA,Y,241,0,0,0,0,WD,Normal,142500
RH,60.0,8400,Pave,Reg,Lvl,AllPub,Inside,Gtl,SawyerW,Feedr,Norm,Duplex,1Story,5,5,1977,1977,Gable,CompShg,Plywood,Plywood,320.0,TA,TA,Slab,TA,TA,No,Unf,0,Unf,0,0,0,GasA,TA,Y,SBrkr,2020,0,2020,0,2,0,4,2,TA,10,Typ,2,Detchd,1977.0,Unf,2,630,TA,TA,Y,0,0,0,0,0,WD,Normal,144000
RL,78.0,10530,Pave,Reg,Lvl,AllPub,Inside,Gtl,Mitchel,Norm,Norm,Duplex,SFoyer,6,5,1977,1977,Gable,CompShg,Plywood,ImStucc,90.0,TA,TA,CBlock,Gd,TA,Gd,GLQ,975,Unf,0,0,975,GasA,TA,Y,SBrkr,1004,0,1004,1,1,0,2,1,TA,4,Typ,0,Attchd,1977.0,Unf,2,504,TA,TA,Y,0,0,0,0,0,WD,Normal,135000
RL,63.0,7875,Pave,Reg,Lvl,AllPub,Inside,Gtl,Gilbert,Norm,Norm,1Fam,1Story,7,5,1995,1996,Gable,CompShg,HdBoard,HdBoard,38.0,TA,TA,PConc,Gd,Gd,No,Unf,0,Unf,0,1237,1237,GasA,Gd,Y,SBrkr,1253,0,1253,0,2,0,3,1,TA,6,Typ,1,Attchd,1995.0,Fin,2,402,TA,TA,Y,220,21,0,0,0,WD,Normal,176000
RL,65.0,7153,Pave,Reg,Lvl,AllPub,Inside,Gtl,SawyerW,Norm,Norm,1Fam,2Story,6,5,1992,1992,Gable,CompShg,VinylSd,VinylSd,0.0,Gd,Gd,PConc,Gd,TA,No,ALQ,387,Unf,0,374,761,GasA,Ex,Y,SBrkr,810,793,1603,0,2,1,3,1,Gd,7,Typ,0,Attchd,1992.0,RFn,2,484,TA,TA,Y,0,124,0,0,0,WD,Normal,175900
RL,67.0,16285,Pave,IR2,Lvl,AllPub,Inside,Gtl,CollgCr,Norm,Norm,1Fam,1Story,7,5,2001,2002,Gable,CompShg,VinylSd,VinylSd,0.0,Gd,TA,PConc,Gd,TA,No,Unf,0,Unf,0,1413,1413,GasA,Ex,Y,SBrkr,1430,0,1430,0,2,0,3,1,Gd,6,Typ,0,Attchd,2001.0,RFn,2,605,TA,TA,Y,0,33,0,0,0,WD,Normal,187100
RL,69.0,9101,Pave,IR1,Lvl,AllPub,Corner,Gtl,Mitchel,Norm,Norm,1Fam,SFoyer,5,6,1978,1978,Gable,CompShg,Plywood,Plywood,104.0,TA,Gd,PConc,Gd,TA,Av,GLQ,1097,Unf,0,0,1097,GasA,Ex,Y,SBrkr,1110,0,1110,1,1,0,1,1,Gd,4,Typ,1,Attchd,1978.0,Fin,2,602,TA,TA,Y,303,30,0,0,0,WD,Normal,165500
RL,76.0,10142,Pave,IR1,Lvl,AllPub,Inside,Gtl,SawyerW,Norm,Norm,1Fam,2Story,7,5,2004,2004,Gable,CompShg,VinylSd,VinylSd,0.0,Gd,TA,PConc,Gd,TA,No,GLQ,656,Unf,0,300,956,GasA,Ex,Y,SBrkr,956,1128,2084,1,2,1,4,1,Gd,8,Typ,0,BuiltIn,2004.0,RFn,2,618,TA,TA,Y,0,45,0,0,0,WD,Normal,233000
RM,50.0,6000,Pave,Reg,Lvl,AllPub,Corner,Gtl,OldTown,Norm,Norm,1Fam,1Story,4,7,1954,2000,Gable,CompShg,MetalSd,MetalSd,0.0,TA,TA,CBlock,TA,TA,No,Unf,0,Unf,0,901,901,GasA,Ex,Y,SBrkr,901,0,901,0,1,0,2,1,TA,4,Typ,0,Detchd,1954.0,Unf,1,281,Fa,TA,Y,0,0,0,0,0,WD,Normal,107900
RL,43.0,3182,Pave,Reg,Lvl,AllPub,Inside,Gtl,Blmngtn,Norm,Norm,TwnhsE,1Story,7,5,2005,2006,Gable,CompShg,VinylSd,VinylSd,11.0,Gd,TA,PConc,Gd,TA,No,GLQ,16,Unf,0,1129,1145,GasA,Ex,Y,SBrkr,1145,0,1145,0,2,0,2,1,Gd,5,Typ,1,Attchd,2005.0,Fin,2,397,TA,TA,Y,100,16,0,0,0,WD,Normal,160200
RL,69.0,11333,Pave,IR1,Lvl,AllPub,Corner,Gtl,Mitchel,Norm,Norm,1Fam,SLvl,6,5,1976,1976,Gable,CompShg,HdBoard,HdBoard,0.0,TA,TA,PConc,Gd,TA,Av,ALQ,539,Unf,0,490,1029,GasA,TA,Y,SBrkr,1062,0,1062,1,1,0,3,1,TA,5,Typ,2,Attchd,1976.0,RFn,2,539,TA,TA,Y,120,0,0,0,0,WD,Normal,146800
RL,92.0,9920,Pave,IR1,Lvl,AllPub,CulDSac,Gtl,NoRidge,Norm,Norm,1Fam,2Story,7,5,1996,1997,Gable,CompShg,MetalSd,MetalSd,0.0,Gd,TA,PConc,Gd,TA,Av,GLQ,862,Unf,0,255,1117,GasA,Ex,Y,SBrkr,1127,886,2013,1,2,1,3,1,TA,8,Typ,1,Attchd,1997.0,Unf,2,455,TA,TA,Y,180,130,0,0,0,WD,Normal,269790
RL,76.0,9158,Pave,Reg,Lvl,AllPub,Inside,Gtl,Somerst,Norm,Norm,1Fam,1Story,8,5,2007,2007,Gable,CompShg,CemntBd,CmentBd,140.0,Gd,TA,PConc,Gd,TA,Av,Unf,0,Unf,0,1496,1496,GasA,Ex,Y,SBrkr,1496,0,1496,0,2,0,3,1,Gd,7,Typ,0,Attchd,2007.0,Fin,2,474,TA,TA,Y,168,130,0,0,0,New,Partial,225000
RL,69.0,10832,Pave,IR1,Lvl,AllPub,Corner,Gtl,Gilbert,Norm,Norm,1Fam,2Story,7,5,1994,1996,Gable,CompShg,MetalSd,MetalSd,0.0,Gd,TA,PConc,Gd,TA,No,Unf,0,Unf,0,712,712,GasA,Ex,Y,SBrkr,1086,809,1895,0,2,1,3,1,Gd,7,Typ,1,Attchd,1994.0,Fin,2,409,TA,TA,Y,143,46,0,0,0,WD,Normal,194500
RL,71.0,8197,Pave,Reg,Lvl,AllPub,Inside,Gtl,Sawyer,Norm,Norm,1Fam,1Story,6,5,1977,1977,Gable,CompShg,Plywood,Plywood,148.0,TA,TA,CBlock,TA,TA,No,Unf,0,Unf,0,660,660,GasA,Ex,Y,SBrkr,1285,0,1285,0,1,1,3,1,TA,7,Typ,1,Attchd,1977.0,RFn,2,528,TA,TA,Y,138,0,0,0,0,WD,Normal,143500
RL,57.0,7677,Pave,Reg,Lvl,AllPub,Inside,Gtl,NAmes,Norm,Norm,1Fam,1Story,5,5,1953,1953,Gable,CompShg,VinylSd,VinylSd,0.0,TA,TA,CBlock,TA,TA,No,BLQ,570,Unf,0,203,773,GasA,Gd,Y,SBrkr,773,0,773,0,1,0,2,1,TA,4,Typ,0,Attchd,1953.0,Unf,1,240,TA,TA,Y,0,0,0,0,0,WD,Abnorml,110000
RM,40.0,4800,Pave,Reg,Lvl,AllPub,Inside,Gtl,IDOTRR,Norm,Norm,1Fam,1Story,4,7,1916,1990,Gable,CompShg,MetalSd,MetalSd,0.0,TA,TA,CBlock,TA,TA,No,LwQ,197,Unf,0,999,1196,GasA,Ex,Y,FuseA,1196,0,1196,1,1,0,2,1,TA,5,Typ,0,Detchd,1957.0,Unf,2,440,TA,TA,Y,0,0,0,0,0,WD,Normal,109900
RL,63.0,8199,Pave,Reg,Lvl,AllPub,Inside,Gtl,CollgCr,Norm,Norm,1Fam,2Story,7,5,2005,2005,Gable,CompShg,WdShing,Wd Shng,0.0,Gd,TA,PConc,Gd,TA,Av,GLQ,648,Unf,0,80,728,GasA,Ex,Y,SBrkr,728,728,1456,1,2,1,3,1,Gd,7,Typ,1,Attchd,2005.0,Fin,2,410,TA,TA,Y,36,18,0,0,0,WD,Normal,189000
RL,75.0,9000,Pave,Reg,Lvl,AllPub,Inside,Gtl,NAmes,Norm,Norm,1Fam,1Story,5,5,1954,1954,Gable,CompShg,Wd Sdng,Wd Sdng,0.0,TA,TA,CBlock,TA,TA,No,LwQ,812,Unf,0,124,936,GasA,TA,Y,SBrkr,1128,0,1128,0,1,0,2,1,TA,5,Min1,0,Attchd,1954.0,Unf,1,286,TA,TA,Y,0,0,0,0,0,WD,Family,118000
RL,91.0,12274,Pave,IR1,Lvl,AllPub,FR2,Gtl,Somerst,Norm,Norm,1Fam,1Story,7,5,2008,2008,Gable,CompShg,VinylSd,VinylSd,256.0,Gd,TA,PConc,Gd,TA,No,Unf,0,Unf,0,1417,1417,GasA,Ex,Y,SBrkr,1428,0,1428,0,2,0,3,1,Ex,6,Typ,0,Attchd,2008.0,RFn,2,554,TA,TA,Y,0,60,0,0,0,New,Partial,227680
RM,90.0,8100,Pave,Reg,Lvl,AllPub,Corner,Gtl,OldTown,Norm,Norm,1Fam,2.5Unf,5,5,1898,1965,Hip,CompShg,AsbShng,AsbShng,0.0,TA,TA,PConc,TA,TA,No,Unf,0,Unf,0,849,849,GasA,TA,N,FuseA,1075,1063,2138,0,2,0,2,3,TA,11,Typ,0,Detchd,1910.0,Unf,2,360,Fa,Po,N,40,156,0,0,0,WD,Normal,106000
RM,69.0,4438,Pave,Reg,Lvl,AllPub,Inside,Gtl,CollgCr,Norm,Norm,TwnhsE,1Story,6,5,2004,2004,Gable,CompShg,VinylSd,VinylSd,169.0,Gd,TA,PConc,Gd,TA,Gd,GLQ,662,Unf,0,186,848,GasA,Ex,Y,SBrkr,848,0,848,1,1,0,1,1,Gd,4,Typ,1,Attchd,2004.0,Fin,2,420,TA,TA,Y,140,0,0,0,0,ConLD,Normal,144500
C (all),66.0,8712,Grvl,Reg,Bnk,AllPub,Inside,Mod,IDOTRR,Norm,Norm,1Fam,1Story,5,5,1952,1952,Hip,CompShg,Wd Sdng,Wd Sdng,0.0,Fa,TA,CBlock,TA,TA,Av,Unf,0,Unf,0,540,540,GasA,TA,N,FuseA,1044,0,1044,0,1,0,2,1,Fa,4,Typ,0,Basment,1952.0,Unf,2,504,TA,TA,N,0,0,0,0,0,WD,Alloca,55993
RL,48.0,12137,Pave,IR2,Lvl,AllPub,CulDSac,Gtl,CollgCr,Norm,Norm,1Fam,1Story,7,5,1998,1998,Gable,CompShg,VinylSd,VinylSd,442.0,TA,TA,PConc,Gd,TA,No,Unf,0,Unf,0,1649,1649,GasA,Ex,Y,SBrkr,1661,0,1661,0,2,0,3,1,Gd,6,Typ,0,Attchd,1998.0,RFn,2,598,TA,TA,Y,0,34,0,0,0,WD,Normal,224900
RL,69.0,13265,Pave,IR1,Lvl,AllPub,CulDSac,Gtl,Mitchel,Norm,Norm,1Fam,1Story,8,5,2002,2002,Hip,CompShg,CemntBd,CmentBd,148.0,Gd,TA,PConc,Gd,TA,No,GLQ,1218,Unf,0,350,1568,GasA,Ex,Y,SBrkr,1689,0,1689,1,2,0,3,1,Gd,7,Typ,2,Attchd,2002.0,RFn,3,857,TA,TA,Y,150,59,0,0,0,WD,Normal,271000
RL,80.0,8816,Pave,Reg,Lvl,AllPub,Inside,Gtl,ClearCr,Norm,Norm,1Fam,SLvl,6,7,1971,1971,Gable,CompShg,HdBoard,HdBoard,80.0,TA,TA,CBlock,TA,TA,Av,GLQ,504,Unf,0,506,1010,GasA,Gd,Y,SBrkr,1052,0,1052,1,1,0,3,1,TA,6,Typ,0,Attchd,1971.0,Unf,2,440,TA,TA,Y,0,0,0,0,0,WD,Normal,155000
RL,44.0,6371,Pave,IR1,Lvl,AllPub,Inside,Gtl,NridgHt,Norm,Norm,TwnhsE,1Story,7,5,2009,2010,Gable,CompShg,VinylSd,VinylSd,128.0,Gd,TA,PConc,Gd,TA,Mn,GLQ,733,Unf,0,625,1358,GasA,Ex,Y,SBrkr,1358,0,1358,1,2,0,2,1,Gd,6,Typ,1,Attchd,2010.0,RFn,2,484,TA,TA,Y,192,35,0,0,0,New,Partial,224000
RL,72.0,7226,Pave,IR1,Lvl,AllPub,CulDSac,Gtl,CollgCr,Norm,Norm,1Fam,2Story,7,5,2003,2003,Gable,CompShg,VinylSd,VinylSd,0.0,Gd,TA,PConc,Gd,TA,No,Unf,0,Unf,0,798,798,GasA,Ex,Y,SBrkr,798,842,1640,0,2,1,3,1,Gd,6,Typ,0,Attchd,2003.0,RFn,2,595,TA,TA,Y,0,45,0,0,0,WD,Normal,183000
RL,69.0,12394,Pave,IR1,Lvl,AllPub,Corner,Gtl,Gilbert,Norm,Norm,1Fam,2Story,7,5,2003,2003,Gable,CompShg,VinylSd,VinylSd,0.0,Gd,TA,PConc,Gd,TA,Gd,Unf,0,Unf,0,847,847,GasA,Ex,Y,SBrkr,847,886,1733,0,2,1,3,1,Gd,7,Typ,1,BuiltIn,2003.0,Fin,2,433,TA,TA,Y,100,48,0,0,0,WD,Family,225000
RL,60.0,9900,Pave,Reg,Lvl,AllPub,Inside,Gtl,SWISU,Norm,Norm,1Fam,1.5Fin,6,7,1940,1950,Gable,CompShg,VinylSd,VinylSd,0.0,TA,TA,BrkTil,TA,TA,No,Unf,0,Unf,0,778,778,GasA,TA,Y,SBrkr,944,545,1489,0,2,0,3,1,TA,7,Typ,1,Detchd,1940.0,Unf,1,240,TA,TA,Y,335,0,0,0,0,WD,Normal,139500
FV,81.0,11216,Pave,Reg,Lvl,AllPub,Inside,Gtl,Somerst,Norm,Norm,1Fam,1Story,8,5,2006,2006,Gable,CompShg,VinylSd,VinylSd,0.0,Gd,TA,PConc,Gd,Gd,No,Unf,0,Unf,0,1489,1489,GasA,Ex,Y,SBrkr,1489,0,1489,0,2,0,3,1,Gd,7,Typ,1,Attchd,2006.0,RFn,2,776,TA,TA,Y,0,140,0,0,0,New,Partial,232600
RL,65.0,8529,Pave,IR1,Lvl,AllPub,Inside,Gtl,SawyerW,Norm,Norm,1Fam,1Story,7,5,2001,2001,Gable,CompShg,VinylSd,VinylSd,0.0,Gd,TA,PConc,Gd,TA,No,GLQ,20,Unf,0,1434,1454,GasA,Ex,Y,SBrkr,1434,0,1434,0,2,0,3,1,Gd,6,Typ,1,Attchd,2001.0,RFn,2,527,TA,TA,Y,290,39,0,0,0,WD,Normal,189000
RL,44.0,9548,Pave,IR1,Lvl,AllPub,CulDSac,Gtl,CollgCr,Norm,Norm,1Fam,2Story,7,6,2003,2003,Gable,CompShg,VinylSd,VinylSd,223.0,Gd,TA,PConc,Gd,TA,No,GLQ,483,Unf,0,458,941,GasA,Ex,Y,SBrkr,941,888,1829,1,2,1,3,1,Gd,7,Typ,1,Attchd,2003.0,RFn,2,613,TA,TA,Y,192,39,0,0,0,WD,Normal,237000
RL,75.0,7875,Pave,Reg,Lvl,AllPub,Inside,Gtl,NAmes,Norm,Norm,1Fam,1Story,5,6,1961,1961,Gable,CompShg,VinylSd,VinylSd,136.0,TA,TA,CBlock,TA,TA,No,Rec,572,Unf,0,572,1144,GasA,Gd,Y,SBrkr,1144,0,1144,1,1,0,3,1,TA,6,Typ,0,Attchd,1961.0,Unf,2,456,TA,TA,Y,0,0,0,0,0,WD,Normal,139950
RL,60.0,9600,Pave,Reg,Lvl,AllPub,Inside,Gtl,Sawyer,Norm,Norm,1Fam,1Story,4,7,1950,1995,Gable,CompShg,VinylSd,HdBoard,0.0,TA,TA,CBlock,Gd,TA,No,BLQ,442,Unf,0,625,1067,GasA,TA,Y,SBrkr,1067,0,1067,0,2,0,2,1,Gd,4,Min2,0,Attchd,1996.0,Unf,2,436,TA,TA,Y,290,0,0,0,0,WD,Normal,128000
RL,75.0,9525,Pave,Reg,Lvl,AllPub,Inside,Gtl,CollgCr,Norm,Norm,1Fam,1Story,5,6,1995,2006,Gable,CompShg,VinylSd,VinylSd,0.0,TA,TA,PConc,Gd,TA,No,Unf,0,Unf,0,1099,1099,GasA,Ex,Y,SBrkr,1099,0,1099,0,1,1,3,1,Gd,6,Typ,0,Attchd,1999.0,Unf,1,352,TA,TA,Y,278,0,0,0,0,WD,Normal,144000
RL,70.0,11767,Pave,Reg,Lvl,AllPub,Inside,Gtl,Edwards,Norm,Norm,1Fam,1.5Fin,5,6,1946,1995,Gable,CompShg,MetalSd,MetalSd,0.0,TA,TA,CBlock,TA,TA,No,BLQ,352,Unf,0,416,768,GasA,Ex,Y,SBrkr,768,432,1200,0,1,0,3,1,TA,6,Typ,0,Detchd,1946.0,Unf,1,240,TA,TA,Y,0,0,0,0,0,WD,Normal,130500
RL,80.0,8000,Pave,Reg,Lvl,AllPub,Corner,Gtl,NAmes,Artery,Norm,Duplex,1Story,5,4,1961,1961,Gable,CompShg,BrkFace,BrkFace,0.0,TA,TA,CBlock,TA,TA,No,Unf,0,Unf,0,1800,1800,GasA,Ex,N,SBrkr,1800,0,1800,0,2,0,6,2,TA,10,Typ,0,Attchd,1980.0,Unf,0,0,TA,TA,Y,0,0,0,0,0,WD,Normal,141000
RL,69.0,16647,Pave,IR1,Lvl,AllPub,CulDSac,Gtl,Sawyer,RRAe,Norm,1Fam,SFoyer,5,5,1975,1981,Gable,CompShg,HdBoard,HdBoard,0.0,TA,TA,CBlock,Gd,TA,Gd,ALQ,1390,Unf,0,0,1390,GasA,TA,Y,SBrkr,1701,0,1701,1,2,0,3,1,TA,6,Min2,2,Basment,1975.0,Fin,2,611,TA,TA,Y,0,0,0,0,0,WD,Normal,171000
RL,36.0,15523,Pave,IR1,Lvl,AllPub,CulDSac,Gtl,CollgCr,Norm,Norm,1Fam,1Story,5,6,1972,1972,Gable,CompShg,HdBoard,Plywood,0.0,TA,TA,CBlock,TA,TA,Av,BLQ,460,Unf,0,404,864,GasA,Ex,Y,SBrkr,864,0,864,1,1,0,3,1,TA,5,Typ,1,Attchd,1972.0,Unf,1,338,TA,TA,Y,0,0,0,0,0,WD,Normal,133500
RL,80.0,9600,Pave,Reg,Lvl,AllPub,FR2,Gtl,Veenker,Feedr,Norm,1Fam,SLvl,6,7,1976,1994,Hip,CompShg,Plywood,Plywood,360.0,Gd,Gd,CBlock,TA,TA,No,Unf,0,Unf,0,528,528,GasA,Ex,Y,SBrkr,1094,761,1855,0,2,1,3,1,TA,7,Typ,1,Attchd,1976.0,RFn,2,512,TA,TA,Y,113,100,0,0,0,WD,Normal,187000
RM,36.0,4435,Pave,Reg,Lvl,AllPub,Inside,Gtl,CollgCr,Norm,Norm,TwnhsE,1Story,6,5,2003,2003,Gable,CompShg,VinylSd,VinylSd,170.0,Gd,TA,PConc,Gd,TA,Av,GLQ,659,Unf,0,189,848,GasA,Ex,Y,SBrkr,848,0,848,1,1,0,1,1,Gd,3,Typ,0,Attchd,2003.0,Fin,2,420,TA,TA,Y,140,0,0,0,0,WD,Normal,131500
RL,69.0,3196,Pave,Reg,Lvl,AllPub,Inside,Gtl,Blmngtn,Norm,Norm,TwnhsE,1Story,8,5,2003,2003,Gable,CompShg,VinylSd,VinylSd,40.0,Gd,TA,PConc,Gd,TA,Gd,Unf,0,Unf,0,1273,1273,GasA,Ex,Y,SBrkr,1456,0,1456,0,2,0,2,1,Gd,7,Typ,1,Attchd,2003.0,Fin,2,400,TA,TA,Y,143,20,0,0,0,WD,Normal,215000
RL,69.0,12095,Pave,IR1,Lvl,AllPub,Corner,Gtl,NAmes,Norm,Norm,1Fam,SLvl,6,6,1964,1964,Gable,CompShg,MetalSd,HdBoard,115.0,TA,Gd,CBlock,TA,TA,Gd,Rec,564,Unf,0,563,1127,GasA,TA,Y,SBrkr,1445,0,1445,0,1,1,3,1,TA,7,Typ,1,Attchd,1964.0,RFn,2,645,TA,TA,Y,180,0,0,0,0,WD,Normal,158000
RL,65.0,8125,Pave,Reg,Lvl,AllPub,Inside,Gtl,Gilbert,Norm,Norm,1Fam,2Story,6,5,1994,1995,Gable,CompShg,HdBoard,HdBoard,0.0,TA,TA,PConc,Gd,TA,No,Unf,0,Unf,0,702,702,GasA,Gd,Y,SBrkr,702,779,1481,0,2,1,3,1,TA,6,Typ,1,Attchd,1994.0,Fin,2,343,TA,TA,Y,0,36,0,0,0,WD,Normal,174000
RL,80.0,10400,Pave,Reg,Lvl,AllPub,Inside,Gtl,NWAmes,Norm,Norm,1Fam,1Story,7,5,1976,1976,Gable,CompShg,HdBoard,HdBoard,189.0,TA,TA,CBlock,Gd,TA,No,Unf,0,Unf,0,1090,1090,GasA,TA,Y,SBrkr,1370,0,1370,0,2,0,3,1,TA,6,Typ,1,Attchd,1976.0,RFn,2,479,TA,TA,Y,0,0,0,0,0,WD,Family,152000
RL,81.0,9672,Pave,Reg,Lvl,AllPub,Corner,Gtl,SawyerW,Norm,Norm,1Fam,1Story,6,5,1984,1985,Hip,CompShg,HdBoard,Plywood,0.0,TA,TA,PConc,Gd,TA,No,GLQ,338,Unf,0,702,1040,GasA,TA,Y,SBrkr,1097,0,1097,0,2,0,3,1,TA,6,Typ,0,Attchd,1986.0,Unf,2,480,TA,TA,Y,0,0,0,0,0,WD,Normal,152000
RL,70.0,7931,Pave,Reg,Lvl,AllPub,Inside,Gtl,NAmes,Norm,Norm,1Fam,1Story,5,5,1959,1959,Hip,CompShg,BrkFace,Plywood,0.0,TA,TA,CBlock,TA,TA,No,BLQ,1148,Unf,0,0,1148,GasA,TA,Y,SBrkr,1148,0,1148,1,1,0,3,1,TA,6,Typ,0,Attchd,1959.0,Unf,1,672,TA,TA,Y,0,0,0,0,0,WD,Normal,132500
FV,72.0,8640,Pave,Reg,Lvl,AllPub,Inside,Gtl,Somerst,Norm,Norm,1Fam,1Story,7,5,2007,2008,Gable,CompShg,VinylSd,VinylSd,0.0,Gd,TA,PConc,Ex,TA,No,Unf,0,Unf,0,1372,1372,GasA,Ex,Y,SBrkr,1372,0,1372,0,2,0,3,1,Gd,6,Typ,0,Attchd,2008.0,Fin,2,529,TA,TA,Y,0,140,0,0,0,New,Partial,250580
RL,69.0,8750,Pave,IR1,Lvl,AllPub,Inside,Gtl,NAmes,Norm,Norm,1Fam,1Story,5,6,1970,1970,Gable,CompShg,MetalSd,MetalSd,76.0,TA,TA,CBlock,TA,TA,No,BLQ,828,Unf,0,174,1002,GasA,TA,Y,SBrkr,1002,0,1002,1,1,0,3,1,TA,5,Typ,0,Detchd,1973.0,Unf,2,902,TA,TA,Y,0,0,0,0,0,WD,Normal,148500
RL,67.0,10656,Pave,IR1,HLS,AllPub,Inside,Gtl,Timber,Norm,Norm,1Fam,1Story,8,5,2006,2007,Gable,CompShg,VinylSd,VinylSd,274.0,Gd,TA,PConc,Gd,TA,Av,Unf,0,Unf,0,1638,1638,GasA,Ex,Y,SBrkr,1646,0,1646,0,2,0,3,1,Gd,6,Typ,1,Attchd,2007.0,RFn,3,870,TA,TA,Y,192,80,0,0,0,New,Partial,248900
RL,85.0,6970,Pave,Reg,Lvl,AllPub,Corner,Gtl,Sawyer,Feedr,Norm,1Fam,1Story,4,5,1961,1961,Gable,CompShg,VinylSd,VinylSd,0.0,TA,TA,CBlock,TA,TA,No,ALQ,932,Unf,0,108,1040,GasA,TA,Y,SBrkr,1120,0,1120,1,1,1,3,1,Fa,5,Typ,0,Attchd,1961.0,RFn,2,544,TA,TA,Y,168,0,0,0,0,WD,Normal,129000
RL,69.0,14762,Pave,IR2,Lvl,AllPub,Corner,Gtl,Gilbert,Feedr,Norm,1Fam,2Story,5,6,1948,1950,Gable,CompShg,Plywood,Plywood,0.0,TA,TA,Slab,TA,TA,No,Unf,0,Unf,0,0,0,GasA,Gd,Y,SBrkr,1547,720,2320,0,2,0,2,1,TA,7,Typ,1,Attchd,1979.0,Unf,2,672,TA,TA,P,120,144,0,0,0,WD,Normal,169000
RL,80.0,9938,Pave,Reg,Lvl,AllPub,Inside,Gtl,SawyerW,Norm,Norm,1Fam,2Story,7,5,1993,1994,Gable,CompShg,MetalSd,MetalSd,246.0,Gd,TA,PConc,Gd,TA,No,GLQ,750,Unf,0,300,1050,GasA,Ex,Y,SBrkr,1062,887,1949,1,2,1,3,1,Gd,8,Typ,1,Attchd,1993.0,Fin,2,574,TA,TA,Y,156,90,0,0,0,WD,Normal,236000
RL,60.0,6600,Pave,Reg,Lvl,AllPub,Inside,Gtl,NAmes,PosN,Norm,1Fam,1Story,5,5,1962,1962,Hip,CompShg,MetalSd,MetalSd,0.0,TA,TA,CBlock,TA,TA,No,Unf,0,Unf,0,894,894,GasA,Gd,N,SBrkr,894,0,894,0,1,0,2,1,TA,5,Typ,0,Detchd,1962.0,Unf,1,308,TA,TA,Y,0,0,0,0,0,WD,Normal,109500
RL,70.0,8750,Pave,Reg,Lvl,AllPub,Inside,Gtl,CollgCr,Norm,Norm,1Fam,2Story,6,5,1998,1998,Gable,CompShg,VinylSd,VinylSd,116.0,TA,TA,PConc,Gd,TA,No,GLQ,505,Unf,0,299,804,GasA,Ex,Y,SBrkr,804,878,1682,0,2,1,3,1,Gd,7,Typ,0,Attchd,1998.0,RFn,2,523,TA,TA,Y,0,77,0,0,0,WD,Normal,200500
RL,60.0,12144,Pave,Reg,Lvl,AllPub,Inside,Gtl,NAmes,Norm,Norm,1Fam,1Story,5,7,1949,1950,Gable,CompShg,HdBoard,HdBoard,0.0,Gd,TA,CBlock,TA,TA,No,Rec,375,Unf,0,457,832,GasA,Gd,Y,SBrkr,1036,0,1268,0,1,0,3,1,TA,6,Typ,1,Attchd,1949.0,Unf,1,288,TA,TA,Y,0,28,0,0,0,WD,Normal,133000
RM,52.0,5720,Pave,Reg,Lvl,AllPub,Inside,Gtl,OldTown,Artery,Norm,1Fam,1.5Fin,5,6,1941,1950,Gable,CompShg,Wd Sdng,Wd Sdng,0.0,TA,TA,CBlock,TA,TA,No,Unf,0,Unf,0,676,676,GasA,Ex,Y,SBrkr,676,455,1131,0,1,1,3,1,TA,5,Typ,0,Detchd,1941.0,Unf,1,200,TA,TA,Y,26,0,0,0,0,WD,Abnorml,66500
FV,75.0,9000,Pave,Reg,Lvl,AllPub,Inside,Gtl,Somerst,Norm,Norm,1Fam,2Story,8,5,2007,2007,Gable,CompShg,CemntBd,CmentBd,0.0,Gd,TA,PConc,Gd,TA,Av,GLQ,64,Unf,0,1120,1184,GasA,Ex,Y,SBrkr,1184,1426,2610,0,2,1,4,1,Ex,11,Typ,1,BuiltIn,2007.0,Fin,2,550,TA,TA,Y,208,364,0,0,0,New,Partial,303477
RL,94.0,25286,Pave,Reg,HLS,AllPub,Inside,Mod,Mitchel,Norm,Norm,1Fam,1Story,4,5,1963,1963,Gable,CompShg,HdBoard,Plywood,0.0,TA,TA,PConc,TA,TA,Gd,ALQ,633,Unf,0,431,1064,GasA,Gd,Y,SBrkr,1040,0,1040,1,1,0,3,1,TA,5,Typ,0,Attchd,1963.0,Unf,2,648,TA,TA,Y,0,0,0,0,0,WD,Normal,132250
RL,74.0,8834,Pave,Reg,Lvl,AllPub,Inside,Gtl,NridgHt,Norm,Norm,1Fam,2Story,9,5,2004,2005,Hip,CompShg,VinylSd,VinylSd,216.0,Gd,TA,PConc,Ex,TA,No,GLQ,1170,Unf,0,292,1462,GasA,Ex,Y,SBrkr,1462,762,2224,1,2,1,4,1,Ex,10,Typ,1,Attchd,2004.0,Fin,3,738,TA,TA,Y,184,0,0,0,0,WD,Normal,350000
RL,88.0,11782,Pave,IR1,Lvl,AllPub,Inside,Gtl,Sawyer,Norm,Norm,1Fam,SFoyer,5,7,1961,1995,Gable,CompShg,HdBoard,HdBoard,0.0,TA,TA,CBlock,TA,TA,Av,ALQ,899,Unf,0,210,1109,GasA,TA,Y,SBrkr,1155,0,1155,1,1,0,3,1,Gd,6,Min2,0,Detchd,1987.0,Unf,2,576,TA,TA,Y,192,0,0,0,0,WD,Normal,148000
RL,60.0,7024,Pave,Reg,Lvl,AllPub,Inside,Gtl,Edwards,Norm,Norm,1Fam,1Story,5,5,2005,2006,Gable,CompShg,VinylSd,VinylSd,0.0,TA,TA,PConc,Ex,Gd,No,ALQ,980,Unf,0,110,1090,GasA,Gd,Y,SBrkr,1090,0,1090,1,1,1,2,1,TA,5,Typ,0,Attchd,2005.0,Fin,2,450,TA,TA,Y,0,49,0,0,0,WD,Normal,157000
RL,44.0,13758,Pave,IR1,Lvl,AllPub,CulDSac,Gtl,Timber,Norm,Norm,1Fam,1.5Fin,7,5,1990,1991,Gable,CompShg,HdBoard,HdBoard,117.0,Gd,Gd,CBlock,Gd,TA,Mn,LwQ,902,Unf,0,254,1156,GasA,Ex,Y,SBrkr,1187,530,1717,0,2,1,3,1,Gd,7,Typ,1,Attchd,1990.0,RFn,2,400,TA,TA,Y,168,36,0,0,0,WD,Normal,187500
RL,69.0,9636,Pave,IR1,Lvl,AllPub,Corner,Gtl,Gilbert,Norm,Norm,1Fam,2Story,6,5,1992,1993,Gable,CompShg,VinylSd,VinylSd,0.0,TA,TA,PConc,Gd,TA,No,Unf,0,Unf,0,808,808,GasA,Gd,Y,SBrkr,808,785,1593,0,2,1,3,1,TA,7,Typ,1,BuiltIn,1993.0,RFn,2,389,TA,TA,Y,342,40,0,0,0,WD,Normal,178000
RL,60.0,6204,Pave,Reg,Bnk,AllPub,Inside,Gtl,SWISU,Norm,Norm,1Fam,2.5Fin,4,5,1912,1950,Gable,CompShg,Wd Sdng,Wd Sdng,0.0,Gd,TA,PConc,TA,Fa,No,Unf,0,Unf,0,795,795,GasA,TA,N,SBrkr,954,795,2230,1,1,0,5,1,TA,10,Typ,0,Detchd,1997.0,Unf,1,440,TA,Gd,Y,0,188,0,0,0,WD,Normal,118500
RL,65.0,7150,Pave,Reg,Lvl,AllPub,Inside,Gtl,NAmes,Norm,Norm,1Fam,1Story,5,5,1967,1967,Gable,CompShg,HdBoard,HdBoard,60.0,TA,TA,CBlock,TA,TA,No,BLQ,432,Unf,0,460,892,GasA,TA,Y,SBrkr,892,0,892,0,1,0,3,1,TA,5,Typ,0,Attchd,1967.0,RFn,1,288,TA,TA,Y,0,0,0,0,0,WD,Normal,100000
FV,50.0,5119,Pave,IR1,Lvl,AllPub,CulDSac,Gtl,Somerst,Norm,Norm,TwnhsE,1Story,9,5,1999,2000,Gable,CompShg,MetalSd,MetalSd,60.0,Gd,TA,PConc,Ex,TA,Av,GLQ,1238,Unf,0,460,1698,GasA,Ex,Y,SBrkr,1709,0,1709,1,2,0,2,1,Gd,5,Typ,1,Attchd,1999.0,Fin,2,506,TA,TA,Y,97,65,0,0,0,CWD,Abnorml,328900
RL,70.0,8393,Pave,Reg,Lvl,AllPub,Corner,Gtl,NAmes,Norm,Norm,Duplex,1Story,5,5,1959,2005,Gable,CompShg,MetalSd,MetalSd,122.0,TA,TA,CBlock,TA,TA,No,LwQ,528,Unf,0,1098,1626,GasA,Ex,Y,SBrkr,1712,0,1712,0,2,0,4,2,TA,8,Typ,0,Attchd,2005.0,Fin,2,588,TA,TA,Y,272,54,0,0,0,WD,Family,145000
RL,60.0,8064,Pave,Reg,Lvl,AllPub,Corner,Gtl,NAmes,Artery,Norm,1Fam,1.5Fin,5,7,1949,2006,Gable,CompShg,MetalSd,MetalSd,0.0,TA,Gd,CBlock,TA,TA,Mn,Unf,0,Unf,0,672,672,GasA,Ex,Y,SBrkr,672,252,924,0,1,0,3,1,TA,6,Typ,1,Detchd,2003.0,Unf,2,576,TA,TA,Y,0,0,0,0,0,WD,Normal,122900
RL,69.0,13284,Pave,Reg,Lvl,AllPub,Inside,Gtl,Sawyer,PosN,Norm,1Fam,1Story,5,5,1954,1954,Gable,CompShg,Wd Sdng,Plywood,0.0,TA,TA,PConc,Gd,TA,Mn,BLQ,1064,Unf,0,319,1383,GasA,TA,Y,SBrkr,1383,0,1383,1,1,0,3,1,TA,6,Typ,1,Attchd,1954.0,Unf,1,354,TA,TA,Y,511,116,0,0,0,WD,Normal,165000
RL,64.0,7018,Pave,Reg,Bnk,AllPub,Inside,Gtl,SawyerW,Norm,Norm,Duplex,1Story,5,5,1979,1979,Gable,CompShg,Plywood,Plywood,0.0,TA,TA,Slab,TA,TA,No,Unf,0,Unf,0,0,0,GasA,TA,Y,SBrkr,1535,0,1535,0,2,0,4,2,TA,8,Typ,0,Attchd,1979.0,Unf,2,400,TA,TA,Y,0,0,0,0,0,WD,Alloca,118858
RL,71.0,7056,Pave,Reg,Lvl,AllPub,Inside,Gtl,NAmes,Norm,Norm,1Fam,2Story,6,5,1963,1963,Hip,CompShg,HdBoard,HdBoard,415.0,TA,TA,CBlock,TA,TA,No,BLQ,400,Unf,0,380,780,GasA,TA,Y,SBrkr,983,813,1796,1,1,1,4,1,TA,8,Typ,1,Attchd,1963.0,RFn,2,483,TA,TA,Y,0,50,0,0,0,WD,Normal,140000
RM,50.0,8765,Pave,Reg,Lvl,AllPub,Inside,Gtl,IDOTRR,Norm,Norm,1Fam,1Story,4,6,1936,1950,Gable,CompShg,Wd Sdng,Wd Sdng,0.0,TA,TA,BrkTil,TA,TA,No,ALQ,285,Unf,0,666,951,GasA,Ex,N,SBrkr,951,0,951,0,1,0,2,1,TA,6,Typ,0,Detchd,1936.0,Unf,1,327,TA,TA,Y,0,28,0,0,0,WD,Abnorml,106500
RL,64.0,7018,Pave,Reg,Lvl,AllPub,Inside,Gtl,SawyerW,Feedr,Norm,Duplex,2Story,5,5,1979,1979,Gable,CompShg,Plywood,Plywood,0.0,TA,TA,Slab,TA,TA,No,Unf,0,Unf,0,0,0,GasA,TA,Y,SBrkr,1120,1120,2240,0,2,0,6,2,TA,12,Typ,0,Detchd,1979.0,Unf,2,528,TA,TA,Y,154,0,0,0,0,WD,Alloca,142953
RL,65.0,6993,Pave,Reg,Lvl,AllPub,Inside,Gtl,Sawyer,Feedr,Norm,1Fam,1Story,5,7,1961,1994,Gable,CompShg,HdBoard,Plywood,0.0,TA,TA,CBlock,TA,TA,No,BLQ,465,Unf,0,447,912,GasA,TA,Y,SBrkr,1236,0,1236,0,1,0,3,1,TA,6,Typ,1,Attchd,1961.0,Unf,1,288,TA,TA,Y,0,0,0,0,0,WD,Normal,135000
RL,69.0,7340,Pave,IR1,Lvl,AllPub,Inside,Gtl,NAmes,Norm,Norm,1Fam,1Story,4,6,1971,1971,Gable,CompShg,HdBoard,HdBoard,0.0,TA,TA,CBlock,TA,TA,No,ALQ,322,Unf,0,536,858,GasA,TA,Y,SBrkr,858,0,858,0,1,0,2,1,TA,4,Typ,0,Detchd,1979.0,Unf,1,684,TA,TA,Y,0,0,0,0,0,WD,Normal,110000
RL,64.0,8712,Pave,IR1,Lvl,AllPub,Inside,Gtl,NAmes,Norm,Norm,1Fam,1Story,5,7,1957,2000,Hip,CompShg,MetalSd,MetalSd,0.0,TA,Gd,CBlock,TA,TA,Mn,BLQ,860,Unf,0,132,992,GasA,TA,Y,SBrkr,1306,0,1306,1,1,0,2,1,TA,5,Typ,0,Detchd,1968.0,Unf,1,756,TA,TA,Y,0,0,0,0,0,WD,Normal,153000
RL,63.0,7875,Pave,Reg,Lvl,AllPub,Inside,Gtl,Gilbert,Norm,Norm,1Fam,2Story,7,5,2003,2003,Gable,CompShg,VinylSd,VinylSd,0.0,Gd,TA,PConc,Gd,TA,No,Unf,0,Unf,0,783,783,GasA,Ex,Y,SBrkr,807,702,1509,0,2,1,3,1,Gd,8,Typ,1,Attchd,2003.0,Fin,2,393,TA,TA,Y,0,75,0,0,0,WD,Normal,180000
RL,50.0,14859,Pave,IR1,HLS,AllPub,CulDSac,Gtl,Gilbert,Norm,Norm,1Fam,1Story,7,5,2006,2006,Hip,CompShg,VinylSd,VinylSd,27.0,Gd,TA,PConc,Gd,TA,No,Unf,0,Unf,0,1670,1670,GasA,Ex,Y,SBrkr,1670,0,1670,0,2,0,3,1,Gd,7,Typ,1,Attchd,2006.0,RFn,3,690,TA,TA,Y,144,60,0,0,0,New,Partial,240000
RL,69.0,6173,Pave,IR1,Lvl,AllPub,Inside,Gtl,Sawyer,Norm,Norm,1Fam,1Story,5,6,1967,1967,Gable,CompShg,HdBoard,Wd Sdng,75.0,TA,TA,CBlock,TA,TA,No,GLQ,599,Unf,0,277,876,GasA,TA,Y,SBrkr,902,0,902,0,1,0,3,1,TA,6,Typ,0,Attchd,1967.0,Unf,1,288,TA,TA,Y,0,0,0,0,0,WD,Normal,125500
RL,80.0,11600,Pave,Reg,Lvl,AllPub,Corner,Gtl,NAmes,Feedr,Norm,Duplex,2Story,5,5,1960,1960,Gable,CompShg,MetalSd,MetalSd,361.0,TA,TA,CBlock,TA,TA,No,Rec,443,Unf,0,662,1105,GasA,TA,Y,FuseA,1105,1169,2274,0,2,0,5,2,TA,12,Typ,0,Detchd,1960.0,Unf,2,480,TA,TA,Y,0,0,0,0,0,WD,Normal,154300
RL,69.0,9286,Pave,IR1,Lvl,AllPub,CulDSac,Mod,CollgCr,Norm,Norm,1Fam,1Story,5,7,1977,1989,Gable,CompShg,HdBoard,Plywood,0.0,TA,TA,CBlock,Gd,Gd,Av,ALQ,196,Unf,0,1072,1268,GasA,TA,Y,SBrkr,1268,0,1268,0,1,1,3,1,Gd,5,Typ,0,Detchd,1978.0,Unf,1,252,TA,TA,Y,173,0,0,0,0,WD,Normal,143500
RH,82.0,6270,Pave,Reg,HLS,AllPub,Inside,Gtl,Crawfor,Norm,Norm,Duplex,2Story,5,6,1949,1950,Gable,CompShg,MetalSd,MetalSd,0.0,TA,TA,CBlock,TA,TA,No,BLQ,284,Unf,0,717,1001,GasA,TA,N,FuseA,1001,1001,2002,0,2,0,4,2,TA,8,Typ,0,2Types,1949.0,Unf,3,871,TA,TA,Y,0,0,0,0,0,WD,Normal,145000
RL,69.0,17140,Pave,Reg,Lvl,AllPub,Inside,Gtl,Edwards,Norm,Norm,1Fam,1Story,4,6,1956,1956,Gable,CompShg,VinylSd,VinylSd,0.0,TA,TA,CBlock,TA,TA,No,ALQ,1059,Unf,0,75,1134,GasA,Ex,Y,FuseA,1229,0,1229,0,1,0,3,1,TA,6,Typ,0,Attchd,1956.0,RFn,1,284,TA,TA,Y,0,0,0,0,0,WD,Normal,135000
RL,67.0,8777,Pave,Reg,Lvl,AllPub,Inside,Gtl,Edwards,Feedr,Norm,Duplex,1.5Fin,5,7,1900,2003,Gable,CompShg,MetalSd,MetalSd,0.0,TA,TA,CBlock,TA,TA,No,ALQ,1084,Unf,0,188,1272,GasA,Gd,Y,SBrkr,1272,928,2200,2,2,2,4,2,TA,9,Typ,0,Attchd,1980.0,Unf,0,0,TA,TA,N,0,70,0,0,0,WD,Normal,145900
RL,65.0,10237,Pave,Reg,Lvl,AllPub,Inside,Gtl,Gilbert,RRAn,Norm,1Fam,1Story,6,5,2005,2006,Gable,CompShg,VinylSd,VinylSd,0.0,Gd,TA,PConc,Gd,TA,No,GLQ,28,Unf,0,1288,1316,GasA,Ex,Y,SBrkr,1316,0,1316,0,2,0,3,1,Gd,6,Typ,1,Attchd,2005.0,Fin,2,397,TA,TA,Y,100,0,0,0,0,New,Partial,169990
RL,93.0,11999,Pave,Reg,Lvl,AllPub,Inside,Gtl,NridgHt,Norm,Norm,1Fam,2Story,8,5,2003,2004,Hip,CompShg,VinylSd,VinylSd,340.0,Gd,TA,PConc,Gd,TA,No,Unf,0,Unf,0,1181,1181,GasA,Ex,Y,SBrkr,1234,1140,2374,0,2,1,4,1,Ex,10,Typ,1,BuiltIn,2003.0,Fin,3,656,TA,TA,Y,104,100,0,0,0,WD,Normal,285000
RL,69.0,9900,Pave,Reg,Lvl,AllPub,Inside,Gtl,NWAmes,Feedr,Norm,1Fam,2Story,7,5,1968,1968,Gable,CompShg,MetalSd,MetalSd,342.0,TA,TA,CBlock,TA,TA,No,BLQ,552,Unf,0,280,832,GasA,Gd,Y,SBrkr,1098,880,1978,0,2,1,4,1,TA,9,Typ,1,Attchd,1968.0,RFn,2,486,TA,TA,Y,0,43,0,0,0,WD,Normal,176000
RL,69.0,11838,Pave,Reg,Lvl,AllPub,Inside,Gtl,CollgCr,Norm,Norm,1Fam,1Story,8,5,2001,2001,Hip,CompShg,VinylSd,VinylSd,0.0,Gd,TA,PConc,Gd,TA,Av,Unf,0,Unf,0,1753,1753,GasA,Ex,Y,SBrkr,1788,0,1788,0,2,0,3,1,Ex,7,Typ,1,Attchd,2001.0,RFn,2,522,TA,TA,Y,202,151,0,0,0,WD,Normal,236500
RL,69.0,13006,Pave,IR1,Lvl,AllPub,Corner,Gtl,Gilbert,Norm,Norm,1Fam,2Story,7,5,1997,1997,Gable,CompShg,HdBoard,HdBoard,285.0,TA,TA,PConc,Gd,TA,No,Unf,0,Unf,0,964,964,GasA,Gd,Y,SBrkr,993,1243,2236,0,2,1,4,1,Gd,8,Typ,1,BuiltIn,1997.0,Fin,2,642,TA,TA,Y,0,0,0,0,0,WD,Normal,222000
RL,73.0,8925,Pave,IR1,HLS,AllPub,Inside,Gtl,Timber,Norm,Norm,1Fam,1Story,8,5,2007,2007,Gable,CompShg,VinylSd,VinylSd,0.0,Gd,TA,PConc,Gd,TA,Av,GLQ,16,Unf,0,1450,1466,GasA,Ex,Y,SBrkr,1466,0,1466,0,2,0,3,1,Gd,7,Typ,0,Attchd,2007.0,Fin,3,610,TA,TA,Y,100,18,0,0,0,WD,Normal,201000
RL,84.0,11670,Pave,IR1,Lvl,AllPub,Corner,Gtl,Somerst,RRNn,Norm,1Fam,1Story,9,5,2006,2006,Hip,CompShg,VinylSd,ImStucc,302.0,Ex,TA,PConc,Ex,Gd,No,Unf,0,Unf,0,1905,1905,GasA,Ex,Y,SBrkr,1905,0,1905,0,2,0,3,1,Ex,8,Typ,1,Attchd,2006.0,Fin,3,788,TA,TA,Y,0,191,0,0,0,WD,Normal,320000
RL,63.0,8487,Pave,Reg,Lvl,AllPub,FR2,Gtl,CollgCr,Norm,Norm,1Fam,1Story,7,5,2004,2004,Gable,CompShg,VinylSd,VinylSd,210.0,Gd,TA,PConc,Gd,TA,Av,GLQ,20,Unf,0,1480,1500,GasA,Ex,Y,SBrkr,1500,0,1500,0,2,0,3,1,Gd,6,Typ,0,Attchd,2004.0,RFn,2,570,TA,TA,Y,192,36,0,0,0,WD,Normal,190000
RL,67.0,10083,Pave,Reg,Lvl,AllPub,Inside,Gtl,SawyerW,Norm,Norm,1Fam,1Story,7,5,2003,2003,Gable,CompShg,VinylSd,VinylSd,0.0,Gd,TA,PConc,Gd,TA,No,GLQ,833,Unf,0,343,1176,GasA,Ex,Y,SBrkr,1200,0,1200,1,2,0,2,1,Gd,5,Typ,0,Attchd,2003.0,RFn,2,555,TA,TA,Y,0,41,0,0,0,WD,Normal,184900
RL,75.0,9675,Pave,Reg,Lvl,AllPub,Inside,Gtl,Somerst,Norm,Norm,1Fam,2Story,7,5,2005,2005,Gable,CompShg,VinylSd,VinylSd,0.0,Gd,TA,PConc,Gd,TA,Mn,GLQ,341,Unf,0,772,1113,GasA,Ex,Y,SBrkr,1113,858,1971,0,2,1,3,1,Gd,8,Typ,1,Attchd,2005.0,RFn,2,689,TA,TA,Y,0,48,0,0,0,WD,Normal,253000
RL,73.0,8760,Pave,Reg,Lvl,AllPub,Inside,Gtl,CollgCr,Norm,Norm,1Fam,2Story,7,5,2006,2006,Gable,CompShg,VinylSd,VinylSd,0.0,Gd,TA,PConc,Gd,Gd,Mn,GLQ,464,Unf,0,927,1391,GasA,Ex,Y,SBrkr,1391,571,1962,0,2,1,3,1,Gd,7,Typ,0,Attchd,2006.0,RFn,3,868,TA,TA,Y,0,90,0,0,0,New,Partial,239799
RL,69.0,8755,Pave,IR1,Lvl,AllPub,FR2,Gtl,Gilbert,RRNn,Norm,1Fam,2Story,7,5,1999,1999,Gable,CompShg,VinylSd,VinylSd,298.0,Gd,TA,PConc,Gd,TA,No,ALQ,772,Unf,0,220,992,GasA,Ex,Y,SBrkr,1022,1038,2060,1,2,1,3,1,Gd,8,Typ,1,BuiltIn,1999.0,RFn,2,390,TA,TA,Y,0,0,0,0,0,WD,Normal,214000
RL,100.0,25000,Pave,Reg,Low,AllPub,Inside,Gtl,Mitchel,Norm,Norm,Duplex,1Story,5,4,1967,1967,Gable,CompShg,HdBoard,Plywood,0.0,TA,TA,CBlock,TA,TA,Av,Unf,0,Unf,0,1632,1632,GasA,TA,Y,SBrkr,1632,0,1632,0,2,0,4,2,TA,8,Typ,0,Attchd,1967.0,Unf,2,576,TA,TA,P,0,0,0,0,0,WD,Normal,143000
RL,85.0,14536,Pave,Reg,Lvl,AllPub,Inside,Gtl,Timber,Norm,Norm,1Fam,1Story,8,5,2002,2003,Hip,CompShg,VinylSd,VinylSd,236.0,Gd,TA,PConc,Gd,TA,Av,GLQ,1300,Unf,0,316,1616,GasA,Ex,Y,SBrkr,1629,0,1629,1,2,0,3,1,Gd,9,Typ,1,Attchd,2002.0,Fin,3,808,TA,TA,Y,0,252,0,0,0,WD,Normal,270000
RL,65.0,14006,Pave,IR1,Lvl,AllPub,Inside,Gtl,CollgCr,Norm,Norm,1Fam,2Story,7,5,2002,2002,Gable,CompShg,VinylSd,VinylSd,144.0,Gd,TA,PConc,Gd,TA,No,Unf,0,Unf,0,936,936,GasA,Ex,Y,SBrkr,936,840,1776,0,2,1,3,1,Gd,7,Typ,1,Attchd,2002.0,RFn,2,474,TA,TA,Y,144,96,0,0,0,WD,Normal,192500
RL,78.0,9360,Pave,Reg,Lvl,AllPub,Inside,Gtl,NWAmes,Norm,Norm,1Fam,1Story,6,7,1972,2006,Hip,CompShg,Plywood,Plywood,0.0,TA,TA,CBlock,TA,TA,No,ALQ,982,Unf,0,179,1161,GasA,TA,Y,SBrkr,1381,0,1381,1,1,1,3,1,Gd,5,Typ,1,Attchd,1972.0,RFn,2,676,TA,TA,Y,0,0,0,0,0,WD,Normal,197500
RH,60.0,7800,Pave,Reg,Lvl,AllPub,Corner,Gtl,SawyerW,Norm,Norm,1Fam,1Story,5,5,1965,1965,Gable,CompShg,VinylSd,VinylSd,0.0,TA,TA,CBlock,TA,TA,No,BLQ,641,Unf,0,187,828,GasA,Gd,Y,SBrkr,965,0,965,1,1,0,3,1,TA,6,Typ,0,Detchd,1979.0,Unf,1,300,TA,TA,Y,421,0,0,0,0,WD,Abnorml,119900
RH,82.0,7136,Pave,IR1,HLS,AllPub,Inside,Gtl,Crawfor,Norm,Norm,Duplex,2Story,6,6,1946,1950,Gable,CompShg,MetalSd,MetalSd,423.0,TA,TA,CBlock,Gd,TA,No,Rec,484,Unf,0,495,979,GasA,TA,N,FuseF,979,979,1958,0,2,0,4,2,TA,8,Typ,0,Attchd,1946.0,Unf,2,492,TA,TA,Y,0,0,0,0,0,WD,Normal,145000
RL,70.0,7420,Pave,Reg,Lvl,AllPub,Inside,Gtl,Sawyer,Norm,Norm,1Fam,1Story,5,5,1962,1962,Hip,CompShg,MetalSd,MetalSd,0.0,TA,TA,CBlock,TA,TA,No,Rec,417,Unf,0,640,1057,GasA,TA,Y,SBrkr,1057,0,1057,0,1,0,3,1,TA,6,Typ,0,Detchd,1977.0,Fin,2,576,TA,TA,Y,0,0,0,0,0,WD,Normal,132000
RL,65.0,8450,Pave,Reg,Lvl,AllPub,Inside,Gtl,CollgCr,Norm,Norm,1Fam,1Story,7,5,2003,2003,Gable,CompShg,VinylSd,VinylSd,0.0,Gd,TA,PConc,Gd,TA,Mn,GLQ,699,Unf,0,638,1337,GasA,Ex,Y,SBrkr,1337,0,1337,1,2,0,3,1,Gd,6,Typ,0,Attchd,2003.0,RFn,2,531,TA,TA,Y,0,39,0,0,0,WD,Normal,185000
RL,50.0,7207,Pave,IR1,Lvl,AllPub,Inside,Gtl,BrkSide,Norm,Norm,1Fam,1Story,5,7,1958,2008,Gable,CompShg,Wd Sdng,Plywood,0.0,TA,Gd,CBlock,TA,TA,Gd,BLQ,696,Unf,0,162,858,GasA,Gd,Y,SBrkr,858,0,858,1,1,0,2,1,TA,4,Typ,0,Attchd,1980.0,Unf,0,0,TA,TA,Y,117,0,0,0,0,WD,Normal,116500
RL,69.0,12227,Pave,IR1,Lvl,AllPub,Corner,Gtl,NWAmes,PosN,Norm,1Fam,2Story,6,7,1977,1995,Gable,CompShg,HdBoard,HdBoard,424.0,TA,Gd,CBlock,Gd,Gd,No,ALQ,896,Unf,0,434,1330,GasA,TA,Y,SBrkr,1542,1330,2872,1,2,1,4,1,TA,11,Typ,1,Attchd,1977.0,Fin,2,619,TA,TA,Y,550,282,0,0,0,WD,Normal,272000
RL,80.0,11316,Pave,Reg,Lvl,AllPub,Corner,Gtl,Timber,Norm,Norm,1Fam,2Story,7,5,2002,2003,Gable,CompShg,VinylSd,VinylSd,44.0,Gd,TA,PConc,Gd,TA,No,GLQ,624,Unf,0,193,817,GasA,Ex,Y,SBrkr,824,1070,1894,1,2,1,4,1,Gd,8,Typ,1,BuiltIn,2002.0,Fin,2,510,TA,TA,Y,0,40,0,0,0,WD,Normal,214900
RL,65.0,10237,Pave,Reg,Lvl,AllPub,Inside,Gtl,Gilbert,RRAn,Norm,1Fam,2Story,6,5,2005,2007,Gable,CompShg,VinylSd,VinylSd,0.0,Gd,TA,PConc,Gd,TA,No,Unf,0,Unf,0,783,783,GasA,Ex,Y,SBrkr,783,701,1484,0,2,1,3,1,Gd,8,Typ,1,Attchd,2005.0,Fin,2,393,TA,TA,Y,0,72,0,0,0,New,Partial,178900
RL,69.0,7390,Pave,IR1,Lvl,AllPub,Inside,Gtl,NAmes,Norm,Norm,1Fam,1Story,5,7,1955,1955,Hip,CompShg,Wd Sdng,Wd Sdng,151.0,TA,TA,CBlock,TA,TA,No,ALQ,902,Unf,0,196,1098,GasA,TA,Y,SBrkr,1098,0,1098,1,1,0,3,1,TA,6,Typ,0,Attchd,1955.0,Unf,1,260,TA,TA,Y,0,0,0,0,0,WD,Normal,135000
RM,50.0,5925,Pave,Reg,Lvl,AllPub,Inside,Gtl,OldTown,Norm,Norm,1Fam,1.5Fin,3,6,1910,1950,Gable,CompShg,VinylSd,VinylSd,0.0,TA,TA,BrkTil,TA,TA,No,Unf,0,Unf,0,600,600,Grav,Fa,N,SBrkr,600,368,968,0,1,0,2,1,TA,6,Typ,0,Attchd,1980.0,Unf,0,0,TA,TA,Y,0,0,0,0,0,WD,Abnorml,37900
RL,60.0,10800,Pave,Reg,Lvl,AllPub,Inside,Gtl,NAmes,Norm,Norm,1Fam,1.5Fin,4,4,1949,1950,Gable,CompShg,AsbShng,AsbShng,0.0,TA,TA,CBlock,TA,TA,No,Unf,0,Unf,0,720,720,GasA,TA,N,FuseA,720,472,1192,0,1,1,4,1,TA,6,Typ,0,Attchd,1980.0,Unf,0,0,TA,TA,Y,0,0,0,0,0,WD,Abnorml,135000
RL,36.0,2268,Pave,Reg,Lvl,AllPub,Inside,Gtl,NridgHt,Norm,Norm,Twnhs,2Story,7,5,2003,2004,Gable,CompShg,VinylSd,Wd Shng,106.0,Gd,TA,PConc,Gd,TA,No,GLQ,567,Unf,0,197,764,GasA,Ex,Y,SBrkr,764,862,1626,0,2,0,2,1,Gd,6,Typ,0,BuiltIn,2003.0,RFn,2,474,TA,TA,Y,0,27,0,0,0,WD,Normal,173000
RL,55.0,7892,Pave,Reg,Lvl,AllPub,Inside,Gtl,SawyerW,Norm,Norm,TwnhsE,1Story,6,5,1979,1979,Gable,CompShg,Plywood,Plywood,0.0,TA,TA,CBlock,Gd,TA,No,Unf,0,Unf,0,918,918,GasA,TA,Y,SBrkr,918,0,918,0,2,0,2,1,TA,5,Typ,1,Attchd,1979.0,Unf,1,264,TA,TA,Y,28,0,0,0,0,WD,Normal,99500
FV,95.0,11639,Pave,Reg,Lvl,AllPub,Corner,Gtl,Somerst,Norm,Norm,1Fam,1Story,7,5,2007,2008,Gable,CompShg,CemntBd,CmentBd,0.0,Gd,TA,PConc,Gd,TA,No,Unf,0,Unf,0,1428,1428,GasA,Ex,Y,SBrkr,1428,0,1428,0,2,0,3,1,Gd,6,Typ,0,Attchd,2007.0,Fin,2,480,TA,TA,Y,0,120,0,0,0,New,Partial,182000
FV,69.0,2651,Pave,Reg,Lvl,AllPub,FR2,Gtl,Somerst,Norm,Norm,Twnhs,2Story,7,5,2000,2000,Gable,CompShg,MetalSd,MetalSd,0.0,Gd,TA,PConc,Gd,TA,No,GLQ,641,Unf,0,32,673,GasA,Ex,Y,SBrkr,673,709,1382,1,2,1,3,1,Gd,6,Typ,0,Detchd,2000.0,Unf,2,490,TA,TA,Y,153,50,0,0,0,WD,Normal,165000
RL,51.0,5900,Pave,IR1,Bnk,AllPub,Inside,Gtl,BrkSide,Norm,Norm,1Fam,1Story,4,7,1923,1958,Gable,CompShg,Wd Sdng,Wd Sdng,0.0,TA,TA,PConc,Gd,TA,No,Unf,0,Unf,0,440,440,GasA,TA,Y,FuseA,869,0,869,0,1,0,2,1,Fa,4,Typ,0,Attchd,1980.0,Unf,0,0,TA,TA,Y,0,0,0,0,0,WD,Normal,85500
FV,35.0,4274,Pave,IR1,Lvl,AllPub,Inside,Gtl,Somerst,Norm,Norm,TwnhsE,1Story,7,5,2006,2007,Gable,CompShg,VinylSd,VinylSd,0.0,Gd,TA,PConc,Gd,TA,No,GLQ,1106,Unf,0,135,1241,GasA,Ex,Y,SBrkr,1241,0,1241,1,1,1,1,1,Gd,4,Typ,0,Attchd,2007.0,Fin,2,569,TA,TA,Y,0,116,0,0,0,New,Partial,199900
RL,68.0,9450,Pave,Reg,Bnk,AllPub,Inside,Mod,Edwards,Norm,Norm,1Fam,1Story,4,5,1954,1954,Gable,CompShg,MetalSd,MetalSd,0.0,TA,TA,CBlock,TA,TA,No,LwQ,552,Unf,0,342,894,GasA,Ex,Y,SBrkr,894,0,894,0,1,0,3,1,TA,5,Typ,0,Detchd,1999.0,Unf,2,400,TA,TA,Y,0,0,0,0,0,WD,Abnorml,110000
RL,80.0,8816,Pave,Reg,Lvl,AllPub,Corner,Gtl,Sawyer,Feedr,Norm,1Fam,1Story,5,6,1963,1963,Gable,CompShg,VinylSd,VinylSd,0.0,TA,TA,PConc,TA,TA,No,Rec,651,Unf,0,470,1121,GasA,TA,Y,SBrkr,1121,0,1121,1,1,0,3,1,TA,5,Typ,0,Detchd,1963.0,Unf,2,480,TA,TA,Y,0,80,0,0,0,WD,Normal,139000
RL,43.0,3182,Pave,Reg,Lvl,AllPub,Inside,Gtl,Blmngtn,Norm,Norm,1Fam,1Story,7,5,2007,2007,Gable,CompShg,VinylSd,VinylSd,16.0,Gd,TA,PConc,Gd,TA,Av,Unf,0,Unf,0,1266,1266,GasA,Ex,Y,SBrkr,1266,0,1266,0,2,0,2,1,Gd,6,Typ,1,Attchd,2007.0,Fin,2,388,TA,TA,Y,100,16,0,0,0,WD,Normal,159895
RL,69.0,11250,Pave,Reg,Lvl,AllPub,Corner,Gtl,CollgCr,Norm,Norm,1Fam,2Story,8,5,2002,2002,Gable,CompShg,CemntBd,CmentBd,0.0,Gd,TA,PConc,Gd,TA,Mn,Unf,0,Unf,0,1128,1128,GasA,Ex,Y,SBrkr,1149,1141,2290,0,2,1,4,1,Gd,9,Typ,1,Attchd,2002.0,Unf,2,779,TA,TA,Y,0,0,0,0,0,WD,Normal,255900
RL,75.0,10125,Pave,Reg,Lvl,AllPub,Inside,Gtl,Mitchel,Norm,Norm,Duplex,1.5Fin,5,5,1977,1977,Gable,CompShg,Plywood,Plywood,0.0,TA,TA,CBlock,TA,TA,No,Unf,0,Unf,0,0,0,GasA,TA,Y,SBrkr,1302,432,1734,0,2,0,4,2,Gd,8,Typ,0,Attchd,1977.0,Unf,2,539,TA,TA,Y,0,0,0,0,0,COD,Normal,126000
RL,83.0,10159,Pave,IR1,Lvl,AllPub,Inside,Gtl,NridgHt,Norm,Norm,1Fam,1Story,9,5,2009,2010,Hip,CompShg,VinylSd,VinylSd,450.0,Ex,TA,PConc,Ex,TA,Av,GLQ,1646,Unf,0,284,1930,GasA,Ex,Y,SBrkr,1940,0,1940,1,2,1,3,1,Ex,8,Typ,1,Attchd,2010.0,Fin,3,606,TA,TA,Y,168,95,0,0,0,New,Partial,395192
RL,69.0,12046,Pave,IR1,Lvl,AllPub,Inside,Gtl,NWAmes,Norm,Norm,1Fam,2Story,6,6,1976,1976,Gable,CompShg,Plywood,Plywood,298.0,TA,TA,CBlock,TA,TA,No,LwQ,156,Unf,0,692,848,GasA,TA,Y,SBrkr,1118,912,2030,0,2,1,4,1,Gd,8,Typ,1,Attchd,1976.0,Fin,2,551,TA,TA,Y,0,224,0,0,0,WD,Normal,195000
FV,65.0,8125,Pave,Reg,Lvl,AllPub,Inside,Gtl,Somerst,Norm,Norm,1Fam,2Story,7,5,2006,2006,Gable,CompShg,VinylSd,VinylSd,0.0,Gd,TA,PConc,Gd,Gd,No,Unf,0,Unf,0,770,770,GasA,Ex,Y,SBrkr,778,798,1576,0,2,1,3,1,Gd,6,Typ,0,Attchd,2006.0,RFn,2,614,TA,TA,Y,0,50,0,0,0,New,Partial,197000
RL,82.0,9452,Pave,Reg,Lvl,AllPub,Inside,Gtl,NoRidge,Norm,Norm,1Fam,2Story,8,5,1997,1998,Gable,CompShg,VinylSd,VinylSd,423.0,Gd,TA,PConc,Gd,TA,No,GLQ,1074,Unf,0,322,1396,GasA,Ex,Y,SBrkr,1407,985,2392,1,2,1,3,1,Gd,7,Typ,1,Attchd,1997.0,Fin,3,870,TA,TA,Y,0,70,0,0,0,WD,Normal,348000
RL,68.0,8846,Pave,Reg,Lvl,AllPub,Inside,Gtl,CollgCr,Norm,Norm,1Fam,2Story,6,5,2005,2006,Gable,CompShg,VinylSd,VinylSd,0.0,TA,TA,PConc,Gd,TA,No,Unf,0,Unf,0,750,750,GasA,Ex,Y,SBrkr,750,750,1500,0,2,1,3,1,Gd,6,Typ,0,Attchd,2005.0,RFn,2,564,TA,TA,Y,0,35,0,0,0,New,Partial,173900
RL,96.0,12456,Pave,Reg,Lvl,AllPub,FR2,Gtl,NridgHt,Norm,Norm,1Fam,1Story,10,5,2006,2007,Hip,CompShg,CemntBd,CmentBd,230.0,Ex,TA,PConc,Ex,TA,Gd,GLQ,1172,Unf,0,528,1700,GasA,Ex,Y,SBrkr,1718,0,1718,1,2,0,3,1,Ex,7,Typ,1,Attchd,2008.0,Fin,3,786,TA,TA,Y,216,48,0,0,0,WD,Normal,337500
RL,69.0,10659,Pave,IR1,Lvl,AllPub,Inside,Gtl,NAmes,Norm,Norm,1Fam,1Story,5,6,1961,1961,Hip,CompShg,Wd Sdng,Wd Sdng,0.0,TA,TA,CBlock,TA,TA,No,Rec,915,Unf,0,135,1050,GasA,TA,Y,SBrkr,1050,0,1050,1,1,0,3,1,TA,6,Typ,0,Attchd,1961.0,Unf,1,368,TA,TA,Y,0,319,0,0,0,COD,Normal,136500
RL,64.0,6762,Pave,Reg,Lvl,AllPub,Inside,Gtl,CollgCr,Norm,Norm,1Fam,1Story,7,5,2006,2006,Gable,CompShg,VinylSd,VinylSd,24.0,Gd,TA,PConc,Gd,TA,Av,GLQ,686,Unf,0,501,1187,GasA,Ex,Y,SBrkr,1208,0,1208,1,2,0,2,1,Gd,6,Typ,0,Attchd,2006.0,RFn,2,632,TA,TA,Y,105,61,0,0,0,WD,Normal,206000
RL,75.0,11957,Pave,IR1,Lvl,AllPub,Inside,Gtl,Somerst,RRAn,Norm,1Fam,1Story,8,5,2006,2006,Gable,CompShg,VinylSd,VinylSd,53.0,Gd,TA,PConc,Gd,TA,No,GLQ,24,Unf,0,1550,1574,GasA,Ex,Y,SBrkr,1574,0,1574,0,2,0,3,1,Gd,7,Typ,1,Attchd,2006.0,RFn,3,824,TA,TA,Y,144,104,0,0,0,WD,Normal,232000
RL,69.0,11500,Pave,IR1,Lvl,AllPub,Corner,Gtl,NWAmes,Feedr,RRAn,Duplex,1Story,5,6,1976,1976,Gable,CompShg,VinylSd,VinylSd,164.0,TA,TA,CBlock,TA,TA,No,Unf,0,Unf,0,1680,1680,GasA,Fa,Y,SBrkr,1680,0,1680,0,2,0,4,2,TA,8,Typ,0,Detchd,1976.0,Unf,2,528,TA,TA,Y,0,0,0,0,0,WD,Normal,136905
RL,43.0,3182,Pave,Reg,Lvl,AllPub,Inside,Gtl,Blmngtn,Norm,Norm,TwnhsE,1Story,7,5,2005,2006,Gable,CompShg,VinylSd,VinylSd,16.0,Gd,TA,PConc,Gd,TA,No,GLQ,16,Unf,0,1330,1346,GasA,Ex,Y,SBrkr,1504,0,1504,0,2,0,1,1,Gd,7,Typ,1,Attchd,2005.0,Fin,2,457,TA,TA,Y,156,0,0,0,0,WD,Normal,181000
RL,75.0,9825,Pave,Reg,Lvl,AllPub,Inside,Gtl,Edwards,Norm,Norm,Duplex,1Story,5,5,1965,1965,Hip,CompShg,AsphShn,AsphShn,0.0,TA,TA,CBlock,TA,TA,No,Unf,0,Unf,0,0,0,GasA,TA,N,SBrkr,1664,0,1664,0,2,0,4,2,TA,8,Typ,0,Attchd,1980.0,Unf,0,0,TA,TA,Y,0,0,0,0,0,WD,Normal,100000
RL,60.0,11664,Pave,Reg,Lvl,AllPub,Inside,Gtl,NAmes,Artery,Norm,1Fam,1Story,6,5,1948,1950,Gable,CompShg,MetalSd,MetalSd,206.0,TA,TA,CBlock,TA,Fa,No,BLQ,336,Unf,0,746,1082,GasA,TA,Y,SBrkr,1082,0,1082,0,1,0,2,1,TA,5,Typ,1,Detchd,1948.0,Unf,1,240,TA,TA,Y,0,130,0,0,0,WD,Normal,119200
RL,70.0,8400,Pave,Reg,Lvl,AllPub,Inside,Gtl,NWAmes,Norm,Norm,1Fam,2Story,8,6,2001,2001,Gable,CompShg,VinylSd,VinylSd,0.0,Gd,TA,PConc,Gd,TA,No,GLQ,643,Unf,0,167,810,GasA,Ex,Y,SBrkr,810,855,1665,1,2,1,3,1,Gd,6,Typ,0,Attchd,2001.0,Fin,2,528,TA,TA,Y,0,45,0,0,0,WD,Normal,227000
RL,73.0,11883,Pave,Reg,Lvl,AllPub,Inside,Gtl,CollgCr,Norm,Norm,1Fam,1Story,7,5,1996,1996,Hip,CompShg,VinylSd,VinylSd,196.0,Gd,TA,PConc,Gd,TA,Gd,GLQ,690,Unf,0,814,1504,GasA,Ex,Y,SBrkr,1504,0,1504,1,2,0,3,1,Gd,6,Typ,1,Attchd,1996.0,Fin,2,478,TA,TA,Y,115,66,0,0,0,WD,Normal,203000
RL,69.0,5814,Pave,IR1,Lvl,AllPub,CulDSac,Gtl,StoneBr,Norm,Norm,TwnhsE,1Story,8,5,1984,1984,Gable,CompShg,HdBoard,HdBoard,0.0,Gd,TA,CBlock,Gd,TA,Av,GLQ,1036,Unf,0,184,1220,GasA,Gd,Y,SBrkr,1360,0,1360,1,1,0,1,1,Gd,4,Typ,1,Attchd,1984.0,RFn,2,565,TA,TA,Y,63,0,0,0,0,COD,Abnorml,187500
RL,69.0,10784,Pave,IR1,Lvl,AllPub,FR2,Gtl,Gilbert,Norm,Norm,1Fam,SLvl,7,5,1991,1992,Gable,CompShg,HdBoard,HdBoard,76.0,Gd,TA,PConc,Gd,TA,No,Unf,0,Unf,0,384,384,GasA,Gd,Y,SBrkr,802,670,1472,0,2,1,3,1,Gd,7,Typ,1,Attchd,1991.0,RFn,2,402,TA,TA,Y,164,0,0,0,0,WD,Normal,160000
RL,43.0,3013,Pave,Reg,Lvl,AllPub,Inside,Gtl,Blmngtn,Norm,Norm,TwnhsE,1Story,7,5,2005,2005,Gable,CompShg,VinylSd,VinylSd,145.0,Gd,TA,PConc,Gd,TA,Gd,GLQ,16,Unf,0,1346,1362,GasA,Ex,Y,SBrkr,1506,0,1506,0,2,0,2,1,Gd,6,Typ,1,Attchd,2005.0,Fin,2,440,TA,TA,Y,142,20,0,0,0,WD,Normal,213490
RL,60.0,7024,Pave,Reg,Lvl,AllPub,Inside,Gtl,Edwards,Norm,Norm,1Fam,1Story,4,5,2005,2005,Gable,CompShg,VinylSd,VinylSd,0.0,TA,TA,PConc,Gd,TA,No,GLQ,1024,Unf,0,108,1132,GasA,Ex,Y,SBrkr,1132,0,1132,1,1,1,2,1,Gd,5,Typ,0,Attchd,2005.0,Fin,2,451,TA,TA,Y,252,64,0,0,0,WD,Normal,176000
RL,64.0,7406,Pave,Reg,Lvl,AllPub,Inside,Gtl,CollgCr,Norm,Norm,1Fam,1Story,7,5,2006,2006,Gable,CompShg,VinylSd,VinylSd,84.0,Gd,TA,PConc,Gd,TA,Av,GLQ,684,Unf,0,515,1199,GasA,Ex,Y,SBrkr,1220,0,1220,1,2,0,2,1,Gd,6,Typ,0,Attchd,2006.0,RFn,2,632,TA,TA,Y,105,54,0,0,0,New,Partial,194000
RL,43.0,3182,Pave,Reg,Lvl,AllPub,Inside,Gtl,Blmngtn,Norm,Norm,TwnhsE,1Story,7,5,2005,2006,Gable,CompShg,VinylSd,VinylSd,14.0,Gd,TA,PConc,Gd,Gd,No,GLQ,16,Unf,0,1330,1346,GasA,Ex,Y,SBrkr,1504,0,1504,0,2,0,2,1,Gd,7,Typ,1,Attchd,2005.0,Fin,2,437,TA,TA,Y,156,20,0,0,0,WD,Normal,191000
RL,71.0,9520,Pave,IR1,HLS,AllPub,Inside,Gtl,Timber,Norm,Norm,1Fam,1Story,8,5,2007,2008,Gable,CompShg,VinylSd,VinylSd,338.0,Gd,TA,PConc,Gd,TA,Gd,GLQ,1513,Unf,0,125,1638,GasA,Ex,Y,SBrkr,1646,0,1646,1,2,0,3,1,Gd,7,Typ,1,Attchd,2008.0,RFn,3,800,TA,TA,Y,192,44,0,0,0,New,Partial,293077
RL,69.0,14541,Pave,IR1,Lvl,AllPub,Corner,Gtl,NoRidge,Norm,Norm,1Fam,2Story,8,7,1993,1993,Gable,CompShg,MetalSd,MetalSd,0.0,Gd,Gd,PConc,Gd,Gd,No,GLQ,1012,Unf,0,326,1338,GasA,Ex,Y,SBrkr,1352,1168,2520,1,2,1,5,1,Gd,10,Typ,1,Attchd,1993.0,RFn,3,796,TA,TA,Y,209,55,0,0,0,WD,Abnorml,310000
RL,69.0,8125,Pave,Reg,Lvl,AllPub,Inside,Gtl,CollgCr,Norm,Norm,1Fam,1Story,7,5,2002,2002,Gable,CompShg,VinylSd,VinylSd,295.0,Gd,TA,PConc,Gd,TA,No,GLQ,986,Unf,0,668,1654,GasA,Ex,Y,SBrkr,1654,0,1654,1,2,0,3,1,Gd,6,Typ,0,Attchd,2002.0,Unf,3,900,TA,TA,Y,0,136,0,0,0,WD,Normal,230000
RL,50.0,6305,Pave,Reg,Bnk,AllPub,Inside,Gtl,Crawfor,Norm,Norm,1Fam,1Story,5,7,1938,1950,Gable,CompShg,MetalSd,MetalSd,0.0,TA,Gd,PConc,Fa,Fa,No,Unf,0,Unf,0,920,920,GasA,Ex,Y,SBrkr,954,0,954,0,1,0,2,1,Fa,5,Typ,1,Basment,1938.0,Unf,1,240,Fa,TA,Y,0,0,0,0,0,WD,Normal,119750
RL,89.0,12898,Pave,IR1,HLS,AllPub,Inside,Gtl,Timber,Norm,Norm,1Fam,1Story,9,5,2007,2008,Hip,CompShg,VinylSd,VinylSd,70.0,Gd,TA,PConc,Ex,TA,Gd,GLQ,1022,Unf,0,598,1620,GasA,Ex,Y,SBrkr,1620,0,1620,1,2,0,2,1,Ex,6,Typ,1,Attchd,2008.0,Fin,3,912,TA,TA,Y,228,0,0,0,0,WD,Normal,315500
RL,34.0,5381,Pave,IR1,Lvl,AllPub,Inside,Gtl,NridgHt,Norm,Norm,Twnhs,1Story,6,5,2005,2005,Gable,CompShg,VinylSd,VinylSd,135.0,Gd,TA,PConc,Gd,TA,Av,ALQ,900,Unf,0,406,1306,GasA,Ex,Y,SBrkr,1306,0,1306,1,2,0,1,1,Gd,5,Typ,1,Attchd,2005.0,RFn,2,624,TA,TA,Y,170,63,0,0,0,WD,Normal,196000
RL,86.0,11839,Pave,Reg,Lvl,AllPub,Inside,Gtl,SawyerW,Norm,Norm,1Fam,2Story,7,5,1990,1990,Hip,CompShg,HdBoard,HdBoard,99.0,TA,TA,PConc,Gd,TA,No,GLQ,1085,Unf,0,390,1475,GasA,Ex,Y,SBrkr,1532,797,2329,1,2,1,4,1,Gd,10,Typ,1,Attchd,1990.0,Unf,2,514,TA,TA,Y,192,121,0,0,0,WD,Normal,262280
RL,80.0,9600,Pave,Reg,Lvl,AllPub,Inside,Gtl,NWAmes,PosN,Norm,1Fam,1Story,8,5,1981,1981,Hip,WdShngl,BrkFace,BrkFace,0.0,Gd,TA,PConc,Gd,TA,No,ALQ,1104,Unf,0,1420,2524,GasA,TA,Y,SBrkr,2524,0,2524,1,2,1,4,1,Gd,9,Typ,1,Attchd,1981.0,Fin,2,542,TA,TA,Y,474,120,0,0,0,WD,Normal,278000
RL,69.0,13680,Pave,IR1,Lvl,AllPub,CulDSac,Gtl,Edwards,Norm,Norm,1Fam,1Story,3,5,1955,1955,Hip,CompShg,BrkFace,Wd Sdng,0.0,TA,TA,Slab,TA,TA,No,Unf,0,Unf,0,0,0,GasA,Ex,Y,FuseA,1733,0,1733,0,2,0,4,1,TA,8,Min2,1,Attchd,1955.0,Unf,2,452,TA,TA,Y,0,0,0,0,0,WD,Normal,139600
RL,85.0,16056,Pave,IR1,Lvl,AllPub,Inside,Gtl,StoneBr,Norm,Norm,1Fam,2Story,9,5,2005,2006,Hip,CompShg,CemntBd,CmentBd,208.0,Gd,TA,PConc,Ex,TA,Av,GLQ,240,Unf,0,1752,1992,GasA,Ex,Y,SBrkr,1992,876,2868,0,3,1,4,1,Ex,11,Typ,1,BuiltIn,2005.0,Fin,3,716,TA,TA,Y,214,108,0,0,0,New,Partial,556581
RL,100.0,21750,Pave,Reg,Lvl,AllPub,Inside,Gtl,Mitchel,Norm,Norm,1Fam,1Story,5,4,1960,2006,Hip,CompShg,HdBoard,HdBoard,75.0,TA,Fa,Slab,TA,TA,No,Unf,0,Unf,0,0,0,GasA,TA,Y,SBrkr,1771,0,1771,0,1,0,3,1,TA,9,Min1,1,Attchd,1960.0,Unf,2,336,TA,TA,Y,0,0,0,0,0,WD,Normal,115000
RL,60.0,11100,Pave,Reg,Low,AllPub,Inside,Gtl,Edwards,Norm,Norm,1Fam,1Story,4,7,1946,2006,Gable,CompShg,MetalSd,MetalSd,0.0,TA,TA,CBlock,TA,TA,No,Unf,0,Unf,0,0,0,GasA,Ex,Y,SBrkr,930,0,930,0,1,0,2,1,Gd,6,Typ,0,Detchd,1946.0,Unf,1,308,TA,TA,Y,0,0,0,0,0,WD,Abnorml,84900
RL,73.0,8993,Pave,IR1,Lvl,AllPub,Inside,Gtl,Gilbert,Norm,Norm,1Fam,1Story,7,5,2007,2007,Gable,CompShg,VinylSd,VinylSd,0.0,Gd,TA,PConc,Gd,TA,Av,Unf,0,Unf,0,1302,1302,GasA,Ex,Y,SBrkr,1302,0,1302,0,2,0,3,1,Gd,6,Typ,0,Attchd,2007.0,Fin,2,436,TA,TA,Y,0,22,0,0,0,New,Partial,176485
RL,103.0,11175,Pave,IR1,Lvl,AllPub,Corner,Gtl,CollgCr,Norm,Norm,1Fam,1Story,7,5,2007,2007,Gable,CompShg,VinylSd,VinylSd,0.0,Gd,TA,PConc,Gd,TA,Av,Unf,0,Unf,0,1316,1316,GasA,Ex,Y,SBrkr,1316,0,1316,0,2,0,3,1,Gd,6,Typ,1,Attchd,2007.0,Fin,2,440,TA,TA,Y,0,20,0,0,0,New,Partial,200141
RL,68.0,8562,Pave,Reg,Lvl,AllPub,Inside,Mod,Edwards,Norm,Norm,1Fam,1Story,5,6,1957,2002,Hip,CompShg,HdBoard,HdBoard,145.0,TA,TA,CBlock,TA,TA,Av,Rec,383,Unf,0,833,1216,GasA,Ex,Y,FuseA,1526,0,1526,0,1,0,4,1,TA,7,Min2,1,Basment,1957.0,Unf,1,364,TA,TA,Y,116,78,0,0,0,WD,Normal,144500
RL,90.0,11367,Pave,Reg,Lvl,AllPub,Corner,Gtl,CollgCr,Norm,Norm,1Fam,2Story,8,5,2002,2002,Gable,CompShg,VinylSd,VinylSd,210.0,Gd,TA,PConc,Gd,TA,Mn,GLQ,932,Unf,0,133,1065,GasA,Ex,Y,SBrkr,1091,898,1989,1,2,1,3,1,Gd,7,Typ,1,Attchd,2002.0,Fin,2,586,TA,TA,Y,199,60,0,0,0,WD,Normal,255000
RL,43.0,7052,Pave,IR1,Lvl,AllPub,Inside,Gtl,NridgHt,Norm,Norm,TwnhsE,1Story,7,5,2005,2005,Gable,CompShg,VinylSd,VinylSd,240.0,Gd,TA,PConc,Gd,TA,Av,GLQ,659,Unf,0,705,1364,GasA,Ex,Y,SBrkr,1364,0,1364,1,2,0,2,1,Gd,6,Typ,1,Attchd,2005.0,RFn,2,484,TA,TA,Y,192,36,0,0,0,WD,Normal,185850
RL,69.0,29959,Pave,IR2,Lvl,AllPub,FR2,Gtl,NoRidge,Norm,Norm,1Fam,2Story,7,6,1994,1994,Gable,CompShg,HdBoard,HdBoard,0.0,Gd,TA,PConc,Gd,TA,No,GLQ,595,Unf,0,378,973,GasA,Ex,Y,SBrkr,979,871,1850,0,2,1,3,1,Gd,7,Typ,1,BuiltIn,1994.0,Fin,2,467,TA,TA,Y,168,98,0,0,0,WD,Normal,248000
RL,96.0,11308,Pave,IR1,Lvl,AllPub,Inside,Gtl,NridgHt,Norm,Norm,1Fam,2Story,9,5,2008,2008,Gable,CompShg,VinylSd,VinylSd,154.0,Ex,TA,PConc,Ex,TA,Av,GLQ,936,Unf,0,168,1104,GasA,Ex,Y,SBrkr,1130,1054,2184,1,2,1,3,1,Ex,10,Typ,1,Attchd,2008.0,Fin,3,836,TA,TA,Y,0,102,0,0,0,WD,Normal,335000
RM,50.0,6000,Pave,Reg,Lvl,AllPub,Inside,Gtl,OldTown,Artery,Norm,1Fam,1Story,6,6,1925,1980,Gable,CompShg,MetalSd,MetalSd,0.0,TA,Gd,BrkTil,TA,TA,No,BLQ,397,Unf,0,706,1103,GasA,Gd,Y,SBrkr,1103,0,1103,0,1,0,2,1,Gd,5,Typ,1,Detchd,1976.0,Unf,2,440,TA,TA,Y,166,120,0,0,0,WD,Normal,110500
RL,80.0,14000,Pave,Reg,Lvl,AllPub,Inside,Mod,ClearCr,Norm,Norm,1Fam,2Story,7,5,1996,1997,Gable,CompShg,Wd Sdng,Wd Sdng,0.0,Gd,TA,PConc,Ex,TA,Gd,GLQ,1201,Unf,0,105,1306,GasA,Ex,Y,SBrkr,1306,954,2260,1,2,1,3,1,Gd,7,Typ,0,Attchd,1996.0,RFn,2,533,TA,TA,Y,296,44,0,0,0,WD,Normal,328000
RL,59.0,7837,Pave,IR1,Lvl,AllPub,Inside,Gtl,Gilbert,Norm,Norm,1Fam,2Story,6,7,1993,1994,Gable,CompShg,VinylSd,VinylSd,0.0,Gd,TA,PConc,Gd,TA,No,Unf,0,Unf,0,799,799,GasA,Gd,Y,SBrkr,799,772,1571,0,2,1,3,1,TA,7,Typ,1,Attchd,1993.0,RFn,2,380,TA,TA,Y,0,40,0,0,0,WD,Normal,178000
RM,42.0,3964,Pave,Reg,Lvl,AllPub,Inside,Gtl,MeadowV,Norm,Norm,TwnhsE,2Story,6,4,1973,1973,Gable,CompShg,CemntBd,CmentBd,0.0,TA,TA,CBlock,Gd,TA,No,ALQ,837,Unf,0,105,942,GasA,Gd,Y,SBrkr,1291,1230,2521,1,2,1,5,1,TA,10,Maj1,1,Attchd,1973.0,Fin,2,576,TA,TA,Y,728,20,0,0,0,WD,Normal,151400
RL,78.0,11700,Pave,Reg,Lvl,AllPub,Inside,Gtl,NWAmes,RRAn,Norm,1Fam,2Story,6,6,1968,1968,Gable,CompShg,MetalSd,MetalSd,0.0,TA,TA,CBlock,TA,TA,No,Rec,298,Unf,0,429,727,GasA,Ex,Y,SBrkr,829,727,1556,0,1,1,4,1,TA,8,Typ,0,Attchd,1968.0,Unf,2,441,TA,TA,Y,0,0,0,0,0,WD,Normal,154000
RL,75.0,7950,Pave,IR1,Bnk,AllPub,Corner,Gtl,Edwards,Norm,Norm,1Fam,2Story,6,6,1977,1977,Hip,CompShg,HdBoard,Plywood,140.0,TA,TA,CBlock,TA,TA,No,BLQ,535,Unf,0,155,690,GasA,TA,Y,SBrkr,698,728,1426,0,1,1,3,1,TA,6,Typ,0,Attchd,1977.0,Fin,2,440,TA,TA,Y,252,0,0,0,0,WD,Normal,159500
RL,74.0,8556,Pave,Reg,Lvl,AllPub,Inside,Gtl,CollgCr,Norm,Norm,1Fam,1Story,7,5,2006,2006,Gable,CompShg,VinylSd,VinylSd,0.0,Gd,TA,PConc,Gd,TA,Av,Unf,0,Unf,0,1240,1240,GasA,Ex,Y,SBrkr,1240,0,1240,0,2,0,2,1,Gd,5,Typ,0,Attchd,2006.0,RFn,3,826,TA,TA,Y,140,93,0,0,0,WD,Normal,194000
RL,75.0,13125,Pave,Reg,Lvl,AllPub,Inside,Gtl,Crawfor,Norm,Norm,1Fam,2Story,7,6,1940,1984,Gable,CompShg,Wd Sdng,Wd Sdng,0.0,TA,TA,CBlock,TA,TA,No,BLQ,410,Unf,0,390,800,GasA,TA,Y,SBrkr,960,780,1740,0,1,1,3,1,TA,6,Typ,2,Attchd,1940.0,Unf,1,240,TA,TA,Y,0,0,0,0,0,CWD,Normal,219500
RM,37.0,4435,Pave,Reg,Lvl,AllPub,Inside,Gtl,CollgCr,Norm,Norm,TwnhsE,1Story,6,5,2004,2004,Gable,CompShg,VinylSd,VinylSd,169.0,Gd,TA,PConc,Gd,TA,Mn,GLQ,662,Unf,0,186,848,GasA,Ex,Y,SBrkr,848,0,848,1,1,0,1,1,Gd,3,Typ,1,Attchd,2004.0,RFn,2,420,TA,TA,Y,140,0,0,0,0,WD,Normal,155900
RL,65.0,8775,Pave,Reg,Lvl,AllPub,Inside,Gtl,CollgCr,Norm,Norm,1Fam,1Story,5,5,1994,1994,Gable,CompShg,VinylSd,VinylSd,0.0,TA,TA,PConc,Gd,TA,No,GLQ,495,Unf,0,495,990,GasA,Gd,Y,SBrkr,990,0,990,0,1,0,3,1,TA,5,Typ,0,Attchd,1996.0,Unf,1,299,TA,TA,Y,0,64,0,0,0,WD,Normal,126000
RL,70.0,8749,Pave,Reg,Lvl,AllPub,Inside,Gtl,CollgCr,Norm,Norm,1Fam,1Story,7,5,2002,2002,Gable,CompShg,VinylSd,VinylSd,100.0,Gd,TA,PConc,Gd,TA,No,Unf,0,Unf,0,1459,1459,GasA,Ex,Y,SBrkr,1459,0,1459,0,2,0,3,1,Gd,6,Typ,1,Attchd,2002.0,RFn,2,527,TA,TA,Y,192,39,0,0,0,WD,Normal,192000
RL,80.0,8800,Pave,Reg,Lvl,AllPub,Inside,Gtl,NAmes,Norm,Norm,1Fam,1Story,6,6,1964,1964,Hip,CompShg,HdBoard,HdBoard,425.0,TA,TA,CBlock,TA,TA,No,BLQ,553,Unf,0,698,1251,GasA,TA,Y,SBrkr,1251,0,1251,1,1,0,3,1,TA,6,Typ,2,Attchd,1964.0,RFn,1,461,TA,TA,Y,0,116,0,0,0,WD,Normal,160000
RL,69.0,13031,Pave,IR2,Lvl,AllPub,Corner,Gtl,Gilbert,Norm,Norm,1Fam,2Story,6,5,1995,1996,Gable,CompShg,HdBoard,HdBoard,0.0,TA,TA,PConc,Gd,TA,No,ALQ,592,Unf,0,99,691,GasA,Gd,Y,SBrkr,691,807,1498,0,2,1,3,1,TA,6,Typ,1,Attchd,1995.0,Fin,2,409,TA,TA,Y,315,44,0,0,0,WD,Normal,187500
RL,73.0,9069,Pave,Reg,Lvl,AllPub,Inside,Gtl,SawyerW,Norm,Norm,1Fam,SFoyer,6,6,1992,1992,Gable,CompShg,HdBoard,HdBoard,0.0,TA,TA,PConc,Gd,TA,Av,GLQ,747,Unf,0,189,936,GasA,Ex,Y,SBrkr,996,0,996,1,1,0,2,1,Gd,5,Typ,0,Attchd,1992.0,Unf,2,564,TA,TA,Y,120,0,0,0,0,WD,Normal,147000
RM,69.0,1974,Pave,Reg,Lvl,AllPub,Inside,Gtl,MeadowV,Norm,Norm,TwnhsE,2Story,4,5,1973,1973,Gable,CompShg,CemntBd,CmentBd,0.0,TA,TA,CBlock,TA,TA,No,BLQ,334,Unf,0,212,546,GasA,TA,Y,SBrkr,546,546,1092,0,1,1,3,1,TA,6,Typ,0,Attchd,1973.0,RFn,1,286,TA,TA,Y,120,96,0,0,0,WD,Normal,83500
FV,85.0,10574,Pave,Reg,Lvl,AllPub,Inside,Gtl,Somerst,Norm,Norm,1Fam,2Story,8,5,2005,2006,Gable,CompShg,VinylSd,VinylSd,0.0,Gd,TA,PConc,Gd,TA,Mn,Unf,0,Unf,0,1082,1082,GasA,Ex,Y,SBrkr,1082,871,1953,0,2,1,3,1,Gd,9,Typ,1,Attchd,2005.0,RFn,3,1043,TA,TA,Y,160,50,0,0,0,WD,Normal,252000
FV,37.0,3316,Pave,IR1,Lvl,AllPub,Inside,Gtl,Somerst,Norm,Norm,TwnhsE,1Story,8,5,2005,2005,Gable,CompShg,MetalSd,MetalSd,0.0,Gd,TA,PConc,Gd,TA,No,GLQ,1039,Unf,0,208,1247,GasA,Ex,Y,SBrkr,1247,0,1247,1,1,1,1,1,Gd,4,Typ,1,Attchd,2005.0,Fin,2,550,TA,TA,Y,0,84,0,0,0,WD,Normal,197000
RL,60.0,8544,Pave,Reg,Lvl,AllPub,Corner,Gtl,NAmes,Norm,Norm,Duplex,1Story,3,4,1950,1950,Gable,CompShg,BrkFace,BrkFace,0.0,TA,TA,Slab,TA,TA,No,Unf,0,Unf,0,0,0,Wall,Fa,N,FuseA,1040,0,1040,0,2,0,2,2,TA,6,Typ,0,Detchd,1987.0,Unf,2,400,TA,TA,Y,0,0,0,0,0,WD,Normal,92900
RL,78.0,9317,Pave,IR1,Lvl,AllPub,Inside,Gtl,CollgCr,Norm,Norm,1Fam,1Story,6,5,2006,2006,Gable,CompShg,VinylSd,VinylSd,0.0,Gd,TA,PConc,Gd,TA,No,GLQ,24,Unf,0,1290,1314,GasA,Gd,Y,SBrkr,1314,0,1314,0,2,0,3,1,Gd,6,Typ,1,Attchd,2006.0,RFn,2,440,TA,TA,Y,0,22,0,0,0,WD,Normal,176432
RM,50.0,6000,Pave,Reg,Lvl,AllPub,Inside,Gtl,BrkSide,Norm,Norm,1Fam,1.5Fin,4,6,1936,1950,Gable,CompShg,MetalSd,MetalSd,0.0,TA,TA,BrkTil,TA,TA,No,BLQ,672,Unf,0,0,672,GasA,TA,Y,SBrkr,757,567,1324,0,1,0,3,1,TA,6,Typ,0,Detchd,1936.0,Unf,1,240,TA,TA,Y,0,0,0,0,0,WD,Normal,128000
RL,82.0,11880,Pave,IR1,Lvl,AllPub,Inside,Gtl,NWAmes,RRAn,Norm,1Fam,1Story,7,5,1978,1978,Gable,CompShg,Plywood,Plywood,206.0,TA,TA,CBlock,Gd,TA,No,ALQ,704,Unf,0,567,1271,GasA,TA,Y,SBrkr,1601,0,1601,0,2,0,3,1,TA,7,Typ,1,Attchd,1978.0,RFn,2,478,TA,TA,Y,0,0,0,0,0,COD,Abnorml,157000
RL,60.0,8400,Pave,Reg,Bnk,AllPub,Inside,Gtl,SWISU,Norm,Norm,1Fam,1Story,2,5,1920,1950,Gable,CompShg,Wd Sdng,Wd Sdng,0.0,TA,TA,CBlock,TA,Fa,No,Rec,290,Unf,0,0,290,GasA,TA,N,FuseF,438,0,438,0,1,0,1,1,Fa,3,Typ,0,Detchd,1930.0,Unf,1,246,TA,TA,N,0,0,0,0,0,WD,Normal,60000
RL,70.0,7000,Pave,Reg,Lvl,AllPub,Inside,Gtl,NAmes,Norm,Norm,1Fam,1Story,5,7,1960,2002,Gable,CompShg,Wd Sdng,Wd Sdng,45.0,TA,TA,CBlock,TA,TA,No,Rec,588,Unf,0,422,1010,GasA,Ex,Y,SBrkr,1134,0,1134,0,1,0,2,1,TA,6,Typ,0,Attchd,1960.0,RFn,1,254,TA,TA,Y,0,16,0,0,0,WD,Family,135000
RL,98.0,12256,Pave,IR1,Lvl,AllPub,Corner,Gtl,NoRidge,Norm,Norm,1Fam,2Story,8,5,1994,1995,Gable,CompShg,HdBoard,HdBoard,362.0,Gd,TA,PConc,Ex,TA,Av,GLQ,1032,Unf,0,431,1463,GasA,Ex,Y,SBrkr,1500,1122,2622,1,2,1,3,1,Gd,9,Typ,2,Attchd,1994.0,RFn,2,712,TA,TA,Y,186,32,0,0,0,WD,Normal,325000
RL,69.0,8063,Pave,Reg,Lvl,AllPub,Inside,Gtl,Gilbert,Norm,Norm,1Fam,2Story,6,5,2000,2000,Gable,CompShg,VinylSd,VinylSd,0.0,TA,TA,PConc,Gd,TA,No,Unf,0,Unf,0,924,924,GasA,Ex,Y,SBrkr,948,742,1690,0,2,1,3,1,TA,7,Typ,1,Attchd,2000.0,RFn,2,463,TA,TA,Y,100,48,0,0,0,WD,Abnorml,181000
RL,69.0,8000,Pave,Reg,Lvl,AllPub,Inside,Gtl,Gilbert,Norm,Norm,1Fam,2Story,6,5,1995,1996,Gable,CompShg,HdBoard,HdBoard,0.0,TA,TA,PConc,Gd,TA,No,GLQ,219,Unf,0,554,773,GasA,Gd,Y,SBrkr,773,885,1658,1,2,1,3,1,TA,8,Typ,1,Attchd,1995.0,Fin,2,431,TA,TA,Y,224,84,0,0,0,WD,Normal,188000
RL,73.0,7100,Pave,IR1,Lvl,AllPub,Corner,Gtl,NAmes,Norm,Norm,1Fam,1Story,5,7,1957,1957,Gable,CompShg,WdShing,Wd Shng,0.0,TA,TA,CBlock,TA,TA,No,GLQ,708,Unf,0,108,816,GasA,TA,Y,FuseA,816,0,816,1,1,0,2,1,TA,5,Typ,0,Detchd,1957.0,Unf,1,308,TA,TA,Y,0,0,0,0,0,WD,Normal,129900
RL,66.0,8923,Pave,Reg,Lvl,AllPub,Inside,Gtl,NAmes,Norm,Norm,1Fam,1Story,5,7,1953,2006,Gable,CompShg,Wd Sdng,Wd Sdng,0.0,TA,TA,CBlock,TA,TA,No,BLQ,643,Unf,0,365,1008,GasA,Gd,Y,SBrkr,1008,0,1008,1,1,0,2,1,Gd,6,Typ,0,Attchd,1953.0,Unf,1,240,TA,TA,Y,0,18,0,0,0,WD,Normal,134500
RL,90.0,5400,Pave,Reg,Lvl,AllPub,Inside,Gtl,OldTown,Norm,Norm,1Fam,1Story,5,7,1954,2000,Gable,CompShg,MetalSd,MetalSd,0.0,TA,Gd,CBlock,TA,TA,No,Rec,415,Unf,0,418,833,GasA,Ex,Y,SBrkr,833,0,833,0,1,0,2,1,Gd,4,Typ,0,Detchd,1955.0,Unf,1,326,TA,TA,Y,0,0,0,0,0,WD,Normal,117000
RL,93.0,12085,Pave,Reg,Lvl,AllPub,Inside,Gtl,NridgHt,Norm,Norm,1Fam,1Story,8,5,2007,2007,Hip,CompShg,VinylSd,VinylSd,328.0,Gd,TA,PConc,Ex,TA,No,GLQ,1004,Unf,0,730,1734,GasA,Ex,Y,SBrkr,1734,0,1734,1,2,0,3,1,Ex,7,Typ,1,Attchd,2007.0,RFn,3,928,TA,TA,Y,0,0,0,0,0,New,Partial,318000
RL,69.0,7750,Pave,Reg,Lvl,AllPub,Inside,Gtl,Gilbert,Norm,Norm,1Fam,SLvl,8,5,2002,2002,Hip,CompShg,VinylSd,VinylSd,0.0,Gd,TA,PConc,Gd,TA,No,GLQ,353,Unf,0,55,408,GasA,Ex,Y,SBrkr,779,640,1419,1,2,1,3,1,Gd,7,Typ,1,BuiltIn,2002.0,Fin,2,527,TA,TA,Y,120,0,0,0,0,WD,Normal,184100
RL,57.0,9764,Pave,IR1,Lvl,AllPub,FR2,Gtl,Sawyer,Feedr,Norm,1Fam,1Story,5,7,1967,2003,Gable,CompShg,VinylSd,VinylSd,0.0,TA,TA,CBlock,TA,TA,No,BLQ,702,Unf,0,192,894,GasA,Ex,Y,SBrkr,894,0,894,1,1,0,3,1,Gd,5,Typ,0,Attchd,1967.0,RFn,2,450,TA,TA,Y,0,0,0,0,0,WD,Normal,130000
RL,84.0,10084,Pave,Reg,Lvl,AllPub,Inside,Gtl,CollgCr,Norm,Norm,1Fam,1Story,7,5,2005,2006,Gable,CompShg,VinylSd,VinylSd,196.0,Gd,TA,PConc,Gd,TA,Av,GLQ,24,Unf,0,1528,1552,GasA,Ex,Y,SBrkr,1552,0,1552,0,2,0,3,1,Gd,7,Typ,0,Attchd,2005.0,RFn,3,782,TA,TA,Y,144,20,0,0,0,New,Partial,212900
RL,69.0,9125,Pave,IR1,Lvl,AllPub,Inside,Gtl,Gilbert,Norm,Norm,1Fam,SLvl,7,5,1992,1992,Gable,CompShg,HdBoard,HdBoard,170.0,TA,TA,PConc,Gd,TA,No,Unf,0,Unf,0,384,384,GasA,Gd,Y,SBrkr,812,670,1482,0,2,1,3,1,Gd,7,Typ,1,Attchd,1992.0,Fin,2,392,TA,TA,Y,100,25,0,0,0,WD,Normal,163900
RL,60.0,10434,Pave,Reg,Lvl,AllPub,Inside,Gtl,NAmes,Norm,Norm,1Fam,1Story,4,5,1955,1955,Gable,CompShg,Plywood,Plywood,0.0,TA,TA,CBlock,TA,TA,No,Unf,0,Unf,0,1005,1005,GasA,TA,Y,SBrkr,1005,0,1005,0,1,0,2,1,Fa,5,Typ,1,Detchd,1977.0,Unf,2,672,Fa,Fa,Y,0,0,0,0,0,WD,Normal,115000
RL,53.0,3684,Pave,Reg,Lvl,AllPub,Inside,Gtl,Blmngtn,Norm,Norm,TwnhsE,1Story,7,5,2007,2007,Hip,CompShg,VinylSd,VinylSd,130.0,Gd,TA,PConc,Gd,TA,No,Unf,0,Unf,0,1373,1373,GasA,Ex,Y,SBrkr,1555,0,1555,0,2,0,2,1,Gd,7,Typ,1,Attchd,2007.0,Fin,3,660,TA,TA,Y,143,20,0,0,0,WD,Normal,174000
RL,59.0,11796,Pave,IR1,Lvl,AllPub,Inside,Gtl,Gilbert,Norm,Norm,1Fam,2Story,7,5,2004,2005,Gable,CompShg,VinylSd,VinylSd,0.0,Gd,TA,PConc,Gd,TA,Av,Unf,0,Unf,0,847,847,GasA,Ex,Y,SBrkr,847,1112,1959,0,2,1,4,1,Gd,8,Typ,1,BuiltIn,2004.0,Fin,2,434,TA,TA,Y,100,48,0,0,0,WD,Normal,215000
RM,60.0,7200,Pave,Reg,Lvl,AllPub,Inside,Gtl,OldTown,Norm,Norm,Duplex,SFoyer,5,5,1980,1980,Gable,CompShg,MetalSd,MetalSd,180.0,TA,TA,CBlock,Gd,TA,Gd,GLQ,936,Unf,0,0,936,GasA,TA,Y,SBrkr,936,0,936,1,1,0,2,1,TA,4,Typ,0,Detchd,1980.0,Unf,2,672,TA,TA,Y,49,0,0,0,0,WD,Normal,140000
RL,63.0,10712,Pave,Reg,Lvl,AllPub,Inside,Gtl,Mitchel,Norm,Norm,1Fam,1Story,5,5,1991,1992,Gable,CompShg,HdBoard,HdBoard,0.0,TA,TA,PConc,Gd,TA,Mn,BLQ,212,Unf,0,762,974,GasA,TA,Y,SBrkr,974,0,974,0,1,0,3,1,TA,5,Typ,0,Attchd,1980.0,Unf,0,0,TA,TA,Y,0,28,0,0,0,Oth,Abnorml,93500
RM,90.0,9900,Pave,Reg,Lvl,AllPub,Inside,Gtl,OldTown,Norm,Norm,1Fam,2Story,6,4,1880,1950,Gable,CompShg,Wd Sdng,Wd Sdng,0.0,TA,TA,BrkTil,TA,TA,Mn,Unf,0,Unf,0,1008,1008,GasW,TA,Y,SBrkr,1178,1032,2210,0,2,0,5,1,Fa,8,Typ,0,Detchd,1930.0,Unf,1,205,Fa,TA,N,0,48,0,0,0,WD,Normal,117500
RL,80.0,9828,Pave,IR1,Lvl,AllPub,Inside,Gtl,SawyerW,Norm,Norm,1Fam,2Story,8,5,1995,1995,Gable,CompShg,VinylSd,VinylSd,0.0,Gd,TA,PConc,Gd,TA,No,GLQ,584,Unf,0,544,1128,GasA,Ex,Y,SBrkr,1142,878,2020,0,2,1,3,1,Gd,8,Typ,1,Attchd,1995.0,RFn,2,466,TA,TA,Y,0,155,0,0,0,WD,Normal,239500
RL,57.0,8773,Pave,IR1,HLS,AllPub,Inside,Gtl,Gilbert,Norm,Norm,1Fam,2Story,6,5,1997,1997,Gable,CompShg,VinylSd,VinylSd,0.0,TA,TA,PConc,Gd,TA,Av,Unf,0,Unf,0,916,916,GasA,Gd,Y,SBrkr,916,684,1600,0,2,1,3,1,TA,7,Typ,1,Attchd,1997.0,Fin,2,460,TA,TA,Y,100,38,0,0,0,WD,Normal,169000
RM,60.0,6180,Pave,Reg,Lvl,AllPub,Corner,Gtl,BrkSide,Norm,Norm,1Fam,1Story,6,5,1926,1950,Gable,CompShg,Wd Sdng,Wd Sdng,0.0,TA,TA,BrkTil,TA,TA,No,Unf,0,Unf,0,960,960,GasA,TA,N,SBrkr,986,0,986,0,1,0,2,1,TA,5,Typ,1,Detchd,1926.0,Unf,1,180,TA,TA,Y,0,128,0,0,0,WD,Normal,102000
RL,69.0,9819,Pave,IR1,Lvl,AllPub,Inside,Mod,Mitchel,Norm,Norm,1Fam,1Story,6,5,1977,1977,Gable,CompShg,Plywood,ImStucc,0.0,TA,TA,PConc,TA,TA,Gd,ALQ,1567,Unf,0,0,1567,GasA,TA,Y,SBrkr,1567,0,1567,1,2,0,2,1,Gd,5,Typ,2,Attchd,1977.0,RFn,2,714,TA,TA,Y,264,32,0,0,0,WD,Normal,196000
RL,60.0,7350,Pave,Reg,Lvl,AllPub,Corner,Gtl,NAmes,Norm,Norm,1Fam,1Story,5,7,1951,1951,Gable,CompShg,HdBoard,HdBoard,0.0,TA,TA,CBlock,TA,TA,Mn,ALQ,852,Unf,0,100,952,GasA,TA,Y,SBrkr,952,0,952,1,1,0,2,1,TA,4,Typ,0,Detchd,1988.0,Unf,2,840,TA,TA,Y,0,0,0,0,0,COD,Abnorml,139000
RL,69.0,10304,Pave,IR1,Lvl,AllPub,CulDSac,Gtl,NWAmes,PosN,Norm,1Fam,2Story,5,7,1976,1976,Gable,CompShg,Plywood,Plywood,44.0,TA,Gd,CBlock,TA,TA,No,ALQ,381,Unf,0,399,780,GasA,Ex,Y,SBrkr,1088,780,1868,1,2,1,4,1,Gd,9,Typ,1,Attchd,1976.0,Unf,2,484,TA,TA,Y,448,96,0,0,0,WD,Normal,197500
RL,77.0,9965,Pave,Reg,Lvl,AllPub,Inside,Gtl,CollgCr,Norm,Norm,1Fam,2Story,8,5,2006,2007,Hip,CompShg,VinylSd,VinylSd,340.0,Gd,TA,PConc,Ex,TA,Gd,GLQ,1150,Unf,0,316,1466,GasA,Ex,Y,SBrkr,1466,1362,2828,1,3,0,4,1,Gd,11,Typ,1,BuiltIn,2006.0,RFn,3,1052,TA,TA,Y,125,144,0,0,0,New,Partial,424870
RM,52.0,6240,Pave,Reg,Lvl,AllPub,Inside,Gtl,BrkSide,Norm,Norm,1Fam,1.5Fin,5,6,1928,1950,Gable,CompShg,MetalSd,MetalSd,0.0,TA,TA,BrkTil,TA,TA,No,Unf,0,Unf,0,1042,1042,GasA,Ex,Y,SBrkr,1042,534,1576,0,1,0,3,1,TA,8,Typ,1,Detchd,1928.0,Unf,1,225,TA,TA,Y,0,0,0,0,0,WD,Family,149000
RL,69.0,11200,Pave,Reg,Lvl,AllPub,Inside,Gtl,SawyerW,Norm,Norm,1Fam,1Story,6,5,1985,1985,Gable,CompShg,Wd Sdng,Wd Shng,85.0,Gd,TA,CBlock,Gd,TA,No,GLQ,1258,Unf,0,40,1298,GasA,TA,Y,SBrkr,1298,0,1298,1,2,0,3,1,Gd,5,Typ,1,Attchd,1985.0,Unf,2,403,TA,TA,Y,165,26,0,0,0,WD,Normal,180000
RL,75.0,12000,Pave,Reg,Bnk,AllPub,Inside,Gtl,Crawfor,Norm,Norm,1Fam,2Story,7,7,1941,1950,Gable,CompShg,MetalSd,MetalSd,0.0,TA,TA,CBlock,TA,TA,No,Rec,275,Unf,0,429,704,GasA,Ex,Y,SBrkr,860,704,1564,0,1,1,3,1,Fa,7,Typ,1,Attchd,1941.0,Unf,1,234,TA,TA,Y,0,0,0,0,0,WD,Normal,174500
RL,34.0,5001,Pave,IR1,Lvl,AllPub,Inside,Gtl,NridgHt,Norm,Norm,Twnhs,1Story,7,5,2007,2008,Gable,CompShg,VinylSd,VinylSd,166.0,Gd,TA,PConc,Gd,TA,No,GLQ,904,Unf,0,410,1314,GasA,Ex,Y,SBrkr,1314,0,1314,1,2,0,2,1,Gd,6,Typ,1,Attchd,2008.0,RFn,2,626,TA,TA,Y,172,62,0,0,0,WD,Normal,230000
RL,92.0,11932,Pave,Reg,Lvl,AllPub,FR2,Gtl,Somerst,Feedr,Norm,1Fam,1Story,8,5,2007,2008,Gable,CompShg,VinylSd,VinylSd,186.0,Gd,TA,PConc,Gd,TA,No,Unf,0,Unf,0,1580,1580,GasA,Ex,Y,SBrkr,1580,0,1580,0,2,0,3,1,Gd,7,Typ,0,Attchd,2008.0,RFn,3,830,TA,TA,Y,0,24,0,0,0,ConLD,Partial,235128
RL,76.0,9120,Pave,Reg,Lvl,AllPub,Inside,Gtl,NWAmes,Norm,Norm,1Fam,2Story,6,6,1974,1974,Hip,CompShg,HdBoard,HdBoard,270.0,Gd,TA,CBlock,TA,TA,No,ALQ,442,Unf,0,459,901,GasA,TA,Y,SBrkr,943,933,1876,0,2,1,4,1,Gd,8,Typ,1,Attchd,1974.0,RFn,2,540,Gd,TA,Y,0,69,0,0,0,WD,Normal,185000
RL,69.0,14778,Pave,IR1,Low,AllPub,CulDSac,Gtl,Crawfor,PosN,Norm,1Fam,1Story,6,7,1954,2006,Hip,CompShg,HdBoard,HdBoard,72.0,Gd,TA,CBlock,TA,TA,No,BLQ,728,Unf,0,568,1296,GasA,Ex,Y,SBrkr,1640,0,1640,1,1,0,3,1,Gd,7,Typ,1,Detchd,1993.0,Unf,2,924,TA,TA,Y,108,0,0,0,0,WD,Normal,224000
RL,60.0,12900,Pave,Reg,Lvl,AllPub,Inside,Gtl,Sawyer,Feedr,Norm,Duplex,SFoyer,4,4,1969,1969,Gable,CompShg,Plywood,Plywood,0.0,TA,TA,CBlock,Gd,TA,Av,GLQ,1198,Unf,0,0,1198,GasA,TA,Y,SBrkr,1258,0,1258,2,0,2,0,2,TA,6,Typ,0,CarPort,1969.0,Unf,2,400,Fa,TA,Y,120,0,0,0,0,WD,Alloca,108959
RL,79.0,9541,Pave,IR1,Lvl,AllPub,Inside,Gtl,NridgHt,Norm,Norm,1Fam,1Story,7,5,2009,2009,Gable,CompShg,VinylSd,VinylSd,268.0,Gd,TA,PConc,Gd,TA,No,Unf,0,Unf,0,1502,1502,GasA,Ex,Y,SBrkr,1502,0,1502,0,2,0,3,1,Gd,7,Typ,0,Attchd,2009.0,RFn,2,644,TA,TA,Y,0,114,0,0,0,New,Partial,233170
RL,64.0,10475,Pave,IR1,Lvl,AllPub,Corner,Gtl,CollgCr,Norm,Norm,1Fam,1Story,8,5,2008,2008,Gable,CompShg,VinylSd,VinylSd,72.0,Gd,TA,PConc,Gd,TA,Av,Unf,0,Unf,0,1694,1694,GasA,Ex,Y,SBrkr,1694,0,1694,0,2,0,3,1,Gd,7,Typ,0,Attchd,2008.0,RFn,3,776,TA,TA,Y,160,33,0,0,0,WD,Normal,245350
RL,58.0,10852,Pave,IR1,Lvl,AllPub,Inside,Gtl,Gilbert,RRAn,Norm,1Fam,2Story,6,5,2000,2000,Gable,CompShg,VinylSd,VinylSd,0.0,TA,TA,PConc,Gd,TA,No,GLQ,786,Unf,0,173,959,GasA,Ex,Y,SBrkr,959,712,1671,1,2,1,3,1,TA,7,Typ,1,Attchd,2000.0,Fin,2,472,TA,TA,Y,0,38,0,0,0,WD,Normal,173000
RL,76.0,9880,Pave,Reg,Lvl,AllPub,Inside,Gtl,Mitchel,Norm,Norm,1Fam,SLvl,6,6,1977,1977,Gable,CompShg,Plywood,Plywood,0.0,TA,TA,CBlock,TA,TA,Av,ALQ,522,Unf,0,574,1096,GasA,TA,Y,SBrkr,1118,0,1118,1,1,0,3,1,TA,6,Typ,1,Attchd,1977.0,Fin,1,358,TA,TA,Y,203,0,0,0,576,WD,Normal,171000
FV,35.0,4017,Pave,IR1,Lvl,AllPub,Inside,Gtl,Somerst,Norm,Norm,TwnhsE,2Story,7,5,2006,2007,Gable,CompShg,MetalSd,MetalSd,0.0,Gd,TA,PConc,Gd,TA,No,Unf,0,Unf,0,625,625,GasA,Ex,Y,SBrkr,625,625,1250,0,2,1,2,1,Gd,5,Typ,0,Detchd,2006.0,Fin,2,625,TA,TA,Y,0,54,0,0,0,WD,Normal,171900
RL,85.0,10678,Pave,Reg,Lvl,AllPub,Inside,Gtl,NoRidge,Norm,Norm,1Fam,1.5Fin,8,5,1992,2000,Hip,CompShg,HdBoard,HdBoard,337.0,Gd,TA,PConc,Gd,TA,No,GLQ,700,Unf,0,983,1683,GasA,Ex,Y,SBrkr,2129,743,2872,0,2,1,4,1,Gd,9,Typ,1,Attchd,1992.0,Fin,2,541,TA,TA,Y,0,33,0,0,0,WD,Normal,285000
RL,37.0,6951,Pave,IR1,Lvl,AllPub,CulDSac,Gtl,Mitchel,Norm,Norm,1Fam,1Story,5,5,1984,1985,Gable,CompShg,HdBoard,Plywood,0.0,TA,TA,CBlock,TA,TA,No,ALQ,658,Unf,0,218,876,GasA,TA,Y,SBrkr,923,0,923,1,1,0,3,1,TA,5,Typ,0,Attchd,1984.0,Unf,1,264,TA,TA,Y,362,0,0,0,0,WD,Normal,119500
RL,69.0,11170,Pave,IR2,Lvl,AllPub,Corner,Gtl,Timber,Norm,Norm,1Fam,2Story,7,5,1990,1991,Gable,CompShg,MetalSd,MetalSd,0.0,TA,TA,Wood,Gd,TA,No,LwQ,1216,Unf,0,0,1216,GasA,Ex,Y,SBrkr,1298,1216,2514,0,2,1,4,1,TA,8,Typ,0,Attchd,1990.0,Fin,2,693,TA,TA,Y,0,0,0,0,0,WD,Normal,250000
RL,60.0,10800,Pave,Reg,Lvl,AllPub,Inside,Gtl,OldTown,Norm,Norm,1Fam,1Story,5,6,1920,1950,Hip,CompShg,Stucco,Stucco,0.0,TA,TA,BrkTil,TA,TA,No,Rec,821,Unf,0,299,1120,GasA,Ex,Y,SBrkr,1130,0,1130,1,1,0,2,1,TA,5,Typ,1,Detchd,1970.0,Unf,2,720,TA,TA,Y,229,0,0,0,0,WD,Normal,120000
RL,68.0,8935,Pave,IR1,Lvl,AllPub,Inside,Gtl,CollgCr,Norm,Norm,1Fam,2Story,7,5,2002,2002,Gable,CompShg,VinylSd,VinylSd,95.0,Gd,TA,PConc,Gd,TA,No,Unf,0,Unf,0,831,831,GasA,Ex,Y,SBrkr,831,829,1660,0,2,1,3,1,Gd,7,Typ,0,Attchd,2002.0,RFn,2,493,TA,TA,Y,144,68,0,0,0,WD,Normal,195000
RL,60.0,7500,Pave,Reg,Lvl,AllPub,Inside,Gtl,Gilbert,Norm,Norm,1Fam,2Story,7,5,1999,1999,Gable,CompShg,VinylSd,VinylSd,0.0,TA,TA,PConc,TA,TA,No,Unf,0,Unf,0,994,994,GasA,Gd,Y,SBrkr,1028,776,1804,0,2,1,3,1,Gd,7,Typ,1,Attchd,1999.0,Fin,2,442,TA,TA,Y,140,60,0,0,0,WD,Normal,189000
RM,69.0,4500,Pave,Reg,Lvl,AllPub,FR2,Gtl,Mitchel,Norm,Norm,TwnhsE,1Story,6,5,1999,1999,Hip,CompShg,VinylSd,VinylSd,425.0,TA,TA,PConc,Ex,TA,No,GLQ,883,Unf,0,341,1224,GasA,Ex,Y,SBrkr,1224,0,1224,1,2,0,2,1,TA,5,Typ,0,Attchd,1999.0,Fin,2,402,TA,TA,Y,0,304,0,0,0,WD,Normal,165000
RL,80.0,9364,Pave,Reg,Lvl,AllPub,Corner,Gtl,Sawyer,Norm,Norm,1Fam,2Story,6,7,1969,1969,Gable,CompShg,HdBoard,HdBoard,143.0,TA,TA,CBlock,TA,TA,No,ALQ,371,Unf,0,292,663,GasA,TA,Y,SBrkr,663,689,1352,0,1,1,4,1,TA,7,Typ,0,Attchd,1969.0,Fin,1,299,TA,TA,Y,379,36,0,0,0,WD,Normal,158000
RL,51.0,8029,Pave,IR1,Lvl,AllPub,Inside,Gtl,Gilbert,Norm,Norm,1Fam,2Story,6,5,2005,2005,Gable,CompShg,VinylSd,VinylSd,0.0,TA,TA,PConc,Gd,TA,No,Unf,0,Unf,0,728,728,GasA,Ex,Y,SBrkr,728,728,1456,0,2,1,3,1,Gd,8,Typ,0,Attchd,2005.0,Fin,2,400,TA,TA,Y,100,24,0,0,0,WD,Normal,176000
RL,58.0,14054,Pave,IR1,Lvl,AllPub,Inside,Gtl,Gilbert,Norm,Norm,1Fam,2Story,7,5,2006,2006,Gable,CompShg,VinylSd,VinylSd,0.0,Gd,TA,PConc,Gd,TA,Av,Unf,0,Unf,0,879,879,GasA,Ex,Y,SBrkr,879,984,1863,0,2,1,4,1,Gd,9,Typ,1,BuiltIn,2006.0,Fin,3,660,TA,TA,Y,100,17,0,0,0,New,Partial,219210
RL,70.0,9100,Pave,Reg,Lvl,AllPub,Inside,Gtl,CollgCr,Norm,Norm,1Fam,1Story,7,5,2001,2001,Gable,CompShg,VinylSd,VinylSd,0.0,Gd,TA,PConc,Gd,TA,No,Unf,0,Unf,0,1212,1212,GasA,Ex,Y,SBrkr,1212,0,1212,0,2,0,3,1,Gd,6,Typ,0,Attchd,2001.0,RFn,2,573,TA,TA,Y,356,0,0,0,0,WD,Normal,178000
RL,75.0,11235,Pave,Reg,Lvl,AllPub,Inside,Gtl,Sawyer,Norm,Norm,1Fam,1Story,4,5,1963,1979,Gable,CompShg,HdBoard,HdBoard,51.0,TA,TA,CBlock,TA,TA,No,Rec,547,Unf,0,504,1051,GasA,Gd,Y,SBrkr,1382,0,1382,0,1,1,3,1,TA,6,Typ,1,Attchd,1974.0,Unf,2,459,TA,TA,Y,0,82,0,0,0,WD,Normal,148000
RL,71.0,9353,Pave,Reg,Lvl,AllPub,Inside,Gtl,NAmes,Norm,Norm,1Fam,1Story,4,5,1970,1970,Gable,CompShg,MetalSd,MetalSd,0.0,TA,TA,CBlock,TA,TA,No,Unf,0,Unf,0,864,864,GasA,Gd,Y,SBrkr,864,0,864,0,1,0,3,1,TA,5,Typ,0,Attchd,1972.0,Unf,1,280,TA,TA,Y,0,0,0,0,0,Oth,Abnorml,116050
RL,80.0,10400,Pave,Reg,Lvl,AllPub,Corner,Gtl,CollgCr,Norm,Norm,1Fam,2Story,7,5,1998,1998,Gable,CompShg,VinylSd,VinylSd,0.0,TA,TA,PConc,Gd,TA,Av,Unf,0,Unf,0,866,866,GasA,Ex,Y,SBrkr,866,913,1779,0,2,1,3,1,Gd,6,Typ,0,Attchd,1998.0,RFn,2,546,TA,TA,Y,198,36,0,0,0,WD,Normal,197900
RL,75.0,9750,Pave,Reg,Lvl,AllPub,Inside,Gtl,CollgCr,Norm,Norm,1Fam,1Story,7,5,2000,2001,Gable,CompShg,VinylSd,VinylSd,171.0,Gd,TA,PConc,Gd,TA,No,Unf,0,Unf,0,1630,1630,GasA,Ex,Y,SBrkr,1630,0,1630,0,2,0,3,1,Gd,6,Typ,1,Attchd,2000.0,Unf,2,451,TA,TA,Y,74,234,0,0,0,WD,Normal,213000
RL,78.0,10140,Pave,Reg,Lvl,AllPub,Inside,Gtl,NWAmes,Norm,Norm,1Fam,1Story,5,6,1975,1975,Gable,CompShg,HdBoard,HdBoard,0.0,TA,TA,CBlock,Gd,TA,No,ALQ,788,Unf,0,268,1056,GasA,Ex,Y,SBrkr,1074,0,1074,1,1,1,3,1,TA,6,Typ,0,Attchd,1975.0,RFn,2,495,TA,TA,Y,0,88,0,0,0,WD,Normal,153500
RH,69.0,8900,Pave,Reg,Lvl,AllPub,Inside,Gtl,SawyerW,Norm,Norm,1Fam,1Story,4,4,1966,1966,Gable,CompShg,HdBoard,HdBoard,0.0,TA,TA,CBlock,TA,TA,No,Rec,1056,Unf,0,0,1056,GasA,TA,Y,SBrkr,1056,0,1056,1,1,0,2,1,TA,5,Typ,0,Detchd,1966.0,Unf,1,384,TA,TA,Y,0,42,0,0,0,WD,Normal,107000
RL,70.0,9135,Pave,Reg,Lvl,AllPub,Inside,Gtl,CollgCr,Norm,Norm,1Fam,1Story,6,5,2003,2003,Gable,CompShg,VinylSd,VinylSd,120.0,Gd,TA,PConc,Gd,TA,Av,GLQ,340,Unf,0,1342,1682,GasA,Ex,Y,SBrkr,1700,0,1700,1,2,0,3,1,Gd,7,Typ,0,Attchd,2003.0,RFn,2,544,TA,TA,Y,192,23,0,0,0,WD,Normal,200000
RL,85.0,10182,Pave,IR1,Lvl,AllPub,CulDSac,Gtl,Somerst,RRNn,Norm,1Fam,1Story,8,5,2006,2006,Hip,CompShg,VinylSd,VinylSd,420.0,Gd,TA,PConc,Ex,TA,Mn,GLQ,1220,Unf,0,440,1660,GasA,Ex,Y,SBrkr,1660,0,1660,1,2,0,3,1,Gd,8,Typ,1,Attchd,2006.0,RFn,2,500,TA,TA,Y,322,50,0,0,0,New,Partial,290000
RL,70.0,11218,Pave,Reg,Lvl,AllPub,Inside,Gtl,SawyerW,Norm,Norm,1Fam,2Story,6,5,1992,1992,Gable,CompShg,Wd Sdng,Wd Sdng,0.0,Gd,TA,PConc,Gd,TA,No,Unf,0,Unf,0,1055,1055,GasA,Ex,Y,SBrkr,1055,790,1845,0,2,1,3,1,Gd,8,Typ,1,Attchd,1992.0,RFn,2,462,TA,TA,Y,635,104,0,0,0,WD,Normal,189000
RL,50.0,9340,Pave,Reg,Lvl,AllPub,Inside,Gtl,Edwards,Norm,Norm,1Fam,1Story,4,6,1941,1950,Hip,CompShg,MetalSd,MetalSd,0.0,TA,TA,CBlock,TA,TA,No,Rec,344,Unf,0,328,672,GasA,TA,Y,SBrkr,672,0,672,1,1,0,2,1,TA,4,Typ,0,Attchd,1941.0,Unf,1,234,TA,TA,N,0,113,0,0,0,WD,Normal,113000
RL,69.0,10205,Pave,IR1,Lvl,AllPub,Inside,Gtl,NAmes,Norm,Norm,1Fam,SFoyer,5,5,1962,1962,Gable,CompShg,MetalSd,MetalSd,0.0,TA,TA,CBlock,TA,TA,Av,BLQ,784,Unf,0,141,925,GasA,TA,Y,SBrkr,999,0,999,1,1,0,3,1,TA,6,Typ,0,Attchd,1962.0,Unf,1,300,TA,TA,Y,150,72,0,0,0,WD,Normal,134500
RM,68.0,8930,Pave,Reg,Lvl,AllPub,Inside,Gtl,Sawyer,RRAe,Norm,Duplex,1.5Fin,6,5,1978,1978,Gable,CompShg,VinylSd,VinylSd,0.0,TA,TA,Slab,TA,TA,No,Unf,0,Unf,0,0,0,GasA,TA,Y,SBrkr,1318,584,1902,0,2,0,4,2,TA,8,Typ,0,Attchd,1978.0,Unf,2,539,TA,TA,Y,0,0,0,0,0,WD,Normal,112000
FV,72.0,8640,Pave,Reg,Lvl,AllPub,Inside,Gtl,Somerst,Norm,Norm,1Fam,1Story,8,5,2009,2009,Gable,CompShg,CemntBd,CmentBd,72.0,Gd,TA,PConc,Gd,TA,Mn,GLQ,936,Unf,0,364,1300,GasA,Ex,Y,SBrkr,1314,0,1314,1,2,0,3,1,Gd,6,Typ,0,Attchd,2009.0,RFn,2,552,TA,TA,Y,135,112,0,0,0,New,Partial,229456
RM,52.0,6240,Pave,Reg,Lvl,AllPub,Inside,Gtl,BrkSide,Norm,Norm,1Fam,1.5Fin,4,5,1947,1950,Gable,CompShg,AsbShng,AsbShng,0.0,TA,TA,Slab,TA,TA,No,Unf,0,Unf,0,0,0,GasA,Gd,N,SBrkr,672,240,912,0,1,0,2,1,TA,3,Typ,0,Attchd,1980.0,Unf,0,0,TA,TA,N,0,0,0,0,0,WD,Normal,80500
RL,78.0,10496,Pave,Reg,Lvl,AllPub,Inside,Gtl,NAmes,Artery,Norm,1Fam,1.5Fin,6,6,1949,1950,Gable,CompShg,Wd Sdng,Wd Sdng,320.0,TA,TA,CBlock,TA,TA,Mn,Rec,196,Unf,0,844,1040,GasA,Ex,Y,SBrkr,1168,678,1846,0,2,0,3,1,TA,7,Typ,1,Attchd,1949.0,Unf,1,315,TA,TA,Y,0,0,0,0,0,WD,Normal,143000
RL,60.0,15384,Pave,IR1,Lvl,AllPub,Inside,Gtl,Gilbert,RRAn,Norm,1Fam,2Story,7,5,2004,2005,Gable,CompShg,VinylSd,VinylSd,0.0,Gd,TA,PConc,Gd,TA,Av,GLQ,724,Unf,0,64,788,GasA,Ex,Y,SBrkr,788,702,1490,1,2,1,3,1,Gd,8,Typ,1,Attchd,2004.0,Fin,2,388,TA,TA,Y,100,75,0,0,0,WD,Normal,184000
RL,86.0,14598,Pave,IR1,Lvl,AllPub,CulDSac,Gtl,Somerst,Feedr,Norm,1Fam,2Story,6,5,2007,2007,Gable,CompShg,VinylSd,VinylSd,74.0,Gd,TA,PConc,Gd,TA,Mn,Unf,0,Unf,0,894,894,GasA,Ex,Y,SBrkr,894,1039,1933,0,2,1,4,1,Gd,9,Typ,1,BuiltIn,2007.0,Fin,3,668,TA,TA,Y,100,18,0,0,0,WD,Normal,214000
RL,70.0,7910,Pave,Reg,Lvl,AllPub,Inside,Gtl,NAmes,Norm,Norm,1Fam,SLvl,5,5,1960,1960,Hip,CompShg,BrkFace,HdBoard,0.0,TA,TA,CBlock,TA,TA,No,ALQ,666,Unf,0,409,1075,GasA,Gd,Y,SBrkr,1507,0,1507,0,2,0,4,1,TA,7,Maj1,0,Basment,1960.0,Unf,1,404,TA,TA,Y,0,0,0,0,0,WD,Normal,127000
RL,70.0,7728,Pave,Reg,Lvl,AllPub,Inside,Gtl,NAmes,Norm,Norm,Duplex,SLvl,5,6,1962,1962,Hip,CompShg,Wd Sdng,Wd Sdng,120.0,TA,TA,CBlock,TA,TA,Av,ALQ,803,Unf,0,303,1106,GasA,TA,Y,SBrkr,1190,0,1190,1,1,0,3,1,TA,6,Typ,0,Attchd,1962.0,Unf,2,540,TA,TA,Y,0,18,0,0,0,WD,Normal,132500
RL,70.0,9842,Pave,Reg,Lvl,AllPub,FR2,Gtl,NAmes,Norm,Norm,Duplex,1Story,4,5,1962,1962,Gable,CompShg,HdBoard,HdBoard,0.0,TA,TA,Slab,TA,TA,No,Unf,0,Unf,0,0,0,GasA,TA,Y,SBrkr,1224,0,1224,0,2,0,2,2,TA,6,Typ,0,CarPort,1962.0,Unf,2,462,TA,TA,Y,0,0,0,0,0,WD,Normal,101800
RL,69.0,12160,Pave,IR1,Lvl,AllPub,Inside,Gtl,NAmes,Norm,Norm,1Fam,1Story,5,5,1959,1959,Hip,CompShg,Plywood,Plywood,180.0,TA,TA,CBlock,TA,TA,No,Rec,1000,Unf,0,188,1188,GasA,Fa,Y,SBrkr,1188,0,1188,1,1,0,3,1,TA,6,Typ,0,Attchd,1959.0,RFn,2,531,TA,TA,Y,0,0,0,0,0,COD,Abnorml,142000
RH,55.0,8525,Pave,Reg,Bnk,AllPub,Inside,Gtl,SWISU,Norm,Norm,1Fam,2Story,5,6,1911,1950,Gable,CompShg,MetalSd,MetalSd,0.0,TA,TA,PConc,TA,TA,Av,Unf,0,Unf,0,940,940,GasA,TA,N,FuseA,1024,940,1964,0,1,1,4,1,TA,7,Typ,0,Attchd,1980.0,Unf,0,0,TA,TA,N,0,192,0,0,0,WD,Abnorml,130000
RL,96.0,13132,Pave,Reg,Lvl,AllPub,Inside,Gtl,Crawfor,Norm,Norm,1Fam,2Story,5,5,1914,1950,Gable,CompShg,Wd Sdng,Wd Sdng,0.0,TA,TA,BrkTil,Gd,TA,Mn,Unf,0,Unf,0,747,747,GasA,Gd,Y,FuseF,892,892,1784,0,1,1,4,1,TA,9,Typ,0,Detchd,1914.0,Unf,1,180,Fa,Fa,N,203,40,0,0,0,WD,Normal,138887
RL,36.0,2628,Pave,Reg,Lvl,AllPub,Inside,Gtl,NridgHt,Norm,Norm,Twnhs,2Story,7,5,2003,2003,Gable,CompShg,VinylSd,Wd Shng,106.0,Gd,TA,PConc,Gd,TA,No,Unf,0,Unf,0,764,764,GasA,Ex,Y,SBrkr,764,862,1626,0,2,1,2,1,Gd,6,Typ,0,BuiltIn,2003.0,RFn,2,474,TA,TA,Y,0,27,0,0,0,WD,Normal,175500
RL,41.0,12393,Pave,IR2,Lvl,AllPub,FR2,Gtl,CollgCr,Norm,Norm,1Fam,2Story,7,5,2004,2005,Gable,CompShg,VinylSd,VinylSd,0.0,Gd,TA,PConc,Gd,TA,No,Unf,0,Unf,0,847,847,GasA,Ex,Y,SBrkr,847,1101,1948,0,2,1,4,1,Gd,8,Typ,1,BuiltIn,2004.0,Fin,2,434,TA,TA,Y,100,48,0,0,0,WD,Normal,195000
RL,63.0,13072,Pave,Reg,Lvl,AllPub,Inside,Gtl,SawyerW,RRAe,Norm,1Fam,1Story,6,5,2005,2005,Gable,CompShg,VinylSd,VinylSd,0.0,Gd,TA,PConc,Gd,TA,No,Unf,0,Unf,0,1141,1141,GasA,Ex,Y,SBrkr,1141,0,1141,0,1,1,3,1,TA,6,Typ,0,Detchd,2005.0,Unf,2,484,TA,TA,Y,0,0,0,0,0,WD,Abnorml,142500
RL,64.0,9037,Pave,IR1,HLS,AllPub,Inside,Gtl,Timber,Norm,Norm,1Fam,1Story,8,5,2006,2006,Hip,CompShg,VinylSd,VinylSd,32.0,Gd,TA,PConc,Gd,TA,Av,GLQ,428,Unf,0,1048,1476,GasA,Ex,Y,SBrkr,1484,0,1484,0,2,0,2,1,Ex,6,Typ,1,Attchd,2006.0,RFn,2,472,TA,TA,Y,120,33,0,0,0,WD,Normal,265900
RL,65.0,8158,Pave,Reg,Lvl,AllPub,Inside,Gtl,CollgCr,Norm,Norm,1Fam,2Story,7,5,2003,2003,Gable,CompShg,VinylSd,VinylSd,252.0,Gd,TA,PConc,Gd,TA,No,GLQ,550,Unf,0,334,884,GasA,Ex,Y,SBrkr,884,884,1768,1,2,1,3,1,Gd,8,Typ,0,Attchd,2003.0,RFn,2,543,TA,TA,Y,0,63,0,0,0,WD,Normal,224900
RL,83.0,9849,Pave,Reg,Lvl,AllPub,Inside,Gtl,Somerst,Norm,Norm,1Fam,1Story,7,6,2007,2007,Hip,CompShg,VinylSd,VinylSd,0.0,Gd,TA,PConc,Gd,TA,Av,Unf,0,Unf,0,1689,1689,GasA,Ex,Y,SBrkr,1689,0,1689,0,2,0,3,1,Gd,7,Typ,0,Attchd,2007.0,RFn,3,954,TA,TA,Y,0,56,0,0,0,New,Partial,248328
RL,69.0,11435,Pave,IR1,HLS,AllPub,Corner,Mod,Crawfor,Norm,Norm,1Fam,2Story,8,7,1929,1950,Gable,CompShg,BrkFace,Stucco,0.0,TA,TA,PConc,Gd,TA,No,Unf,0,Unf,0,792,792,GasA,Fa,Y,SBrkr,792,725,1517,0,1,0,3,1,Gd,7,Typ,2,Detchd,1931.0,Unf,2,400,TA,TA,Y,0,0,0,0,0,WD,Normal,230000
FV,65.0,8125,Pave,Reg,Lvl,AllPub,Inside,Gtl,Somerst,Norm,Norm,1Fam,2Story,7,5,2005,2006,Gable,CompShg,VinylSd,VinylSd,0.0,Gd,TA,PConc,Gd,TA,No,Unf,0,Unf,0,756,756,GasA,Ex,Y,SBrkr,756,797,1553,0,2,1,3,1,Gd,6,Typ,0,Attchd,2005.0,RFn,2,615,TA,TA,Y,0,45,0,0,0,New,Partial,186500
RL,69.0,12328,Pave,IR1,Lvl,AllPub,Inside,Gtl,Mitchel,Norm,Norm,1Fam,SLvl,6,5,1976,1976,Gable,CompShg,HdBoard,HdBoard,335.0,TA,TA,CBlock,TA,TA,Av,GLQ,539,Unf,0,473,1012,GasA,TA,Y,SBrkr,1034,0,1034,1,1,0,3,1,TA,6,Typ,0,Attchd,1976.0,Unf,3,888,TA,TA,Y,0,0,0,0,0,WD,Normal,169900
RL,93.0,11160,Pave,Reg,Lvl,AllPub,Corner,Gtl,NAmes,Norm,Norm,1Fam,1Story,7,5,1968,1968,Hip,CompShg,BrkFace,BrkFace,0.0,Gd,TA,CBlock,TA,TA,No,ALQ,1065,Unf,0,1045,2110,GasA,Ex,Y,SBrkr,2110,0,2110,1,2,1,3,1,Ex,8,Typ,2,Attchd,1968.0,Fin,2,522,TA,TA,Y,0,0,0,0,0,WD,Normal,244000
RL,69.0,3136,Pave,IR1,Lvl,AllPub,Corner,Gtl,NridgHt,Norm,Norm,TwnhsE,1Story,7,5,2003,2003,Gable,CompShg,VinylSd,Wd Shng,163.0,Gd,TA,PConc,Gd,TA,No,Unf,0,Unf,0,1405,1405,GasA,Ex,Y,SBrkr,1405,0,1405,0,2,0,2,1,Gd,6,Typ,1,Attchd,2003.0,RFn,2,478,TA,TA,Y,148,36,0,0,0,WD,Normal,171750
RL,62.0,9858,Pave,Reg,Lvl,AllPub,Inside,Gtl,Mitchel,Norm,Norm,1Fam,1Story,5,6,1968,1968,Gable,CompShg,HdBoard,HdBoard,0.0,TA,TA,CBlock,TA,TA,No,BLQ,510,Unf,0,354,864,GasA,TA,Y,SBrkr,874,0,874,1,1,0,3,1,TA,5,Typ,0,Attchd,1968.0,RFn,1,288,TA,TA,Y,33,0,0,0,0,WD,Normal,130000
RL,60.0,6931,Pave,Reg,Lvl,AllPub,Inside,Gtl,Edwards,Norm,Norm,1Fam,2Story,7,5,2003,2004,Gable,CompShg,VinylSd,VinylSd,92.0,Gd,TA,PConc,Gd,TA,No,Unf,0,Unf,0,746,746,GasA,Ex,Y,SBrkr,760,896,1656,0,2,1,3,1,Gd,7,Typ,1,BuiltIn,2003.0,Fin,2,397,TA,TA,Y,178,128,0,0,0,WD,Normal,165400
RL,59.0,9587,Pave,IR1,Lvl,AllPub,Inside,Gtl,Gilbert,Norm,Norm,1Fam,SLvl,7,5,2005,2005,Gable,CompShg,VinylSd,VinylSd,182.0,Gd,TA,PConc,Gd,TA,Gd,GLQ,655,Unf,0,201,856,GasA,Ex,Y,SBrkr,1166,0,1166,1,2,0,2,1,Gd,5,Typ,0,Attchd,2005.0,Fin,2,400,TA,TA,Y,212,0,0,0,0,WD,Normal,190000
RL,69.0,24682,Pave,IR3,Lvl,AllPub,CulDSac,Gtl,Gilbert,RRAn,Norm,1Fam,2Story,6,5,1999,1999,Gable,CompShg,VinylSd,VinylSd,0.0,TA,TA,PConc,Gd,TA,No,Unf,0,Unf,0,841,841,GasA,Ex,Y,SBrkr,892,783,1675,0,2,1,3,1,TA,7,Typ,1,BuiltIn,1999.0,Fin,2,502,TA,TA,Y,0,103,0,0,0,WD,Normal,181000
RL,80.0,9600,Pave,Reg,Lvl,AllPub,Inside,Gtl,NAmes,Norm,Norm,1Fam,1Story,5,6,1956,1956,Hip,CompShg,MetalSd,MetalSd,0.0,TA,TA,CBlock,TA,TA,No,Rec,504,Unf,0,546,1050,GasA,Gd,Y,SBrkr,1050,0,1050,0,1,0,2,1,TA,5,Typ,0,Attchd,1956.0,Unf,1,338,TA,TA,Y,0,0,0,0,0,WD,Normal,128900
RL,69.0,11250,Pave,Reg,Lvl,AllPub,Inside,Gtl,ClearCr,Norm,Norm,1Fam,1.5Fin,4,5,1957,1989,Gable,CompShg,Wd Sdng,Wd Sdng,0.0,TA,TA,CBlock,TA,TA,Av,Unf,0,Unf,0,1104,1104,GasA,Ex,Y,FuseA,1104,684,1788,1,1,0,5,1,TA,8,Min2,2,Attchd,1957.0,Unf,1,304,TA,TA,Y,120,0,0,0,0,WD,Normal,161500
RH,34.0,4060,Pave,Reg,Lvl,AllPub,Inside,Gtl,NAmes,Norm,Norm,TwnhsE,1Story,6,5,1998,1999,Gable,CompShg,MetalSd,MetalSd,0.0,Gd,TA,PConc,Gd,TA,No,GLQ,266,Unf,0,1139,1405,GasA,Ex,Y,SBrkr,1337,0,1337,1,2,0,2,1,Gd,5,Typ,0,Attchd,1998.0,Fin,2,511,TA,TA,Y,144,68,0,0,0,COD,Abnorml,181000
FV,35.0,3735,Pave,Reg,Lvl,AllPub,FR3,Gtl,Somerst,Norm,Norm,TwnhsE,2Story,7,5,1999,1999,Hip,CompShg,MetalSd,MetalSd,218.0,Gd,TA,PConc,Gd,TA,No,GLQ,450,Unf,0,241,691,GasA,Ex,Y,SBrkr,713,739,1452,1,2,1,3,1,Gd,6,Typ,0,Detchd,1999.0,Unf,2,506,TA,TA,Y,0,34,0,0,0,WD,Normal,183900
RL,89.0,13214,Pave,IR1,HLS,AllPub,Inside,Gtl,Timber,Norm,Norm,1Fam,1Story,9,5,2008,2009,Hip,CompShg,Stucco,CmentBd,0.0,Ex,TA,PConc,Ex,TA,Gd,Unf,0,Unf,0,2002,2002,GasA,Ex,Y,SBrkr,2018,0,2018,0,2,0,3,1,Ex,10,Typ,1,Attchd,2009.0,Fin,3,746,TA,TA,Y,144,76,0,0,0,WD,Normal,378500
RL,78.0,11344,Pave,Reg,Lvl,AllPub,Inside,Gtl,NAmes,Feedr,Norm,1Fam,1.5Fin,5,5,1958,1958,Gable,CompShg,MetalSd,MetalSd,180.0,TA,TA,CBlock,TA,TA,No,BLQ,460,Unf,0,414,874,GasW,TA,Y,FuseA,874,650,1524,0,1,1,3,1,TA,7,Typ,0,Attchd,1958.0,Unf,1,315,TA,TA,Y,0,0,0,0,0,WD,Normal,144000
RL,69.0,23595,Pave,Reg,Low,AllPub,Inside,Sev,ClearCr,Norm,Norm,1Fam,1Story,7,6,1979,1979,Shed,WdShake,Plywood,Plywood,0.0,Gd,TA,PConc,Gd,TA,Gd,GLQ,1258,Unf,0,74,1332,GasA,TA,Y,SBrkr,1332,192,1524,2,0,1,0,1,Gd,4,Typ,1,Attchd,1979.0,Fin,2,586,TA,TA,Y,268,0,0,0,0,WD,Normal,260000
RL,69.0,9156,Pave,IR1,Lvl,AllPub,Inside,Gtl,NWAmes,PosN,Norm,1Fam,1Story,6,7,1968,1968,Hip,CompShg,BrkFace,BrkFace,0.0,TA,TA,CBlock,TA,TA,No,Unf,0,Unf,0,1489,1489,GasA,Gd,Y,SBrkr,1489,0,1489,0,2,0,3,1,Gd,7,Typ,1,Attchd,1968.0,RFn,2,462,TA,TA,Y,0,0,0,0,0,WD,Normal,185750
RL,69.0,17871,Pave,IR1,Lvl,AllPub,CulDSac,Gtl,NWAmes,Norm,Norm,1Fam,SLvl,6,5,1967,1976,Gable,CompShg,HdBoard,HdBoard,359.0,TA,TA,CBlock,Gd,TA,Av,ALQ,528,Unf,0,1152,1680,GasA,Fa,Y,SBrkr,1724,0,1724,1,1,1,3,1,TA,7,Typ,1,Attchd,1967.0,RFn,2,480,TA,TA,Y,0,0,0,0,0,WD,Normal,197900
RL,75.0,9473,Pave,Reg,Lvl,AllPub,Inside,Gtl,CollgCr,Norm,Norm,1Fam,2Story,8,5,2002,2002,Gable,CompShg,VinylSd,VinylSd,0.0,Gd,TA,PConc,Gd,TA,No,GLQ,804,Unf,0,324,1128,GasA,Ex,Y,SBrkr,1128,903,2031,1,2,1,3,1,Gd,7,Typ,1,Attchd,2002.0,RFn,2,577,TA,TA,Y,0,211,0,0,0,WD,Normal,237000
RL,67.0,9808,Pave,IR1,Lvl,AllPub,Inside,Gtl,CollgCr,Norm,Norm,1Fam,1Story,7,5,2002,2002,Gable,CompShg,VinylSd,VinylSd,110.0,Gd,TA,PConc,Gd,TA,No,GLQ,788,Unf,0,785,1573,GasA,Ex,Y,SBrkr,1573,0,1573,1,2,0,3,1,Gd,6,Typ,0,Attchd,2002.0,RFn,2,544,TA,TA,Y,0,72,0,0,0,WD,Normal,227000
RL,94.0,9400,Pave,Reg,Low,AllPub,Corner,Gtl,Mitchel,Norm,Norm,Duplex,2Story,6,5,1971,1971,Mansard,CompShg,MetalSd,Wd Shng,0.0,TA,TA,CBlock,TA,TA,Av,Unf,0,Unf,0,912,912,GasA,TA,Y,SBrkr,912,912,1824,0,2,2,4,2,TA,8,Typ,0,Attchd,1980.0,Unf,0,0,TA,TA,Y,128,0,0,0,0,WD,Normal,139000
RM,50.0,6000,Pave,Reg,Lvl,AllPub,Inside,Gtl,BrkSide,Norm,Norm,1Fam,1.5Fin,6,6,1939,1950,Gable,CompShg,MetalSd,MetalSd,0.0,TA,Fa,CBlock,TA,TA,No,Unf,0,Unf,0,780,780,GasA,Ex,Y,FuseF,825,587,1412,0,1,0,4,1,TA,6,Typ,1,Detchd,1939.0,Unf,1,280,TA,TA,Y,45,0,0,0,0,WD,Normal,132500
RL,40.0,5664,Pave,IR1,Lvl,AllPub,Inside,Gtl,StoneBr,Norm,Norm,TwnhsE,1Story,8,5,2000,2000,Gable,CompShg,CemntBd,CmentBd,0.0,Gd,TA,PConc,Gd,TA,No,GLQ,1158,Unf,0,343,1501,GasA,Ex,Y,SBrkr,1659,0,1659,1,2,0,2,1,Ex,5,Typ,1,Attchd,2000.0,Fin,2,499,TA,TA,Y,212,59,0,0,0,WD,Normal,278000
RL,69.0,14112,Pave,IR1,Lvl,AllPub,Corner,Gtl,NAmes,Norm,Norm,1Fam,SLvl,5,7,1964,1964,Hip,CompShg,Wd Sdng,HdBoard,86.0,TA,TA,PConc,TA,TA,Av,GLQ,1014,Unf,0,138,1152,GasA,TA,Y,SBrkr,1152,0,1152,1,1,0,3,1,TA,6,Typ,1,Attchd,1964.0,RFn,2,484,TA,TA,Y,227,0,0,0,0,WD,Normal,180500
RM,60.0,6600,Pave,Reg,Lvl,AllPub,Corner,Gtl,OldTown,Norm,Norm,1Fam,2Story,5,4,1892,1965,Gable,CompShg,Wd Sdng,Wd Sdng,0.0,TA,TA,Stone,TA,TA,No,Unf,0,Unf,0,994,994,GasA,TA,N,SBrkr,1378,994,2372,0,2,0,4,2,TA,11,Min2,0,Attchd,1985.0,RFn,1,432,TA,TA,Y,0,287,0,0,0,WD,Normal,107500
RL,60.0,8172,Pave,Reg,Lvl,AllPub,Inside,Gtl,Edwards,Norm,Norm,1Fam,1Story,5,7,1955,1990,Hip,CompShg,WdShing,Plywood,0.0,TA,TA,CBlock,TA,TA,No,Rec,167,Unf,0,697,864,GasA,TA,Y,SBrkr,864,0,864,1,1,0,2,1,TA,5,Typ,0,Detchd,1957.0,Unf,2,572,TA,TA,N,0,0,0,0,0,WD,Normal,115000
RL,70.0,8400,Pave,Reg,Lvl,AllPub,Inside,Gtl,NAmes,Feedr,Norm,1Fam,1Story,5,5,1968,1968,Hip,CompShg,HdBoard,HdBoard,168.0,TA,TA,CBlock,TA,TA,Av,BLQ,1016,Unf,0,36,1052,GasA,Gd,Y,SBrkr,1052,0,1052,1,1,1,3,1,TA,5,Typ,0,Attchd,1968.0,RFn,1,288,TA,TA,Y,356,0,0,0,0,WD,Normal,138500
RL,69.0,10762,Pave,IR1,Lvl,AllPub,CulDSac,Gtl,Gilbert,Norm,Norm,1Fam,2Story,7,5,1999,1999,Gable,CompShg,VinylSd,VinylSd,344.0,Gd,TA,PConc,Gd,TA,No,GLQ,694,Unf,0,284,978,GasA,Ex,Y,SBrkr,1005,978,1983,0,2,1,3,1,Gd,9,Typ,1,Attchd,1999.0,Fin,2,490,TA,TA,Y,0,0,0,0,0,WD,Normal,225000
RL,92.0,10120,Pave,Reg,Lvl,AllPub,Inside,Gtl,NoRidge,Norm,Norm,1Fam,2Story,8,5,1994,1994,Hip,CompShg,VinylSd,VinylSd,391.0,Gd,TA,PConc,Gd,TA,No,GLQ,740,Unf,0,425,1165,GasA,Ex,Y,SBrkr,1203,1323,2526,1,2,1,4,1,Gd,8,Typ,1,Attchd,1994.0,RFn,3,844,TA,TA,Y,309,78,0,0,0,WD,Normal,290000
RL,73.0,8688,Pave,Reg,Lvl,AllPub,Inside,Gtl,Somerst,Norm,Norm,1Fam,1Story,7,5,2005,2005,Gable,CompShg,VinylSd,VinylSd,228.0,Gd,TA,PConc,Gd,TA,Av,Unf,0,Unf,0,1616,1616,GasA,Ex,Y,SBrkr,1616,0,1616,0,2,0,3,1,Gd,7,Typ,0,Attchd,2005.0,RFn,3,834,TA,TA,Y,208,59,0,0,0,WD,Normal,232000
RL,48.0,6955,Pave,IR1,Lvl,AllPub,Inside,Gtl,NridgHt,Norm,Norm,TwnhsE,1Story,7,5,2005,2006,Gable,CompShg,VinylSd,VinylSd,94.0,Gd,TA,PConc,Gd,TA,No,Unf,0,Unf,0,1368,1368,GasA,Ex,Y,SBrkr,1368,0,1368,0,2,0,2,1,Gd,6,Typ,1,Attchd,2005.0,RFn,2,474,TA,TA,Y,132,35,0,0,0,New,Partial,202500
RL,60.0,8072,Pave,Reg,Lvl,AllPub,Inside,Gtl,CollgCr,Norm,Norm,1Fam,1Story,5,5,1994,1995,Gable,CompShg,VinylSd,VinylSd,0.0,TA,Gd,PConc,Gd,Gd,No,ALQ,746,Unf,0,244,990,GasA,Ex,Y,SBrkr,990,0,990,1,1,0,3,1,TA,5,Typ,0,Detchd,2000.0,Unf,2,480,TA,TA,Y,0,64,0,0,0,WD,Normal,138000
RL,69.0,7153,Pave,Reg,Lvl,AllPub,Inside,Gtl,SawyerW,Norm,Norm,1Fam,1Story,6,5,1991,1991,Gable,CompShg,HdBoard,HdBoard,88.0,TA,TA,CBlock,Gd,TA,No,GLQ,1200,Unf,0,78,1278,GasA,Gd,Y,SBrkr,1294,0,1294,1,2,0,3,1,Gd,6,Typ,0,Attchd,1991.0,RFn,2,496,TA,TA,Y,112,51,0,0,0,WD,Normal,179200
RL,68.0,8814,Pave,Reg,Lvl,AllPub,Inside,Gtl,CollgCr,Norm,Norm,1Fam,1Story,7,5,2005,2007,Gable,CompShg,VinylSd,VinylSd,80.0,Gd,TA,PConc,Gd,TA,No,GLQ,925,Unf,0,349,1274,GasA,Ex,Y,SBrkr,1274,0,1274,1,2,0,3,1,Gd,6,Typ,0,Attchd,2005.0,RFn,2,508,TA,TA,Y,264,98,0,0,0,New,Partial,203000
RL,69.0,9572,Pave,IR1,Lvl,AllPub,Inside,Gtl,NoRidge,Norm,Norm,1Fam,2Story,8,5,1990,1990,Gable,CompShg,Wd Sdng,Wd Sdng,336.0,Gd,TA,PConc,Ex,TA,No,GLQ,482,Unf,0,971,1453,GasA,Ex,Y,SBrkr,1453,1357,2810,0,2,1,4,1,Gd,9,Typ,1,Attchd,1990.0,RFn,2,750,Gd,Gd,Y,500,0,0,0,0,WD,Normal,302000
RL,60.0,8190,Pave,Reg,Lvl,AllPub,Inside,Gtl,Edwards,Norm,Norm,1Fam,1Story,4,6,1954,1954,Hip,CompShg,Wd Sdng,Wd Sdng,0.0,TA,TA,CBlock,TA,TA,No,Rec,732,Unf,0,216,948,GasA,Ex,Y,SBrkr,948,0,948,1,1,0,3,1,TA,5,Typ,1,Detchd,1956.0,Unf,1,280,TA,TA,Y,0,36,0,0,0,WD,Normal,119000
RL,61.0,10226,Pave,IR1,Lvl,AllPub,Inside,Gtl,CollgCr,Norm,Norm,1Fam,1Story,8,5,2008,2008,Gable,CompShg,VinylSd,VinylSd,270.0,Gd,TA,PConc,Ex,TA,Gd,Unf,0,Unf,0,1622,1622,GasA,Ex,Y,SBrkr,1630,0,1630,1,2,0,3,1,Ex,8,Typ,1,Attchd,2008.0,RFn,3,860,TA,TA,Y,172,42,0,0,0,WD,Normal,295493
FV,47.0,4230,Pave,Reg,Lvl,AllPub,Corner,Gtl,Somerst,Norm,Norm,TwnhsE,1Story,7,5,2006,2007,Gable,CompShg,VinylSd,VinylSd,0.0,Gd,TA,PConc,Ex,Gd,No,Unf,0,Unf,0,1352,1352,GasA,Ex,Y,SBrkr,1352,0,1352,0,2,0,2,1,Gd,5,Typ,1,Attchd,2006.0,RFn,2,466,TA,TA,Y,0,241,0,0,0,New,Partial,208900
RL,69.0,14781,Pave,IR2,Lvl,AllPub,CulDSac,Gtl,CollgCr,Norm,Norm,1Fam,1Story,8,5,2001,2002,Hip,CompShg,VinylSd,VinylSd,178.0,Gd,TA,PConc,Gd,TA,Gd,Unf,0,Unf,0,1753,1753,GasA,Ex,Y,SBrkr,1787,0,1787,0,2,0,3,1,Gd,7,Typ,1,Attchd,2001.0,RFn,3,748,TA,TA,Y,198,150,0,0,0,WD,Normal,275000
RL,75.0,10215,Pave,Reg,Bnk,AllPub,Inside,Gtl,Edwards,Norm,Norm,1Fam,1Story,4,5,1954,1954,Hip,CompShg,Wd Sdng,Wd Sdng,132.0,TA,TA,PConc,TA,TA,No,ALQ,492,Unf,0,372,864,GasA,Ex,Y,SBrkr,948,0,948,0,1,0,3,1,TA,5,Typ,0,Attchd,1954.0,Unf,1,248,TA,TA,Y,0,0,0,0,0,WD,Normal,111000
RL,69.0,6627,Pave,IR1,Lvl,AllPub,Corner,Gtl,BrkSide,Feedr,Norm,1Fam,1Story,3,6,1949,1950,Hip,CompShg,VinylSd,VinylSd,0.0,TA,TA,CBlock,TA,TA,No,Unf,0,Unf,0,0,0,Floor,TA,N,SBrkr,720,0,720,0,1,0,2,1,TA,4,Typ,0,Detchd,1955.0,Unf,1,287,TA,Fa,Y,0,0,0,0,0,WD,Normal,72500
RL,50.0,5330,Pave,Reg,HLS,AllPub,Inside,Gtl,BrkSide,Norm,Norm,1Fam,1Story,4,7,1940,1950,Hip,CompShg,VinylSd,VinylSd,0.0,Fa,TA,CBlock,TA,TA,No,LwQ,280,Unf,0,140,420,GasA,Gd,Y,SBrkr,708,0,708,0,1,0,2,1,Fa,5,Typ,0,Attchd,1980.0,Unf,0,0,TA,TA,Y,164,0,0,0,0,WD,Normal,82500
RL,75.0,9986,Pave,Reg,Lvl,AllPub,Inside,Gtl,Somerst,Norm,Norm,1Fam,1Story,8,5,2006,2007,Gable,CompShg,VinylSd,VinylSd,428.0,Gd,TA,PConc,Ex,TA,Av,Unf,0,Unf,0,1795,1795,GasA,Ex,Y,SBrkr,1795,0,1795,0,2,0,2,1,Gd,7,Typ,1,Attchd,2007.0,RFn,3,895,TA,TA,Y,0,49,0,0,0,New,Partial,147000
RL,63.0,9084,Pave,IR1,Lvl,AllPub,Inside,Gtl,Gilbert,Norm,Norm,1Fam,2Story,7,5,1998,1998,Hip,CompShg,VinylSd,VinylSd,0.0,TA,TA,PConc,Gd,TA,No,Unf,0,Unf,0,935,935,GasA,Gd,Y,SBrkr,955,677,1632,0,2,1,3,1,TA,8,Typ,1,Attchd,1998.0,Fin,2,462,TA,TA,Y,0,28,0,0,0,WD,Normal,176500
RL,85.0,10000,Pave,Reg,Lvl,AllPub,Inside,Gtl,Somerst,Norm,Norm,1Fam,1Story,8,5,2006,2006,Hip,CompShg,VinylSd,VinylSd,410.0,Gd,TA,PConc,Gd,Gd,Av,Unf,0,Unf,0,1588,1588,GasA,Ex,Y,SBrkr,1588,0,1588,0,2,0,3,1,Gd,7,Typ,1,Attchd,2006.0,RFn,3,825,TA,TA,Y,144,45,0,0,0,WD,Normal,227000
RL,55.0,10780,Pave,IR1,Lvl,AllPub,Inside,Gtl,CollgCr,Norm,Norm,1Fam,SLvl,5,5,1976,1976,Gable,CompShg,MetalSd,MetalSd,0.0,TA,TA,CBlock,TA,TA,Av,ALQ,483,Unf,0,428,911,GasA,Gd,Y,SBrkr,954,0,954,0,1,0,3,1,TA,6,Typ,0,Detchd,1976.0,Unf,2,576,TA,TA,Y,0,0,0,0,0,WD,Normal,132500
RL,67.0,8877,Pave,Reg,Lvl,AllPub,Inside,Mod,Edwards,Norm,Norm,1Fam,1Story,4,6,1938,1958,Gable,CompShg,MetalSd,MetalSd,0.0,TA,TA,CBlock,TA,TA,Mn,ALQ,690,Unf,0,126,816,GasA,Ex,Y,SBrkr,816,0,816,1,1,0,2,1,TA,3,Typ,1,Detchd,1958.0,Unf,1,288,Fa,Fa,Y,0,0,0,0,0,WD,Normal,100000
RL,95.0,13450,Pave,IR1,Lvl,AllPub,Corner,Gtl,CollgCr,Norm,Norm,1Fam,2Story,7,5,2002,2002,Gable,CompShg,VinylSd,VinylSd,0.0,Gd,TA,PConc,Gd,TA,No,GLQ,700,Unf,0,216,916,GasA,Ex,Y,SBrkr,920,941,1861,1,2,1,3,1,Gd,8,Typ,0,BuiltIn,2002.0,RFn,2,492,TA,TA,Y,146,91,0,0,0,WD,Normal,200000
RL,70.0,8294,Pave,Reg,Lvl,AllPub,Inside,Gtl,NAmes,Norm,Norm,1Fam,1Story,4,5,1971,1971,Gable,CompShg,MetalSd,MetalSd,0.0,TA,TA,CBlock,TA,TA,No,Unf,0,Unf,0,858,858,GasA,TA,Y,SBrkr,872,0,872,0,1,0,3,1,TA,5,Typ,0,Detchd,1974.0,Unf,4,480,TA,TA,Y,0,0,0,0,0,WD,Normal,123000
RL,66.0,13695,Pave,Reg,Lvl,AllPub,Inside,Gtl,SawyerW,RRAe,Norm,1Fam,1Story,6,5,2003,2004,Gable,CompShg,VinylSd,VinylSd,0.0,TA,TA,PConc,Gd,TA,No,GLQ,814,Unf,0,300,1114,GasA,Ex,Y,SBrkr,1114,0,1114,1,1,0,3,1,Gd,6,Typ,0,Detchd,2004.0,Unf,2,576,TA,TA,Y,0,78,0,0,0,WD,Normal,155000
RL,69.0,9375,Pave,Reg,Lvl,AllPub,Inside,Gtl,CollgCr,Norm,Norm,1Fam,2Story,8,5,2002,2002,Gable,CompShg,VinylSd,VinylSd,149.0,Gd,TA,PConc,Gd,TA,No,Unf,0,Unf,0,1284,1284,GasA,Ex,Y,SBrkr,1284,885,2169,0,2,1,3,1,Gd,7,Typ,1,Attchd,2002.0,RFn,2,647,TA,TA,Y,192,87,0,0,0,WD,Normal,228500
RL,57.0,7558,Pave,Reg,Bnk,AllPub,Inside,Gtl,Crawfor,Norm,Norm,1Fam,1.5Fin,6,6,1928,1950,Gable,CompShg,BrkFace,Stone,0.0,TA,TA,BrkTil,TA,TA,No,Unf,0,Unf,0,896,896,GasA,Gd,Y,SBrkr,1172,741,1913,0,1,1,3,1,TA,9,Typ,1,Detchd,1929.0,Unf,2,342,Fa,Fa,Y,0,0,0,0,0,WD,Normal,177000
RL,85.0,11103,Pave,IR1,Lvl,AllPub,Corner,Gtl,CollgCr,Norm,Norm,1Fam,2Story,7,5,2006,2006,Gable,CompShg,VinylSd,VinylSd,0.0,Gd,TA,PConc,Gd,TA,No,Unf,0,Unf,0,728,728,GasA,Ex,Y,SBrkr,728,728,1456,0,2,1,3,1,Gd,8,Typ,1,Attchd,2006.0,Fin,2,440,TA,TA,Y,0,0,0,0,0,New,Partial,155835
RL,93.0,15306,Pave,IR1,HLS,AllPub,Corner,Gtl,Timber,Norm,Norm,1Fam,1Story,8,5,2006,2007,Gable,CompShg,VinylSd,VinylSd,100.0,Gd,TA,PConc,Ex,TA,Gd,GLQ,80,Unf,0,1652,1732,GasA,Ex,Y,SBrkr,1776,0,1776,1,2,0,3,1,Gd,7,Typ,1,Attchd,2006.0,Fin,3,712,TA,TA,Y,0,0,0,0,0,New,Partial,283463
RL,69.0,16196,Pave,IR3,Low,AllPub,Inside,Gtl,SawyerW,Norm,Norm,1Fam,1Story,7,5,1998,1998,Gable,CompShg,VinylSd,VinylSd,0.0,Gd,TA,PConc,Gd,TA,Gd,GLQ,1443,Unf,0,39,1482,GasA,Ex,Y,SBrkr,1494,0,1494,1,2,0,3,1,Gd,5,Typ,1,Attchd,1998.0,RFn,2,514,TA,TA,Y,402,25,0,0,0,WD,Normal,215000
RL,69.0,10316,Pave,IR1,Lvl,AllPub,Inside,Gtl,CollgCr,Norm,Norm,1Fam,2Story,7,5,2000,2000,Gable,CompShg,VinylSd,VinylSd,0.0,Gd,TA,PConc,Gd,TA,No,GLQ,735,Unf,0,257,992,GasA,Ex,Y,SBrkr,992,873,1865,1,2,1,3,1,Gd,7,Typ,1,Attchd,2000.0,RFn,3,839,TA,TA,Y,0,184,0,0,0,WD,Normal,235000
RL,102.0,10192,Pave,IR1,Lvl,AllPub,Inside,Gtl,NWAmes,Norm,Norm,1Fam,SLvl,7,6,1968,1992,Gable,CompShg,MetalSd,MetalSd,143.0,TA,TA,CBlock,TA,TA,No,Unf,0,Unf,0,570,570,GasA,Gd,Y,SBrkr,1222,698,1920,0,3,0,4,1,Gd,8,Typ,1,Attchd,1968.0,RFn,2,487,TA,TA,Y,0,98,0,0,0,WD,Normal,170000
RL,69.0,9477,Pave,Reg,Lvl,AllPub,Corner,Gtl,NAmes,Norm,Norm,1Fam,1Story,5,5,1966,1966,Gable,CompShg,HdBoard,HdBoard,65.0,TA,TA,CBlock,TA,TA,No,Rec,340,Unf,0,524,864,GasA,TA,Y,SBrkr,892,0,892,0,1,0,3,1,TA,5,Typ,0,Attchd,1966.0,RFn,1,264,TA,TA,Y,0,0,0,0,0,WD,Normal,110000
RL,69.0,12537,Pave,IR1,Lvl,AllPub,CulDSac,Gtl,NAmes,Norm,Norm,1Fam,1Story,5,6,1971,2008,Gable,CompShg,VinylSd,VinylSd,0.0,TA,TA,CBlock,TA,TA,No,GLQ,734,Unf,0,344,1078,GasA,Ex,Y,SBrkr,1078,0,1078,1,1,1,3,1,TA,6,Typ,1,Attchd,1971.0,Fin,2,500,TA,TA,Y,0,0,0,0,0,WD,Normal,149900
FV,69.0,2117,Pave,Reg,Lvl,AllPub,Inside,Gtl,Somerst,Norm,Norm,Twnhs,2Story,6,5,2000,2000,Gable,CompShg,MetalSd,MetalSd,216.0,Gd,TA,PConc,Gd,TA,No,GLQ,378,Unf,0,378,756,GasA,Ex,Y,SBrkr,769,804,1573,0,2,1,3,1,Gd,5,Typ,0,Detchd,2000.0,Unf,2,440,TA,TA,Y,0,32,0,0,0,WD,Normal,177500
RL,69.0,12513,Pave,IR1,Lvl,AllPub,FR2,Gtl,NAmes,Feedr,Norm,1Fam,1.5Fin,4,4,1920,2007,Gable,CompShg,VinylSd,VinylSd,0.0,TA,Gd,BrkTil,TA,Fa,No,Unf,0,Unf,0,715,715,GasA,Gd,Y,SBrkr,1281,457,1738,0,2,0,4,1,TA,7,Typ,1,Attchd,1920.0,Unf,1,368,TA,TA,Y,55,0,0,0,0,WD,Normal,104900
RL,73.0,8499,Pave,IR1,Lvl,AllPub,Inside,Gtl,Gilbert,Norm,Norm,1Fam,2Story,6,5,2006,2007,Gable,CompShg,VinylSd,VinylSd,0.0,TA,TA,PConc,Gd,TA,No,Unf,0,Unf,0,616,616,GasA,Ex,Y,SBrkr,616,796,1412,0,2,1,3,1,Gd,6,Typ,1,BuiltIn,2007.0,Fin,2,432,TA,TA,Y,0,36,0,0,0,New,Partial,156932
FV,69.0,7500,Pave,Reg,Lvl,AllPub,Inside,Gtl,Somerst,Norm,Norm,1Fam,2Story,7,5,2000,2000,Gable,CompShg,VinylSd,VinylSd,0.0,Gd,TA,PConc,Gd,TA,No,GLQ,533,Unf,0,281,814,GasA,Ex,Y,SBrkr,814,860,1674,1,2,1,3,1,Gd,7,Typ,0,Attchd,2000.0,RFn,2,663,TA,TA,Y,0,96,0,0,0,WD,Normal,216000
RL,68.0,9179,Pave,IR1,Lvl,AllPub,Inside,Gtl,CollgCr,Norm,Norm,1Fam,2Story,7,5,1999,1999,Gable,CompShg,VinylSd,VinylSd,158.0,Gd,TA,PConc,Gd,TA,No,GLQ,633,Unf,0,240,873,GasA,Ex,Y,SBrkr,882,908,1790,1,2,1,3,1,Gd,7,Typ,0,Attchd,1999.0,RFn,2,588,TA,TA,Y,0,88,0,0,0,WD,Abnorml,193000
RM,69.0,4435,Pave,Reg,Lvl,AllPub,Inside,Gtl,CollgCr,Norm,Norm,TwnhsE,1Story,6,5,2003,2004,Gable,CompShg,VinylSd,VinylSd,170.0,Gd,TA,PConc,Gd,TA,Av,GLQ,685,Unf,0,163,848,GasA,Ex,Y,SBrkr,848,0,848,1,1,0,1,1,Gd,4,Typ,0,Attchd,2003.0,Fin,2,420,TA,TA,Y,140,0,0,0,0,WD,Normal,144000
RL,75.0,9750,Pave,Reg,Lvl,AllPub,Corner,Gtl,CollgCr,Norm,Norm,1Fam,2Story,7,6,1998,1998,Gable,CompShg,VinylSd,VinylSd,0.0,TA,TA,PConc,Gd,TA,Av,GLQ,975,Unf,0,133,1108,GasA,Ex,Y,SBrkr,1108,989,2097,1,2,1,3,1,Gd,8,Typ,1,Detchd,1998.0,RFn,2,583,TA,TA,Y,253,170,0,0,0,WD,Normal,274300
FV,85.0,10625,Pave,Reg,Lvl,AllPub,Inside,Gtl,Somerst,Norm,Norm,1Fam,2Story,7,5,2005,2005,Gable,CompShg,CemntBd,CmentBd,0.0,Gd,TA,PConc,Gd,TA,No,Unf,0,Unf,0,1026,1026,GasA,Ex,Y,SBrkr,1026,932,1958,0,2,1,3,1,Gd,9,Typ,1,Attchd,2005.0,Fin,3,936,TA,TA,Y,154,210,0,0,0,WD,Normal,250000
RL,89.0,10991,Pave,IR1,HLS,AllPub,Inside,Gtl,Timber,Norm,Norm,1Fam,1Story,8,5,2007,2007,Gable,CompShg,VinylSd,VinylSd,80.0,Gd,TA,PConc,Gd,TA,Gd,Unf,0,Unf,0,1571,1571,GasA,Ex,Y,SBrkr,1571,0,1571,0,2,0,3,1,Gd,7,Typ,1,Attchd,2007.0,Fin,3,722,TA,TA,Y,100,36,0,0,0,New,Partial,239000
RL,52.0,6292,Pave,Reg,Bnk,AllPub,Inside,Gtl,SWISU,Norm,Norm,1Fam,1Story,6,5,1930,1950,Gable,CompShg,Wd Sdng,Wd Sdng,0.0,TA,TA,BrkTil,Gd,TA,Mn,Rec,384,Unf,0,384,768,GasA,TA,N,SBrkr,790,0,790,0,1,0,2,1,TA,4,Typ,0,Detchd,1925.0,Unf,1,160,Fa,TA,Y,0,141,0,0,0,WD,Normal,91000
RL,73.0,9735,Pave,Reg,Lvl,AllPub,Inside,Gtl,Timber,Norm,Norm,1Fam,SLvl,5,5,2006,2007,Gable,CompShg,VinylSd,VinylSd,0.0,TA,TA,PConc,Gd,TA,No,Unf,0,Unf,0,384,384,GasA,Gd,Y,SBrkr,754,640,1394,0,2,1,3,1,Gd,7,Typ,0,BuiltIn,2007.0,Fin,2,400,TA,TA,Y,100,0,0,0,0,WD,Normal,167500
RL,69.0,12925,Pave,IR1,Lvl,AllPub,Corner,Gtl,NAmes,Norm,Norm,1Fam,1Story,6,7,1970,1970,Gable,CompShg,BrkFace,Plywood,0.0,TA,TA,CBlock,TA,TA,Mn,BLQ,865,Unf,0,340,1205,GasA,Ex,Y,SBrkr,2117,0,2117,0,2,1,4,1,TA,7,Typ,2,Attchd,1970.0,Fin,2,550,TA,TA,Y,0,42,0,0,0,WD,Normal,237500
RL,60.0,9060,Pave,Reg,Lvl,AllPub,Inside,Gtl,Edwards,Norm,Norm,1Fam,1.5Fin,6,5,1939,1950,Gable,CompShg,WdShing,Wd Shng,0.0,TA,TA,BrkTil,TA,TA,Mn,Rec,204,Unf,0,356,560,GasA,TA,Y,SBrkr,698,560,1258,0,1,0,2,1,TA,6,Typ,0,Detchd,1939.0,Unf,1,280,TA,TA,P,0,0,0,0,0,WD,Normal,105000
RL,42.0,14892,Pave,IR1,HLS,AllPub,CulDSac,Gtl,Gilbert,Norm,Norm,1Fam,1Story,9,5,2006,2007,Gable,CompShg,VinylSd,VinylSd,160.0,Ex,TA,PConc,Ex,TA,Gd,GLQ,1320,Unf,0,426,1746,GasA,Ex,Y,SBrkr,1746,0,1746,1,2,0,3,1,Ex,7,Typ,2,Attchd,2006.0,Fin,3,758,TA,TA,Y,201,39,0,0,0,WD,Normal,377500
RL,70.0,9100,Pave,Reg,Lvl,AllPub,Inside,Gtl,CollgCr,Norm,Norm,1Fam,1Story,7,5,2000,2000,Gable,CompShg,VinylSd,VinylSd,244.0,Gd,TA,PConc,Gd,TA,Av,GLQ,1400,Unf,0,125,1525,GasA,Ex,Y,SBrkr,1525,0,1525,1,2,0,3,1,Gd,6,Typ,0,Attchd,2000.0,RFn,2,541,TA,TA,Y,219,36,0,0,0,WD,Normal,235000
RL,65.0,8944,Pave,Reg,Lvl,AllPub,Inside,Gtl,NAmes,Norm,Norm,Duplex,1Story,5,5,1967,1967,Gable,CompShg,Plywood,Plywood,0.0,TA,TA,CBlock,TA,TA,No,Unf,0,Unf,0,1584,1584,GasA,TA,Y,SBrkr,1584,0,1584,0,2,0,4,2,TA,8,Mod,0,Detchd,1967.0,Unf,3,792,TA,TA,Y,0,152,0,0,0,WD,Normal,124000
RL,68.0,7838,Pave,Reg,Lvl,AllPub,Inside,Gtl,NAmes,Norm,Norm,1Fam,SFoyer,5,5,1967,1967,Gable,CompShg,HdBoard,HdBoard,0.0,TA,TA,CBlock,TA,TA,Av,ALQ,769,Unf,0,95,864,GasA,TA,Y,SBrkr,900,0,900,1,1,0,3,1,TA,6,Typ,1,Attchd,1967.0,RFn,1,288,TA,TA,Y,175,144,0,0,0,WD,Normal,123000
RL,53.0,4045,Pave,Reg,Lvl,AllPub,Inside,Gtl,Blmngtn,Norm,Norm,TwnhsE,1Story,7,5,2006,2006,Hip,CompShg,VinylSd,VinylSd,45.0,Gd,TA,PConc,Gd,TA,Av,GLQ,1070,Unf,0,286,1356,GasA,Ex,Y,SBrkr,1500,0,1500,1,2,0,2,1,Gd,6,Typ,1,Attchd,2006.0,Fin,3,648,TA,TA,Y,161,20,0,0,0,New,Partial,246578
RL,88.0,12665,Pave,IR1,Lvl,AllPub,Inside,Gtl,Timber,Norm,Norm,1Fam,2Story,8,5,2005,2006,Hip,CompShg,VinylSd,VinylSd,245.0,Gd,TA,PConc,Gd,Gd,Gd,Unf,0,Unf,0,1094,1094,GasA,Ex,Y,SBrkr,1133,1349,2482,0,2,1,4,1,Gd,9,Typ,1,BuiltIn,2005.0,Fin,3,642,TA,TA,Y,144,39,0,0,0,WD,Normal,281213
RL,51.0,6171,Pave,Reg,Lvl,AllPub,Inside,Gtl,SWISU,Norm,Norm,1Fam,1.5Fin,6,6,1925,1990,Gable,CompShg,WdShing,Wd Shng,0.0,TA,TA,BrkTil,TA,TA,No,BLQ,264,Unf,0,712,976,GasA,Ex,Y,SBrkr,1160,448,1608,0,2,1,3,1,Gd,7,Typ,1,Detchd,1925.0,Unf,1,216,Fa,TA,Y,147,16,0,0,0,WD,Normal,137450
RL,62.0,7415,Pave,IR1,Lvl,AllPub,Inside,Gtl,Gilbert,Norm,Norm,1Fam,2Story,6,5,2004,2004,Gable,CompShg,VinylSd,VinylSd,0.0,TA,TA,PConc,TA,TA,No,GLQ,759,Unf,0,80,839,GasA,Ex,Y,SBrkr,864,729,1593,1,2,1,3,1,TA,8,Typ,1,Attchd,2004.0,Fin,2,398,TA,TA,Y,100,75,0,0,0,WD,Normal,193000
RL,64.0,6762,Pave,Reg,Lvl,AllPub,Inside,Gtl,CollgCr,Norm,Norm,1Fam,1Story,7,5,2006,2006,Gable,CompShg,VinylSd,VinylSd,0.0,Gd,TA,PConc,Gd,Gd,Av,Unf,0,Unf,0,1286,1286,GasA,Ex,Y,SBrkr,1294,0,1294,0,2,0,2,1,Gd,6,Typ,1,Attchd,2006.0,RFn,2,662,TA,TA,Y,168,55,0,0,0,New,Partial,193879
RL,49.0,15256,Pave,IR1,Lvl,AllPub,CulDSac,Gtl,Somerst,RRAn,Norm,1Fam,1Story,8,5,2007,2007,Gable,CompShg,VinylSd,VinylSd,84.0,Gd,TA,PConc,Gd,TA,Gd,GLQ,929,Unf,0,556,1485,GasA,Ex,Y,SBrkr,1464,0,1464,1,2,0,3,1,Gd,6,Typ,0,Attchd,2007.0,Unf,3,754,TA,TA,Y,168,160,0,0,0,WD,Normal,282922
RL,70.0,8445,Pave,Reg,Lvl,AllPub,Corner,Gtl,CollgCr,Norm,Norm,1Fam,SFoyer,5,7,1972,2007,Gable,CompShg,HdBoard,Wd Shng,0.0,TA,TA,CBlock,Gd,TA,Av,GLQ,656,Unf,0,112,768,GasA,TA,Y,SBrkr,768,0,768,1,1,0,2,1,TA,5,Typ,0,Detchd,1988.0,Unf,2,396,TA,TA,Y,58,0,0,0,0,WD,Normal,133000
RL,69.0,8780,Pave,IR1,Lvl,AllPub,Corner,Gtl,Mitchel,Norm,Norm,1Fam,1Story,5,5,1985,1985,Gable,CompShg,HdBoard,Plywood,0.0,TA,TA,CBlock,TA,TA,No,ALQ,625,Unf,0,208,833,GasA,Ex,Y,SBrkr,833,0,833,1,1,0,3,1,TA,5,Typ,0,Attchd,1980.0,Unf,0,0,TA,TA,Y,0,0,0,0,0,WD,Normal,112000
RL,46.0,20544,Pave,IR1,Lvl,AllPub,CulDSac,Gtl,NWAmes,Norm,Norm,1Fam,2Story,7,6,1986,1991,Gable,CompShg,Plywood,Plywood,123.0,TA,Gd,CBlock,Gd,TA,No,Unf,0,Unf,0,791,791,GasA,Gd,Y,SBrkr,1236,857,2093,0,2,1,3,1,TA,7,Typ,1,Attchd,1986.0,Fin,2,542,TA,TA,Y,364,63,0,0,0,WD,Normal,215000
RL,79.0,12420,Pave,Reg,Lvl,AllPub,Inside,Gtl,CollgCr,Norm,Norm,1Fam,2Story,7,5,2001,2001,Gable,CompShg,VinylSd,VinylSd,0.0,Gd,TA,PConc,Gd,TA,No,GLQ,666,Unf,0,278,944,GasA,Ex,Y,SBrkr,944,896,1840,1,2,1,3,1,Gd,6,Typ,0,Attchd,2001.0,RFn,2,622,TA,TA,Y,0,45,0,0,0,WD,Normal,230000
RL,60.0,7200,Pave,Reg,Lvl,AllPub,Inside,Gtl,NAmes,Norm,Norm,Duplex,1Story,4,5,1949,1950,Gable,CompShg,BrkFace,Stone,0.0,TA,TA,Slab,TA,TA,No,Unf,0,Unf,0,0,0,Wall,Fa,N,FuseF,1040,0,1040,0,2,0,2,2,TA,6,Typ,0,Detchd,1956.0,Unf,2,420,TA,TA,Y,0,0,0,0,0,WD,Normal,90000
RL,88.0,10994,Pave,IR1,Lvl,AllPub,Corner,Gtl,SawyerW,Norm,Norm,1Fam,1Story,8,5,2005,2006,Gable,CompShg,VinylSd,VinylSd,366.0,Gd,TA,PConc,Gd,Gd,No,GLQ,976,Unf,0,868,1844,GasA,Ex,Y,SBrkr,1844,0,1844,1,2,0,2,1,Gd,7,Typ,1,Attchd,2005.0,Fin,2,620,TA,TA,Y,165,44,0,0,0,COD,Abnorml,257000
RM,37.0,4435,Pave,Reg,Lvl,AllPub,Inside,Gtl,CollgCr,Norm,Norm,TwnhsE,1Story,6,5,2003,2003,Gable,CompShg,VinylSd,VinylSd,170.0,Gd,TA,PConc,Gd,TA,Av,GLQ,686,Unf,0,162,848,GasA,Ex,Y,SBrkr,848,0,848,1,1,0,1,1,Gd,3,Typ,0,Attchd,2003.0,Fin,2,420,TA,TA,Y,140,0,0,0,0,WD,Normal,136500
RL,69.0,19690,Pave,IR1,Lvl,AllPub,CulDSac,Gtl,Edwards,Norm,Norm,1Fam,SLvl,6,7,1966,1966,Flat,Tar&Grv,Plywood,Plywood,0.0,Gd,Gd,CBlock,Gd,TA,Av,Unf,0,Unf,0,697,697,GasA,TA,Y,SBrkr,1575,626,2201,0,2,0,4,1,Gd,8,Typ,1,Attchd,1966.0,Unf,2,432,Gd,Gd,Y,586,236,0,0,738,WD,Alloca,274970
RL,80.0,10721,Pave,IR1,Lvl,AllPub,Inside,Gtl,NAmes,Norm,Norm,1Fam,1Story,6,6,1959,1959,Hip,CompShg,HdBoard,HdBoard,243.0,Gd,TA,CBlock,TA,TA,No,Unf,0,Unf,0,1252,1252,GasA,Ex,Y,SBrkr,1252,0,1252,0,1,0,3,1,Gd,7,Typ,0,Detchd,1960.0,Unf,2,528,TA,TA,Y,0,39,0,0,0,WD,Normal,142000
RL,81.0,10944,Pave,IR1,Lvl,AllPub,Inside,Gtl,NoRidge,Norm,Norm,1Fam,2Story,7,5,1994,1994,Gable,CompShg,VinylSd,VinylSd,448.0,Gd,TA,PConc,Gd,TA,No,GLQ,1000,Unf,0,223,1223,GasA,Ex,Y,SBrkr,1223,904,2127,1,2,1,3,1,Gd,5,Typ,2,Attchd,1994.0,RFn,2,525,TA,TA,Y,171,132,0,0,0,WD,Normal,271000
RL,60.0,10930,Pave,Reg,Bnk,AllPub,Inside,Gtl,NAmes,Artery,Norm,1Fam,1.5Fin,5,6,1945,1950,Gable,CompShg,MetalSd,MetalSd,0.0,TA,TA,CBlock,TA,TA,No,BLQ,580,Unf,0,333,913,GasA,TA,Y,FuseA,1048,510,1558,1,1,1,3,1,TA,6,Typ,1,Attchd,1962.0,Unf,1,288,TA,TA,Y,0,0,0,0,0,WD,Normal,140000
RL,60.0,21930,Pave,IR3,Lvl,AllPub,Inside,Gtl,Gilbert,RRAn,Norm,1Fam,2Story,5,5,2005,2005,Gable,CompShg,VinylSd,VinylSd,0.0,Gd,TA,PConc,Gd,Gd,Av,Unf,0,Unf,0,732,732,GasA,Ex,Y,SBrkr,734,1104,1838,0,2,1,4,1,TA,7,Typ,1,BuiltIn,2005.0,Fin,2,372,TA,TA,Y,100,40,0,0,0,WD,Normal,192140
RL,69.0,4928,Pave,IR1,Lvl,AllPub,Inside,Gtl,NPkVill,Norm,Norm,TwnhsE,1Story,6,6,1976,1976,Gable,CompShg,Plywood,Plywood,0.0,TA,TA,CBlock,Gd,TA,No,LwQ,958,Unf,0,0,958,GasA,TA,Y,SBrkr,958,0,958,0,2,0,2,1,TA,5,Typ,0,Attchd,1976.0,RFn,2,440,TA,TA,Y,0,60,0,0,0,WD,Normal,143750
RL,60.0,10800,Pave,Reg,Lvl,AllPub,Inside,Gtl,OldTown,Norm,Norm,1Fam,1Story,4,6,1927,2007,Gable,CompShg,Wd Sdng,Wd Sdng,0.0,TA,TA,BrkTil,TA,TA,No,Unf,0,Unf,0,656,656,GasA,TA,Y,SBrkr,968,0,968,0,2,0,4,1,TA,5,Typ,0,Detchd,1928.0,Unf,1,216,Fa,Fa,Y,0,0,0,0,0,WD,Normal,64500
RL,93.0,10261,Pave,IR1,Lvl,AllPub,Inside,Gtl,Gilbert,Norm,Norm,1Fam,2Story,6,5,2000,2000,Gable,CompShg,VinylSd,VinylSd,318.0,TA,TA,PConc,Gd,TA,No,Unf,0,Unf,0,936,936,GasA,Ex,Y,SBrkr,962,830,1792,1,2,1,3,1,TA,8,Typ,1,Attchd,2000.0,Fin,2,451,TA,TA,Y,0,0,0,0,0,WD,Normal,186500
RL,80.0,17400,Pave,Reg,Low,AllPub,Inside,Mod,Mitchel,Norm,Norm,1Fam,1Story,5,5,1977,1977,Gable,CompShg,BrkFace,BrkFace,0.0,TA,TA,CBlock,TA,TA,No,ALQ,936,Unf,0,190,1126,GasA,Fa,Y,SBrkr,1126,0,1126,1,2,0,3,1,TA,5,Typ,1,Attchd,1977.0,RFn,2,484,TA,TA,P,295,41,0,0,0,WD,Normal,160000
RL,60.0,9000,Pave,Reg,Lvl,AllPub,FR2,Gtl,NAmes,Norm,Norm,1Fam,1Story,4,6,1971,1971,Gable,CompShg,HdBoard,HdBoard,0.0,TA,TA,PConc,TA,TA,No,ALQ,616,Unf,0,248,864,GasA,TA,Y,SBrkr,864,0,864,0,1,0,3,1,TA,5,Typ,0,Detchd,1974.0,Unf,2,528,TA,TA,Y,0,0,0,0,0,WD,Normal,120500
RL,96.0,12444,Pave,Reg,Lvl,AllPub,FR2,Gtl,NridgHt,Norm,Norm,1Fam,1Story,8,5,2008,2008,Hip,CompShg,VinylSd,VinylSd,426.0,Ex,TA,PConc,Ex,TA,Av,GLQ,1336,Unf,0,596,1932,GasA,Ex,Y,SBrkr,1932,0,1932,1,2,0,2,1,Ex,7,Typ,1,Attchd,2008.0,Fin,3,774,TA,TA,Y,0,66,0,0,0,New,Partial,394617
RL,79.0,11526,Pave,IR1,Bnk,AllPub,Inside,Mod,Crawfor,Norm,Norm,1Fam,2.5Fin,6,7,1922,1994,Gable,CompShg,MetalSd,MetalSd,0.0,TA,TA,BrkTil,Ex,TA,No,Unf,0,Unf,0,588,588,GasA,Fa,Y,SBrkr,1423,748,2555,0,2,0,3,1,TA,11,Min1,1,Detchd,1993.0,Fin,2,672,TA,TA,Y,431,0,0,0,0,WD,Normal,191000
RM,69.0,4426,Pave,Reg,Lvl,AllPub,Inside,Gtl,CollgCr,Norm,Norm,TwnhsE,1Story,6,5,2004,2004,Gable,CompShg,VinylSd,VinylSd,147.0,Gd,TA,PConc,Gd,TA,Av,GLQ,697,Unf,0,151,848,GasA,Ex,Y,SBrkr,848,0,848,1,1,0,1,1,Gd,3,Typ,1,Attchd,2004.0,RFn,2,420,TA,TA,Y,149,0,0,0,0,WD,Normal,149300
FV,85.0,11003,Pave,Reg,Lvl,AllPub,Inside,Gtl,Somerst,Norm,Norm,1Fam,2Story,10,5,2008,2008,Gable,CompShg,VinylSd,VinylSd,160.0,Ex,TA,PConc,Ex,TA,Av,GLQ,765,Unf,0,252,1017,GasA,Ex,Y,SBrkr,1026,981,2007,1,2,1,3,1,Ex,10,Typ,1,Attchd,2008.0,Fin,3,812,TA,TA,Y,168,52,0,0,0,WD,Normal,310000
RL,63.0,8500,Pave,Reg,Lvl,AllPub,FR2,Gtl,CollgCr,Norm,Norm,1Fam,1Story,7,5,2004,2004,Gable,CompShg,VinylSd,VinylSd,106.0,Gd,TA,PConc,Gd,TA,Av,Unf,0,Unf,0,1422,1422,GasA,Ex,Y,SBrkr,1422,0,1422,0,2,0,3,1,Gd,7,Typ,0,Attchd,2004.0,RFn,2,626,TA,TA,Y,192,60,0,0,0,WD,Normal,179600
RL,69.0,26142,Pave,IR1,Lvl,AllPub,CulDSac,Gtl,Mitchel,Norm,Norm,1Fam,1Story,5,7,1962,1962,Gable,CompShg,HdBoard,HdBoard,189.0,TA,TA,CBlock,TA,TA,No,Rec,593,Unf,0,595,1188,GasA,TA,Y,SBrkr,1188,0,1188,0,1,0,3,1,TA,6,Typ,0,Attchd,1962.0,Unf,1,312,TA,TA,P,261,39,0,0,0,WD,Normal,157900
RL,80.0,10000,Pave,Reg,Lvl,AllPub,Inside,Gtl,CollgCr,Norm,Norm,1Fam,2Story,8,5,1995,1996,Gable,CompShg,VinylSd,VinylSd,438.0,Gd,TA,PConc,Gd,TA,No,GLQ,1079,Unf,0,141,1220,GasA,Ex,Y,SBrkr,1220,870,2090,1,2,1,3,1,Gd,8,Typ,1,Attchd,1995.0,RFn,2,556,TA,TA,Y,0,65,0,0,0,WD,Normal,240000
RL,70.0,11767,Pave,Reg,Lvl,AllPub,Inside,Gtl,Edwards,Norm,Norm,1Fam,2Story,4,7,1910,2000,Gable,CompShg,MetalSd,HdBoard,0.0,TA,TA,CBlock,Fa,TA,No,Unf,0,Unf,0,560,560,GasA,Gd,N,SBrkr,796,550,1346,0,1,1,2,1,TA,6,Min2,0,Detchd,1950.0,Unf,1,384,Fa,TA,Y,168,24,0,0,0,WD,Normal,112000
RL,60.0,9000,Pave,Reg,Lvl,AllPub,FR2,Gtl,NAmes,Norm,Norm,Duplex,2Story,5,5,1974,1974,Gable,CompShg,VinylSd,VinylSd,0.0,TA,TA,CBlock,Gd,TA,No,Unf,0,Unf,0,896,896,GasA,TA,Y,SBrkr,896,896,1792,0,2,2,4,2,TA,8,Typ,0,Attchd,1980.0,Unf,0,0,TA,TA,Y,32,45,0,0,0,WD,Normal,136000
RL,78.0,9262,Pave,Reg,Lvl,AllPub,Inside,Gtl,Somerst,Norm,Norm,1Fam,1Story,8,5,2008,2009,Gable,CompShg,CemntBd,CmentBd,194.0,Gd,TA,PConc,Gd,TA,No,Unf,0,Unf,0,1573,1573,GasA,Ex,Y,SBrkr,1578,0,1578,0,2,0,3,1,Ex,7,Typ,1,Attchd,2008.0,Fin,3,840,TA,TA,Y,0,36,0,0,0,New,Partial,287090
RL,90.0,17217,Pave,Reg,Lvl,AllPub,Inside,Gtl,Mitchel,Norm,Norm,1Fam,1Story,5,5,2006,2006,Gable,CompShg,VinylSd,VinylSd,0.0,TA,TA,PConc,Gd,TA,No,Unf,0,Unf,0,1140,1140,GasA,Ex,Y,SBrkr,1140,0,1140,0,1,0,3,1,TA,6,Typ,0,Attchd,1980.0,Unf,0,0,TA,TA,Y,36,56,0,0,0,WD,Abnorml,84500
FV,62.0,7500,Pave,Reg,Lvl,AllPub,Inside,Gtl,Somerst,Norm,Norm,1Fam,1Story,7,5,2004,2005,Gable,CompShg,VinylSd,VinylSd,0.0,Gd,TA,PConc,Gd,TA,No,GLQ,410,Unf,0,811,1221,GasA,Ex,Y,SBrkr,1221,0,1221,1,2,0,2,1,Gd,6,Typ,0,Attchd,2004.0,RFn,2,400,TA,TA,Y,0,113,0,0,0,WD,Normal,185000
RL,62.0,7917,Pave,Reg,Lvl,AllPub,Inside,Gtl,Gilbert,Norm,Norm,1Fam,2Story,6,5,1999,2000,Gable,CompShg,VinylSd,VinylSd,0.0,TA,TA,PConc,Gd,TA,No,Unf,0,Unf,0,953,953,GasA,Ex,Y,SBrkr,953,694,1647,0,2,1,3,1,TA,7,Typ,1,Attchd,1999.0,RFn,2,460,TA,TA,Y,0,40,0,0,0,WD,Normal,175000
