First_Name,Last_Name,Age,Department_Region,Status,Salary,Email,Phone,Performance_Score,Remote_Work
Bob,Davis,25.0,DevOps-California,Active,59767.65,bob.davis@example.com,-1651623197,Average,True
Bob,Brown,32.48454882571075,Finance-Texas,Active,65304.66,bob.brown@example.com,-1898471390,Excellent,True
Alice,Jones,32.48454882571075,Admin-Nevada,Pending,88145.9,alice.jones@example.com,-5596363211,Good,True
Eva,Davis,25.0,Admin-Nevada,Inactive,69450.99,eva.davis@example.com,-3476490784,Good,True
Frank,Williams,25.0,Cloud Tech-Florida,Active,109324.61,frank.williams@example.com,-1586734256,Poor,False
Alice,Garcia,40.0,Sales-Texas,Inactive,88642.84,alice.garcia@example.com,-5409003485,Good,False
Frank,Jones,32.48454882571075,Admin-Nevada,Active,96288.43,frank.jones@example.com,-4518376063,Good,False
Bob,Jones,30.0,Cloud Tech-Florida,Inactive,94497.91,bob.jones@example.com,-4134327559,Average,True
Frank,Davis,35.0,Admin-Nevada,Inactive,115565.82,frank.davis@example.com,-4177656123,Excellent,True
Charlie,Johnson,32.48454882571075,DevOps-New York,Active,76561.88,charlie.johnson@example.com,-8156985699,Excellent,True
David,Williams,35.0,Cloud Tech-New York,Active,72081.71,david.williams@example.com,-2720634590,Average,False
David,Davis,32.48454882571075,DevOps-California,Active,84946.19,david.davis@example.com,-1238296576,Poor,True
Heidi,Williams,30.0,HR-New York,Active,89295.77,heidi.williams@example.com,-2429543164,Excellent,False
Grace,Williams,32.48454882571075,Finance-California,Active,85666.84,grace.williams@example.com,-2669300892,Good,False
Alice,Garcia,25.0,Admin-Nevada,Active,97633.68,alice.garcia@example.com,-1734206968,Excellent,True
Grace,Jones,40.0,Sales-Florida,Pending,117975.49,grace.jones@example.com,-4215291085,Good,True
Alice,Brown,25.0,DevOps-Illinois,Inactive,94867.33,alice.brown@example.com,-7713334475,Poor,False
Grace,Garcia,30.0,Finance-Texas,Pending,100377.65,grace.garcia@example.com,-2639343625,Average,True
Charlie,Garcia,32.48454882571075,Cloud Tech-Nevada,Inactive,94726.46,charlie.garcia@example.com,-2044397358,Excellent,False
Charlie,Williams,35.0,Admin-Illinois,Pending,91926.12,charlie.williams@example.com,-7107256365,Average,True
Bob,Miller,35.0,HR-New York,Active,111460.67,bob.miller@example.com,-9411800536,Excellent,True
Bob,Jones,40.0,Cloud Tech-Illinois,Active,96182.56,bob.jones@example.com,-5990048963,Good,False
Charlie,Johnson,35.0,Sales-Illinois,Inactive,115023.94,charlie.johnson@example.com,-6528092427,Average,True
David,Garcia,35.0,Finance-Nevada,Pending,80667.01,david.garcia@example.com,-7572158623,Excellent,False
Bob,Brown,30.0,Admin-Texas,Inactive,91181.61,bob.brown@example.com,-1502745643,Good,True
David,Miller,25.0,Cloud Tech-Nevada,Pending,66025.92,david.miller@example.com,-9485625727,Average,False
Frank,Miller,25.0,Sales-New York,Inactive,83979.01,frank.miller@example.com,-7032032073,Average,False
Heidi,Johnson,30.0,Finance-Florida,Active,56785.16,heidi.johnson@example.com,-2761707586,Excellent,True
Grace,Garcia,40.0,Finance-Nevada,Active,95741.88,grace.garcia@example.com,-7712151341,Excellent,False
Alice,Brown,40.0,DevOps-California,Active,63411.31,alice.brown@example.com,-2849939088,Excellent,True
Charlie,Jones,40.0,Admin-California,Inactive,111214.02,charlie.jones@example.com,-2613715040,Good,True
Bob,Smith,25.0,DevOps-Illinois,Active,114845.69,bob.smith@example.com,-6591520176,Excellent,True
Charlie,Brown,40.0,Finance-Florida,Active,78072.82,charlie.brown@example.com,-7490509758,Average,False
Grace,Johnson,25.0,Finance-California,Inactive,79610.52,grace.johnson@example.com,-2304501895,Average,False
Heidi,Miller,30.0,Admin-California,Active,90542.62,heidi.miller@example.com,-1642361031,Excellent,True
Frank,Jones,25.0,Cloud Tech-Illinois,Inactive,114357.1,frank.jones@example.com,-6642147648,Excellent,True
Alice,Brown,32.48454882571075,Cloud Tech-New York,Active,54757.26,alice.brown@example.com,-2515837766,Poor,False
Grace,Smith,25.0,Sales-New York,Pending,52781.92,grace.smith@example.com,-4996165925,Average,True
Frank,Smith,35.0,Admin-Nevada,Pending,66708.02,frank.smith@example.com,-6108573277,Good,True
Eva,Williams,40.0,HR-Texas,Active,93481.15,eva.williams@example.com,-8147617421,Poor,False
Bob,Williams,25.0,Sales-New York,Pending,59271.96,bob.williams@example.com,-4386490809,Excellent,True
Bob,Davis,30.0,HR-California,Active,108362.15,bob.davis@example.com,-8186617944,Excellent,False
Alice,Johnson,32.48454882571075,HR-Nevada,Active,59400.38,alice.johnson@example.com,-4918017225,Average,True
Bob,Garcia,32.48454882571075,Admin-California,Inactive,64744.08,bob.garcia@example.com,-164597793,Excellent,False
Eva,Brown,32.48454882571075,Finance-California,Active,94399.91,eva.brown@example.com,-5232194167,Good,True
Alice,Brown,25.0,HR-New York,Pending,61310.74,alice.brown@example.com,-61027768,Average,True
Grace,Garcia,32.48454882571075,Cloud Tech-Texas,Active,98371.37,grace.garcia@example.com,-7499564121,Excellent,False
Alice,Davis,35.0,Sales-Illinois,Active,58921.19,alice.davis@example.com,-310303722,Average,True
Alice,Miller,35.0,Admin-Nevada,Active,57195.55,alice.miller@example.com,-6831472759,Excellent,False
Grace,Miller,32.48454882571075,DevOps-New York,Active,61375.12,grace.miller@example.com,-1227770792,Excellent,True
Charlie,Davis,40.0,Cloud Tech-New York,Pending,104767.05,charlie.davis@example.com,-3496050165,Excellent,False
David,Miller,35.0,Admin-Nevada,Active,111051.67,david.miller@example.com,-7998407677,Good,False
David,Williams,30.0,Finance-California,Inactive,105674.18,david.williams@example.com,-9973080694,Good,False
Alice,Brown,30.0,Finance-California,Inactive,54859.45,alice.brown@example.com,-8146717956,Average,False
Frank,Davis,32.48454882571075,Finance-Nevada,Pending,115746.6,frank.davis@example.com,-6024375737,Excellent,True
Eva,Brown,30.0,Sales-California,Active,91759.99,eva.brown@example.com,-3959724664,Excellent,True
Frank,Garcia,40.0,Sales-Illinois,Active,112965.33,frank.garcia@example.com,-7293417222,Good,False
Alice,Smith,40.0,Cloud Tech-Illinois,Pending,100360.1,alice.smith@example.com,-2971674337,Excellent,False
David,Williams,35.0,Finance-Texas,Pending,93620.88,david.williams@example.com,-54522800,Good,False
Bob,Jones,35.0,Sales-California,Pending,72832.8,bob.jones@example.com,-5619318373,Excellent,True
Charlie,Williams,30.0,Finance-Nevada,Inactive,102369.42,charlie.williams@example.com,-5508428909,Average,True
Eva,Davis,40.0,Sales-Texas,Inactive,64712.79,eva.davis@example.com,-7711991807,Excellent,True
Frank,Jones,40.0,Finance-Florida,Pending,85782.18,frank.jones@example.com,-1213524786,Excellent,True
Charlie,Smith,25.0,HR-Illinois,Pending,93348.26,charlie.smith@example.com,-1255213759,Poor,False
David,Davis,35.0,Admin-New York,Active,53234.96,david.davis@example.com,-3754821455,Good,False
Bob,Johnson,40.0,Finance-Nevada,Pending,100284.21,bob.johnson@example.com,-5328632665,Excellent,False
Grace,Brown,30.0,Admin-Nevada,Pending,112486.19,grace.brown@example.com,-7850720810,Excellent,True
Bob,Smith,40.0,Admin-New York,Pending,82518.49,bob.smith@example.com,-5562606028,Poor,True
Bob,Brown,40.0,Admin-Florida,Pending,119152.47,bob.brown@example.com,-846684549,Poor,True
Heidi,Miller,32.48454882571075,DevOps-Illinois,Inactive,113479.83,heidi.miller@example.com,-4892673898,Good,False
Charlie,Johnson,40.0,Finance-California,Active,94636.3,charlie.johnson@example.com,-7563410855,Poor,False
Heidi,Johnson,30.0,HR-Florida,Active,70000.97,heidi.johnson@example.com,-2884318847,Average,True
Frank,Smith,32.48454882571075,Cloud Tech-New York,Active,76812.47,frank.smith@example.com,-5200894345,Poor,False
David,Johnson,25.0,Finance-Florida,Inactive,82614.7,david.johnson@example.com,-8105485100,Average,True
Grace,Jones,40.0,Sales-Nevada,Active,111645.97,grace.jones@example.com,-7490753997,Good,True
Heidi,Johnson,25.0,HR-California,Inactive,112414.91,heidi.johnson@example.com,-9354492682,Good,False
David,Brown,40.0,Admin-California,Inactive,52031.74,david.brown@example.com,-1589357125,Good,True
Grace,Brown,30.0,Finance-New York,Pending,51887.65,grace.brown@example.com,-6110627370,Good,False
Alice,Davis,25.0,DevOps-Florida,Active,82318.89,alice.davis@example.com,-5869886496,Good,True
Grace,Brown,35.0,Admin-Florida,Inactive,103286.08,grace.brown@example.com,-6776228276,Average,False
Grace,Davis,35.0,Cloud Tech-Florida,Active,87759.33,grace.davis@example.com,-2881377027,Average,False
Frank,Brown,30.0,DevOps-Texas,Pending,102796.32,frank.brown@example.com,-5196115939,Good,False
David,Jones,25.0,Sales-New York,Active,83149.27,david.jones@example.com,-8215454469,Poor,True
David,Garcia,40.0,DevOps-California,Inactive,92412.49,david.garcia@example.com,-2296044326,Excellent,True
Bob,Davis,30.0,HR-Texas,Pending,115022.1,bob.davis@example.com,-185106793,Good,False
Grace,Williams,40.0,DevOps-New York,Active,98343.01,grace.williams@example.com,-9756792286,Poor,False
Bob,Miller,35.0,DevOps-Illinois,Active,118869.1,bob.miller@example.com,-7725199662,Excellent,True
Frank,Smith,32.48454882571075,Finance-Nevada,Inactive,85417.26,frank.smith@example.com,-6580741208,Good,True
Grace,Brown,40.0,Cloud Tech-Florida,Inactive,112410.25,grace.brown@example.com,-4818139889,Good,True
Charlie,Johnson,40.0,Admin-Nevada,Pending,68905.77,charlie.johnson@example.com,-9837801819,Average,False
Heidi,Garcia,40.0,Finance-Nevada,Pending,72561.32,heidi.garcia@example.com,-4339718955,Excellent,True
Bob,Brown,35.0,Finance-New York,Inactive,92723.22,bob.brown@example.com,-9070562607,Excellent,True
Alice,Johnson,40.0,HR-New York,Inactive,74837.75,alice.johnson@example.com,-5641118241,Poor,False
Eva,Miller,32.48454882571075,DevOps-California,Pending,86163.91,eva.miller@example.com,-2412462094,Average,True
David,Miller,40.0,Finance-Illinois,Active,83326.52,david.miller@example.com,-2004615264,Average,True
Heidi,Miller,25.0,Cloud Tech-California,Active,98425.1,heidi.miller@example.com,-4610339936,Average,True
Frank,Johnson,40.0,Sales-Illinois,Inactive,119764.2,frank.johnson@example.com,-8861405785,Average,False
Frank,Brown,40.0,HR-California,Inactive,58445.91,frank.brown@example.com,-1706304890,Excellent,False
Bob,Miller,32.48454882571075,DevOps-New York,Active,101702.33,bob.miller@example.com,-3824967182,Excellent,False
Eva,Jones,25.0,Admin-California,Active,85155.05639558233,eva.jones@example.com,-2582386869,Good,False
Charlie,Davis,35.0,Cloud Tech-Texas,Pending,98819.22,charlie.davis@example.com,-794200748,Good,False
Heidi,Johnson,25.0,Cloud Tech-Illinois,Inactive,83509.99,heidi.johnson@example.com,-4653984027,Average,False
Alice,Johnson,35.0,Finance-Texas,Active,84422.26,alice.johnson@example.com,-9141612845,Average,False
Alice,Brown,30.0,Admin-Illinois,Inactive,119574.27,alice.brown@example.com,-3985547434,Average,True
Grace,Johnson,32.48454882571075,Sales-Illinois,Active,86580.08,grace.johnson@example.com,-5379502096,Good,True
Heidi,Johnson,35.0,Sales-Florida,Inactive,93471.91,heidi.johnson@example.com,-26876810,Poor,False
Bob,Miller,30.0,DevOps-New York,Inactive,55683.12,bob.miller@example.com,-8071569561,Poor,True
Bob,Brown,30.0,Cloud Tech-Florida,Inactive,91566.78,bob.brown@example.com,-175370303,Good,True
David,Miller,35.0,DevOps-California,Pending,81782.19,david.miller@example.com,-5319433749,Good,False
Eva,Davis,32.48454882571075,DevOps-New York,Inactive,88119.37,eva.davis@example.com,-4793036148,Good,True
Eva,Garcia,30.0,Cloud Tech-Texas,Active,71532.83,eva.garcia@example.com,-8728399920,Good,True
Eva,Davis,40.0,Cloud Tech-Florida,Pending,98981.36,eva.davis@example.com,-9212493842,Good,True
Heidi,Garcia,40.0,Cloud Tech-Illinois,Active,80242.01,heidi.garcia@example.com,-894870604,Good,True
Eva,Miller,25.0,Cloud Tech-New York,Pending,110236.18,eva.miller@example.com,-6641877579,Average,True
Alice,Davis,35.0,Sales-Texas,Active,86327.47,alice.davis@example.com,-3046875062,Average,False
Eva,Brown,30.0,Sales-Florida,Pending,84420.81,eva.brown@example.com,-5190361331,Average,False
Frank,Smith,40.0,HR-California,Pending,110041.32,frank.smith@example.com,-5411076094,Average,False
Heidi,Miller,35.0,DevOps-Florida,Pending,81837.81,heidi.miller@example.com,-4317350582,Good,True
Frank,Garcia,25.0,Finance-Illinois,Active,110855.72,frank.garcia@example.com,-1997179109,Poor,False
Alice,Jones,30.0,Sales-California,Pending,84894.52,alice.jones@example.com,-651207048,Excellent,True
Alice,Garcia,30.0,HR-Illinois,Active,80668.13,alice.garcia@example.com,-6110804660,Good,True
Bob,Jones,25.0,DevOps-Illinois,Active,61086.47,bob.jones@example.com,-9639907675,Excellent,True
Grace,Johnson,25.0,Admin-Texas,Inactive,95339.68,grace.johnson@example.com,-9915078592,Poor,True
Eva,Davis,32.48454882571075,DevOps-California,Inactive,83774.97,eva.davis@example.com,-1109193927,Average,False
Heidi,Jones,32.48454882571075,Admin-Florida,Active,85576.86,heidi.jones@example.com,-4567972319,Poor,False
Bob,Garcia,35.0,Finance-California,Pending,107438.46,bob.garcia@example.com,-249685497,Good,True
Eva,Johnson,32.48454882571075,Sales-Nevada,Inactive,60401.68,eva.johnson@example.com,-2274954507,Average,False
Frank,Smith,35.0,Sales-Illinois,Inactive,115299.66,frank.smith@example.com,-9203880652,Good,True
David,Brown,32.48454882571075,Finance-New York,Inactive,72272.34,david.brown@example.com,-3315377958,Average,False
Grace,Brown,40.0,DevOps-Nevada,Active,117537.71,grace.brown@example.com,-9594652169,Excellent,False
Frank,Brown,25.0,Finance-Texas,Pending,51074.33,frank.brown@example.com,-7303379336,Excellent,True
Charlie,Jones,25.0,Finance-California,Inactive,98489.32,charlie.jones@example.com,-5636205014,Excellent,False
Frank,Smith,32.48454882571075,Finance-California,Pending,112120.71,frank.smith@example.com,-812473949,Poor,True
Alice,Jones,32.48454882571075,Cloud Tech-New York,Pending,114465.04,alice.jones@example.com,-334234257,Good,False
Bob,Davis,40.0,Cloud Tech-Nevada,Pending,57035.51,bob.davis@example.com,-3230241025,Poor,True
Eva,Jones,25.0,Cloud Tech-California,Active,75092.43,eva.jones@example.com,-1534735527,Excellent,True
David,Smith,32.48454882571075,Finance-Illinois,Pending,62603.98,david.smith@example.com,-9611223385,Good,False
Grace,Smith,32.48454882571075,DevOps-New York,Inactive,60018.24,grace.smith@example.com,-5596309937,Excellent,False
Eva,Davis,40.0,HR-Nevada,Active,82567.73,eva.davis@example.com,-4253042896,Poor,True
Charlie,Smith,25.0,Finance-California,Pending,94725.71,charlie.smith@example.com,-3179128684,Poor,False
Eva,Garcia,40.0,HR-New York,Inactive,83824.56,eva.garcia@example.com,-7872558776,Poor,False
Frank,Smith,32.48454882571075,HR-Nevada,Inactive,118456.11,frank.smith@example.com,-4969033372,Excellent,True
Eva,Brown,25.0,Sales-Nevada,Pending,113743.19,eva.brown@example.com,-6346692547,Good,True
Eva,Garcia,30.0,Sales-California,Active,63309.24,eva.garcia@example.com,-1214785389,Good,False
Charlie,Garcia,25.0,DevOps-Nevada,Active,105202.73,charlie.garcia@example.com,-7895677664,Excellent,True
Frank,Davis,30.0,Cloud Tech-California,Inactive,79085.22,frank.davis@example.com,-7546027340,Good,True
Frank,Williams,32.48454882571075,Sales-California,Active,113983.43,frank.williams@example.com,-5148881430,Excellent,True
Eva,Williams,35.0,Cloud Tech-Florida,Active,102790.6,eva.williams@example.com,-1150835353,Good,False
Grace,Smith,32.48454882571075,HR-Texas,Inactive,68512.1,grace.smith@example.com,-4439284043,Average,False
Frank,Garcia,35.0,Sales-Florida,Pending,57584.23,frank.garcia@example.com,-5669078262,Average,True
Alice,Williams,32.48454882571075,Sales-California,Pending,95335.67,alice.williams@example.com,-3373898774,Poor,False
Heidi,Williams,35.0,DevOps-Florida,Active,53174.28,heidi.williams@example.com,-1536637779,Average,True
Heidi,Smith,25.0,Cloud Tech-New York,Pending,77205.21,heidi.smith@example.com,-5292407552,Average,False
Grace,Williams,32.48454882571075,DevOps-Nevada,Active,79041.92,grace.williams@example.com,-6668459089,Average,True
Heidi,Jones,32.48454882571075,Finance-California,Active,75937.1,heidi.jones@example.com,-2259999662,Excellent,True
David,Johnson,35.0,Cloud Tech-Nevada,Inactive,113118.73,david.johnson@example.com,-6186371596,Average,False
Alice,Davis,40.0,HR-New York,Active,107693.38,alice.davis@example.com,-4121820969,Average,True
David,Johnson,32.48454882571075,Cloud Tech-Texas,Inactive,119217.46,david.johnson@example.com,-2316433480,Poor,False
David,Smith,25.0,Sales-New York,Pending,106913.71,david.smith@example.com,-7058025661,Average,False
Charlie,Brown,32.48454882571075,Cloud Tech-California,Active,87815.08,charlie.brown@example.com,-1286716322,Average,True
Bob,Davis,25.0,Admin-Texas,Inactive,105190.21,bob.davis@example.com,-4672994937,Good,True
Alice,Smith,30.0,HR-Texas,Active,79467.24,alice.smith@example.com,-7430271692,Poor,False
Bob,Garcia,40.0,Finance-California,Pending,57633.78,bob.garcia@example.com,-8597779013,Poor,True
Alice,Brown,32.48454882571075,HR-Florida,Pending,54257.78,alice.brown@example.com,-7546926328,Poor,True
Grace,Johnson,40.0,DevOps-Texas,Inactive,113679.06,grace.johnson@example.com,-6762916031,Poor,True
Bob,Smith,35.0,Sales-New York,Active,69251.12,bob.smith@example.com,-4841376814,Poor,True
Frank,Garcia,40.0,Sales-Illinois,Inactive,85388.58,frank.garcia@example.com,-1185672437,Poor,True
Bob,Davis,32.48454882571075,DevOps-New York,Inactive,112166.37,bob.davis@example.com,-701765635,Excellent,False
Heidi,Davis,40.0,Finance-Nevada,Active,79873.48,heidi.davis@example.com,-41257770,Average,False
Frank,Miller,30.0,DevOps-Florida,Active,108224.03,frank.miller@example.com,-1837274219,Poor,True
Bob,Garcia,35.0,Admin-Illinois,Active,116963.72,bob.garcia@example.com,-9124186209,Average,True
Bob,Jones,40.0,HR-Nevada,Inactive,114109.06,bob.jones@example.com,-4275230836,Average,True
Eva,Williams,32.48454882571075,HR-California,Active,85518.88,eva.williams@example.com,-816470899,Excellent,False
Heidi,Brown,30.0,Cloud Tech-California,Pending,58041.97,heidi.brown@example.com,-6335331059,Poor,True
David,Garcia,40.0,Sales-Illinois,Pending,94988.94,david.garcia@example.com,-531312205,Good,False
Eva,Miller,25.0,Admin-California,Pending,71628.93,eva.miller@example.com,-8155839385,Excellent,False
Alice,Williams,30.0,Admin-Illinois,Pending,54870.98,alice.williams@example.com,-6133155205,Good,False
Alice,Williams,25.0,DevOps-Illinois,Active,79388.27,alice.williams@example.com,-5063731494,Average,True
Frank,Smith,35.0,DevOps-California,Pending,55946.99,frank.smith@example.com,-136497188,Average,False
Charlie,Williams,32.48454882571075,Cloud Tech-Nevada,Active,81017.91,charlie.williams@example.com,-2419562524,Excellent,True
Heidi,Jones,40.0,HR-New York,Pending,74162.1,heidi.jones@example.com,-7150997682,Excellent,False
Heidi,Davis,32.48454882571075,DevOps-California,Active,77668.44,heidi.davis@example.com,-8903091435,Good,True
Alice,Miller,30.0,HR-New York,Active,67886.37,alice.miller@example.com,-3910257431,Poor,False
Alice,Williams,40.0,DevOps-Florida,Active,76614.52,alice.williams@example.com,-6303975244,Good,True
Frank,Smith,25.0,Finance-Nevada,Active,51311.91,frank.smith@example.com,-864035532,Excellent,False
Frank,Jones,32.48454882571075,Finance-Illinois,Inactive,94809.92,frank.jones@example.com,-8033968526,Good,True
Grace,Johnson,25.0,HR-New York,Pending,108241.81,grace.johnson@example.com,-171302320,Excellent,True
Bob,Davis,40.0,Cloud Tech-New York,Inactive,78031.49,bob.davis@example.com,-2983381673,Good,True
Eva,Davis,35.0,Admin-California,Active,85733.83,eva.davis@example.com,-2336293448,Excellent,True
David,Miller,35.0,HR-Nevada,Pending,60338.29,david.miller@example.com,-7347156626,Excellent,False
Eva,Davis,30.0,Admin-Illinois,Active,103140.67,eva.davis@example.com,-7689627065,Excellent,False
Heidi,Williams,40.0,Sales-Illinois,Inactive,114690.8,heidi.williams@example.com,-1498282466,Poor,True
Frank,Smith,35.0,Admin-Florida,Active,80954.56,frank.smith@example.com,-4746897151,Good,False
Eva,Davis,32.48454882571075,Cloud Tech-California,Pending,71728.55,eva.davis@example.com,-7323008575,Good,True
Alice,Davis,35.0,HR-Texas,Pending,118415.8,alice.davis@example.com,-6656749159,Good,True
Grace,Johnson,40.0,Sales-Illinois,Pending,81481.36,grace.johnson@example.com,-1692364586,Excellent,False
David,Johnson,35.0,Sales-Florida,Pending,117040.57,david.johnson@example.com,-5066337049,Good,True
Frank,Brown,25.0,Sales-Nevada,Active,67342.06,frank.brown@example.com,-2497243991,Good,True
Heidi,Jones,32.48454882571075,Sales-Illinois,Active,76099.64,heidi.jones@example.com,-116691835,Excellent,False
Grace,Williams,35.0,DevOps-Illinois,Active,94162.06,grace.williams@example.com,-2644886945,Average,True
Frank,Davis,25.0,Sales-Nevada,Inactive,67639.7,frank.davis@example.com,-1195243639,Excellent,True
Charlie,Garcia,35.0,Cloud Tech-Illinois,Pending,114172.25,charlie.garcia@example.com,-2701168645,Good,True
Grace,Davis,30.0,Sales-Nevada,Active,89124.54,grace.davis@example.com,-2252237280,Excellent,True
Frank,Smith,30.0,DevOps-Nevada,Pending,113871.36,frank.smith@example.com,-7932302345,Average,False
Grace,Brown,32.48454882571075,HR-Texas,Inactive,62618.4,grace.brown@example.com,-7912141613,Excellent,False
Heidi,Jones,30.0,Admin-New York,Active,70705.45,heidi.jones@example.com,-1509377099,Good,False
Alice,Garcia,35.0,Sales-New York,Pending,60797.69,alice.garcia@example.com,-4090138068,Average,True
Charlie,Brown,40.0,Cloud Tech-Florida,Inactive,100371.0,charlie.brown@example.com,-8477596554,Poor,True
Eva,Miller,40.0,Admin-Illinois,Active,117591.76,eva.miller@example.com,-5356690550,Good,False
David,Jones,35.0,DevOps-Illinois,Inactive,103860.7,david.jones@example.com,-762091842,Average,True
Grace,Davis,30.0,Admin-Illinois,Active,67500.22,grace.davis@example.com,-5797863049,Average,True
Frank,Davis,32.48454882571075,Cloud Tech-Nevada,Pending,58727.44,frank.davis@example.com,-5057397690,Poor,True
Charlie,Jones,35.0,Finance-Illinois,Active,80623.08,charlie.jones@example.com,-5671649327,Excellent,True
David,Davis,40.0,HR-Texas,Inactive,77751.78,david.davis@example.com,-9802714871,Excellent,False
Grace,Williams,25.0,HR-New York,Active,115157.81,grace.williams@example.com,-7178333210,Good,False
Frank,Jones,30.0,Admin-Texas,Inactive,83071.85,frank.jones@example.com,-6025643470,Poor,False
Heidi,Brown,40.0,Sales-Texas,Active,67914.67,heidi.brown@example.com,-2871539914,Excellent,True
Grace,Jones,25.0,HR-New York,Inactive,53342.46,grace.jones@example.com,-6686334140,Poor,False
Heidi,Garcia,25.0,Cloud Tech-Florida,Pending,51150.47,heidi.garcia@example.com,-1159319524,Excellent,False
David,Davis,30.0,HR-Florida,Active,74697.12,david.davis@example.com,-6904098365,Average,True
Charlie,Williams,25.0,Sales-California,Active,88085.74,charlie.williams@example.com,-5528993159,Excellent,True
Alice,Williams,40.0,Finance-Texas,Pending,118672.76,alice.williams@example.com,-8752437728,Poor,False
Alice,Miller,35.0,Cloud Tech-California,Active,95997.31,alice.miller@example.com,-4209548148,Average,False
Frank,Brown,30.0,Cloud Tech-California,Pending,106945.62,frank.brown@example.com,-7374605232,Average,False
Heidi,Johnson,40.0,DevOps-New York,Active,100123.15,heidi.johnson@example.com,-276420864,Average,False
Alice,Johnson,35.0,Admin-Texas,Active,52933.42,alice.johnson@example.com,-6756618442,Poor,True
Grace,Jones,32.48454882571075,Finance-California,Active,95283.03,grace.jones@example.com,-8612590471,Good,False
Alice,Miller,35.0,HR-Texas,Inactive,112264.06,alice.miller@example.com,-9277423329,Good,False
Grace,Smith,35.0,Admin-Florida,Pending,75714.28,grace.smith@example.com,-5912662014,Good,True
Eva,Jones,25.0,DevOps-Florida,Active,92171.73,eva.jones@example.com,-7201859625,Poor,False
Eva,Miller,35.0,Cloud Tech-Texas,Inactive,70694.8,eva.miller@example.com,-3013674925,Average,True
Grace,Brown,30.0,DevOps-Florida,Inactive,52964.86,grace.brown@example.com,-1764750110,Good,True
Frank,Brown,32.48454882571075,Finance-California,Pending,116353.31,frank.brown@example.com,-1783099973,Poor,True
Grace,Brown,35.0,Sales-Nevada,Pending,116695.26,grace.brown@example.com,-1926764920,Good,False
Heidi,Brown,25.0,Admin-Texas,Active,95161.4,heidi.brown@example.com,-5182606887,Excellent,False
Alice,Brown,32.48454882571075,Admin-Nevada,Inactive,76040.94,alice.brown@example.com,-7189813128,Good,True
Charlie,Miller,32.48454882571075,HR-Florida,Inactive,69508.28,charlie.miller@example.com,-2087510292,Good,False
Alice,Miller,30.0,Finance-Illinois,Inactive,58243.27,alice.miller@example.com,-2184011844,Average,False
Heidi,Williams,30.0,Sales-California,Pending,64012.48,heidi.williams@example.com,-8260340847,Poor,True
Bob,Garcia,40.0,Admin-Nevada,Inactive,106735.93,bob.garcia@example.com,-7297585987,Average,True
Frank,Johnson,35.0,DevOps-Texas,Pending,70325.36,frank.johnson@example.com,-3103032431,Average,False
Charlie,Davis,30.0,HR-Illinois,Active,118959.28,charlie.davis@example.com,-9839542960,Average,True
David,Brown,40.0,Cloud Tech-California,Pending,75823.78,david.brown@example.com,-8446267145,Average,False
Charlie,Smith,32.48454882571075,Cloud Tech-Texas,Inactive,119971.65,charlie.smith@example.com,-2831435988,Average,False
Grace,Davis,40.0,Sales-Texas,Active,94963.7,grace.davis@example.com,-2625660930,Good,False
Frank,Miller,30.0,Sales-Nevada,Pending,103744.71,frank.miller@example.com,-4181861514,Average,False
Alice,Smith,25.0,Sales-New York,Inactive,61337.69,alice.smith@example.com,-5423401635,Average,True
David,Smith,35.0,Sales-California,Active,63741.13,david.smith@example.com,-1128497184,Poor,True
Eva,Smith,30.0,DevOps-California,Pending,56539.99,eva.smith@example.com,-9484910255,Excellent,True
Charlie,Williams,30.0,DevOps-Illinois,Pending,73633.37,charlie.williams@example.com,-2588967923,Good,True
Alice,Miller,25.0,Cloud Tech-Texas,Pending,90373.99,alice.miller@example.com,-822269404,Good,False
Grace,Smith,32.48454882571075,DevOps-Texas,Inactive,93901.48,grace.smith@example.com,-3967275783,Good,False
Eva,Brown,40.0,Admin-Nevada,Inactive,81748.09,eva.brown@example.com,-4683414650,Average,True
Charlie,Jones,40.0,Finance-Florida,Inactive,73813.48,charlie.jones@example.com,-1131290147,Average,False
Frank,Smith,35.0,Finance-New York,Inactive,89315.59,frank.smith@example.com,-7068277880,Average,False
Heidi,Williams,25.0,HR-Florida,Active,56776.82,heidi.williams@example.com,-6093068537,Poor,False
Grace,Davis,32.48454882571075,Finance-New York,Active,72920.51,grace.davis@example.com,-9097283214,Excellent,True
Frank,Miller,30.0,Admin-Florida,Pending,84913.18,frank.miller@example.com,-2850676250,Average,True
Alice,Garcia,25.0,Finance-Illinois,Inactive,65060.11,alice.garcia@example.com,-5381447442,Excellent,True
Alice,Williams,35.0,Finance-Illinois,Pending,82941.08,alice.williams@example.com,-963480796,Poor,False
Bob,Smith,40.0,Admin-California,Pending,103469.97,bob.smith@example.com,-509754509,Good,True
Grace,Miller,25.0,Sales-Illinois,Active,88725.6,grace.miller@example.com,-5265016730,Average,True
Heidi,Jones,32.48454882571075,HR-Illinois,Pending,58316.77,heidi.jones@example.com,-8826170242,Excellent,True
Grace,Smith,35.0,HR-Illinois,Inactive,60098.72,grace.smith@example.com,-7654562840,Excellent,True
Grace,Williams,32.48454882571075,Cloud Tech-Texas,Active,99951.43,grace.williams@example.com,-7722560530,Average,True
Heidi,Johnson,30.0,Sales-Illinois,Active,115195.81,heidi.johnson@example.com,-3402665022,Good,True
Grace,Brown,32.48454882571075,DevOps-California,Pending,85512.05,grace.brown@example.com,-7416787255,Good,False
Heidi,Garcia,32.48454882571075,HR-Florida,Active,73186.77,heidi.garcia@example.com,-8621102257,Good,False
Grace,Davis,32.48454882571075,HR-Nevada,Pending,51865.3,grace.davis@example.com,-305690673,Poor,True
David,Williams,25.0,Sales-Florida,Active,94031.77,david.williams@example.com,-4716392822,Excellent,True
Grace,Miller,30.0,DevOps-New York,Active,116374.36,grace.miller@example.com,-4143637188,Excellent,False
Alice,Garcia,40.0,HR-Florida,Active,98335.02,alice.garcia@example.com,-2392312603,Excellent,False
Heidi,Garcia,25.0,DevOps-New York,Pending,89262.07,heidi.garcia@example.com,-3260931065,Poor,True
Heidi,Garcia,32.48454882571075,Finance-California,Active,113848.69,heidi.garcia@example.com,-8433567085,Excellent,True
Frank,Smith,35.0,Sales-Florida,Active,69530.45,frank.smith@example.com,-414545634,Poor,True
Eva,Brown,35.0,DevOps-New York,Pending,84230.22,eva.brown@example.com,-200053473,Good,True
Eva,Smith,35.0,Cloud Tech-Illinois,Pending,76578.59,eva.smith@example.com,-9162475540,Average,False
Frank,Miller,30.0,HR-Texas,Inactive,55532.06,frank.miller@example.com,-1082555988,Excellent,True
Eva,Smith,40.0,Admin-New York,Pending,115311.68,eva.smith@example.com,-5343961128,Excellent,True
Charlie,Johnson,25.0,Sales-Nevada,Pending,66972.06,charlie.johnson@example.com,-1093371188,Good,True
David,Brown,30.0,Cloud Tech-Texas,Inactive,100215.06,david.brown@example.com,-5473820235,Average,True
Charlie,Brown,25.0,Sales-New York,Inactive,115452.25,charlie.brown@example.com,-8485571616,Poor,False
Heidi,Miller,30.0,HR-California,Inactive,54141.38,heidi.miller@example.com,-6880294239,Average,False
David,Davis,32.48454882571075,DevOps-Nevada,Active,79251.95,david.davis@example.com,-9036788126,Good,False
Alice,Johnson,40.0,Finance-New York,Pending,114822.78,alice.johnson@example.com,-8686694319,Good,True
Alice,Williams,35.0,Sales-Illinois,Active,69919.32,alice.williams@example.com,-2939087883,Average,True
Heidi,Smith,30.0,Sales-Florida,Inactive,106616.97,heidi.smith@example.com,-4344812307,Poor,False
Heidi,Jones,35.0,DevOps-New York,Active,73597.85,heidi.jones@example.com,-3402424032,Poor,True
David,Smith,30.0,Sales-Nevada,Inactive,79939.23,david.smith@example.com,-8105955183,Excellent,True
Grace,Garcia,25.0,Admin-New York,Inactive,85155.05639558233,grace.garcia@example.com,-2694500533,Poor,False
Grace,Smith,30.0,Finance-California,Inactive,90772.25,grace.smith@example.com,-2408916497,Average,False
Eva,Williams,35.0,DevOps-New York,Active,58275.74,eva.williams@example.com,-3735439626,Good,False
Grace,Smith,32.48454882571075,DevOps-California,Pending,94709.79,grace.smith@example.com,-3652717271,Excellent,False
Frank,Johnson,32.48454882571075,Admin-New York,Active,60722.99,frank.johnson@example.com,-2397240421,Excellent,True
Frank,Johnson,40.0,DevOps-Illinois,Inactive,87626.24,frank.johnson@example.com,-6931216375,Good,True
David,Brown,30.0,DevOps-Illinois,Active,81272.36,david.brown@example.com,-1820916600,Poor,False
Bob,Miller,32.48454882571075,Cloud Tech-Texas,Pending,64150.97,bob.miller@example.com,-23142899,Good,True
Charlie,Davis,35.0,Sales-Florida,Active,64378.1,charlie.davis@example.com,-1851327971,Poor,False
Bob,Jones,32.48454882571075,Finance-Texas,Inactive,85927.35,bob.jones@example.com,-4572308480,Good,False
Alice,Garcia,32.48454882571075,Finance-Nevada,Inactive,51523.93,alice.garcia@example.com,-18418619,Average,True
Alice,Smith,30.0,Sales-Texas,Active,74117.02,alice.smith@example.com,-3036625435,Poor,False
Alice,Smith,25.0,Finance-Texas,Inactive,62598.69,alice.smith@example.com,-1721314518,Average,True
Grace,Williams,35.0,Finance-Florida,Inactive,55617.5,grace.williams@example.com,-5151092267,Excellent,True
Charlie,Miller,35.0,Cloud Tech-New York,Pending,87018.98,charlie.miller@example.com,-5926249450,Good,True
David,Johnson,25.0,Cloud Tech-California,Inactive,100336.58,david.johnson@example.com,-4754102251,Excellent,True
Grace,Jones,30.0,Admin-Florida,Inactive,69295.48,grace.jones@example.com,-6771196420,Excellent,False
Bob,Brown,25.0,DevOps-Florida,Pending,115536.66,bob.brown@example.com,-5226557675,Excellent,True
David,Johnson,30.0,Cloud Tech-Texas,Pending,81250.87,david.johnson@example.com,-9523668787,Excellent,False
Alice,Garcia,30.0,DevOps-Texas,Inactive,66403.75,alice.garcia@example.com,-7883619688,Good,False
Alice,Miller,30.0,Sales-California,Active,114147.79,alice.miller@example.com,-3135030586,Excellent,False
Frank,Garcia,30.0,HR-New York,Pending,65472.99,frank.garcia@example.com,-2105524727,Good,False
Alice,Davis,32.48454882571075,Sales-Nevada,Active,97512.51,alice.davis@example.com,-6333021259,Good,True
Alice,Brown,35.0,DevOps-Nevada,Inactive,86712.41,alice.brown@example.com,-6501917919,Average,True
Grace,Davis,30.0,HR-Florida,Active,87654.98,grace.davis@example.com,-2521310961,Poor,False
David,Williams,35.0,DevOps-New York,Inactive,89367.02,david.williams@example.com,-2728476569,Poor,False
Charlie,Garcia,40.0,Admin-California,Active,95269.41,charlie.garcia@example.com,-4120092819,Good,True
Frank,Williams,25.0,Sales-Nevada,Active,68792.31,frank.williams@example.com,-6678498435,Average,False
Alice,Smith,25.0,Admin-Illinois,Pending,89119.53,alice.smith@example.com,-2418623689,Good,True
Frank,Davis,35.0,Cloud Tech-New York,Active,58212.13,frank.davis@example.com,-3628917755,Good,False
Heidi,Miller,30.0,DevOps-Illinois,Pending,77764.24,heidi.miller@example.com,-6205634110,Good,True
Frank,Garcia,35.0,Finance-Florida,Pending,75148.17,frank.garcia@example.com,-5950342810,Average,False
Heidi,Jones,40.0,Cloud Tech-Nevada,Inactive,108781.18,heidi.jones@example.com,-3904383033,Poor,False
Frank,Brown,35.0,Finance-Texas,Pending,65489.19,frank.brown@example.com,-1990970050,Average,True
Eva,Johnson,32.48454882571075,Sales-Illinois,Pending,70663.46,eva.johnson@example.com,-4054683564,Excellent,False
David,Miller,40.0,Sales-New York,Inactive,95822.56,david.miller@example.com,-2156818208,Average,False
Eva,Miller,40.0,DevOps-Nevada,Pending,82258.03,eva.miller@example.com,-6790422710,Average,True
Frank,Williams,30.0,Admin-Nevada,Pending,62883.34,frank.williams@example.com,-3322889856,Average,False
Alice,Davis,32.48454882571075,Cloud Tech-Texas,Pending,103503.72,alice.davis@example.com,-2545960632,Average,True
David,Garcia,25.0,DevOps-New York,Active,85401.3,david.garcia@example.com,-9912971023,Poor,True
Heidi,Garcia,40.0,Cloud Tech-Texas,Pending,85155.05639558233,heidi.garcia@example.com,-8171752420,Excellent,False
Eva,Smith,32.48454882571075,HR-Texas,Pending,98850.14,eva.smith@example.com,-4955112746,Poor,False
Charlie,Smith,25.0,Cloud Tech-Illinois,Active,63435.24,charlie.smith@example.com,-4721970545,Poor,False
Frank,Brown,35.0,Finance-Texas,Inactive,82129.84,frank.brown@example.com,-6927589550,Average,False
David,Williams,35.0,DevOps-Texas,Pending,95492.61,david.williams@example.com,-6874090379,Good,False
Grace,Miller,40.0,Finance-Illinois,Inactive,94572.37,grace.miller@example.com,-2146296135,Good,False
Bob,Garcia,40.0,Finance-Nevada,Inactive,118413.05,bob.garcia@example.com,-7157787111,Poor,False
Alice,Jones,30.0,Admin-Nevada,Pending,68976.65,alice.jones@example.com,-1663651558,Poor,True
Eva,Williams,32.48454882571075,Sales-Nevada,Active,115013.65,eva.williams@example.com,-7371470826,Average,False
David,Brown,32.48454882571075,Admin-Nevada,Inactive,70949.38,david.brown@example.com,-2359096055,Poor,True
Grace,Brown,32.48454882571075,HR-Florida,Pending,105334.87,grace.brown@example.com,-7303064420,Average,False
Bob,Williams,32.48454882571075,DevOps-California,Active,80596.18,bob.williams@example.com,-2146147682,Good,False
Frank,Brown,32.48454882571075,Sales-Illinois,Inactive,72846.37,frank.brown@example.com,-4201654234,Good,True
Heidi,Williams,40.0,Admin-California,Pending,80229.36,heidi.williams@example.com,-6778265959,Excellent,False
Grace,Johnson,25.0,Sales-California,Active,55145.47,grace.johnson@example.com,-8931992549,Good,False
Grace,Williams,30.0,DevOps-Florida,Inactive,85155.05639558233,grace.williams@example.com,-2727516479,Poor,True
Eva,Davis,40.0,HR-California,Active,56110.81,eva.davis@example.com,-7279103367,Good,False
Grace,Williams,25.0,Cloud Tech-Texas,Inactive,56514.5,grace.williams@example.com,-2963533904,Average,False
Frank,Brown,40.0,Cloud Tech-California,Inactive,104541.84,frank.brown@example.com,-5044817765,Good,False
David,Garcia,32.48454882571075,Sales-New York,Pending,61865.12,david.garcia@example.com,-5586851275,Excellent,True
Eva,Davis,40.0,Admin-Texas,Active,69317.33,eva.davis@example.com,-5289286645,Good,False
Bob,Brown,35.0,HR-New York,Pending,84706.17,bob.brown@example.com,-4911110960,Average,False
Heidi,Smith,25.0,Admin-California,Active,73255.21,heidi.smith@example.com,-7981789045,Average,False
Frank,Smith,40.0,HR-Florida,Pending,59528.71,frank.smith@example.com,-3378613714,Poor,False
David,Garcia,40.0,HR-New York,Inactive,70401.37,david.garcia@example.com,-7660538443,Good,True
Heidi,Garcia,32.48454882571075,Admin-California,Inactive,107154.62,heidi.garcia@example.com,-4630600024,Average,True
Bob,Davis,32.48454882571075,Admin-Illinois,Pending,97719.88,bob.davis@example.com,-8955296385,Excellent,False
Heidi,Johnson,30.0,Finance-California,Pending,107327.59,heidi.johnson@example.com,-3960962625,Poor,False
Grace,Garcia,40.0,Admin-Nevada,Inactive,67687.72,grace.garcia@example.com,-5826312818,Excellent,True
Grace,Smith,40.0,Cloud Tech-Florida,Pending,90757.08,grace.smith@example.com,-6482531105,Good,True
Grace,Williams,32.48454882571075,Cloud Tech-California,Pending,87583.42,grace.williams@example.com,-920981959,Good,False
Bob,Brown,25.0,Admin-Nevada,Pending,61643.69,bob.brown@example.com,-2752334382,Good,True
Grace,Smith,35.0,Finance-Texas,Active,68111.69,grace.smith@example.com,-6404120910,Poor,False
David,Smith,40.0,HR-Florida,Inactive,97568.88,david.smith@example.com,-7911244210,Average,True
Charlie,Johnson,35.0,Cloud Tech-Florida,Active,79118.28,charlie.johnson@example.com,-7536170616,Poor,True
Bob,Davis,30.0,HR-California,Inactive,104898.9,bob.davis@example.com,-1366572239,Excellent,True
Frank,Davis,40.0,Cloud Tech-Florida,Pending,81671.3,frank.davis@example.com,-2990155798,Poor,True
Alice,Miller,25.0,Cloud Tech-California,Pending,97399.75,alice.miller@example.com,-8028413907,Excellent,False
David,Johnson,32.48454882571075,Admin-Illinois,Active,89189.43,david.johnson@example.com,-882351304,Poor,True
David,Williams,40.0,DevOps-New York,Active,96011.55,david.williams@example.com,-2312447314,Average,True
David,Davis,40.0,Sales-Florida,Inactive,99331.49,david.davis@example.com,-8477686341,Excellent,False
Bob,Brown,32.48454882571075,Cloud Tech-Illinois,Active,72818.94,bob.brown@example.com,-3461994236,Good,True
Eva,Garcia,40.0,Sales-Nevada,Inactive,77204.75,eva.garcia@example.com,-6769459195,Good,True
Bob,Johnson,35.0,HR-Florida,Pending,106961.68,bob.johnson@example.com,-6395517207,Poor,False
Eva,Garcia,32.48454882571075,Sales-Texas,Pending,71923.0,eva.garcia@example.com,-4964985600,Good,True
Bob,Smith,30.0,HR-Nevada,Active,77192.43,bob.smith@example.com,-2562531354,Excellent,False
Grace,Brown,40.0,Admin-Florida,Pending,98540.3,grace.brown@example.com,-2510505378,Good,False
Charlie,Brown,32.48454882571075,Admin-Florida,Inactive,63096.9,charlie.brown@example.com,-5381649382,Average,False
Alice,Smith,35.0,Cloud Tech-Florida,Active,107065.12,alice.smith@example.com,-1849196654,Average,False
Heidi,Johnson,40.0,DevOps-Florida,Inactive,108792.43,heidi.johnson@example.com,-3307704610,Poor,True
Bob,Smith,32.48454882571075,Cloud Tech-New York,Inactive,69239.7,bob.smith@example.com,-7295963903,Excellent,False
Charlie,Garcia,40.0,Sales-Nevada,Inactive,85756.42,charlie.garcia@example.com,-907426087,Average,True
Eva,Miller,32.48454882571075,HR-Illinois,Active,100328.62,eva.miller@example.com,-501716444,Average,True
Grace,Brown,25.0,DevOps-Nevada,Active,111236.69,grace.brown@example.com,-5618579063,Excellent,True
Eva,Jones,35.0,Cloud Tech-Florida,Active,106832.22,eva.jones@example.com,-7715910299,Good,True
Frank,Jones,32.48454882571075,DevOps-Florida,Active,59746.45,frank.jones@example.com,-2156321357,Good,True
David,Garcia,25.0,Sales-California,Pending,91780.04,david.garcia@example.com,-40104144,Poor,True
Eva,Williams,35.0,Sales-California,Pending,107062.66,eva.williams@example.com,-9642297124,Good,True
Grace,Davis,25.0,HR-Nevada,Active,110625.52,grace.davis@example.com,-2967188396,Excellent,True
Frank,Smith,30.0,DevOps-Florida,Inactive,90419.79,frank.smith@example.com,-7457314414,Average,True
Grace,Smith,40.0,Finance-Texas,Pending,111608.76,grace.smith@example.com,-8331170302,Good,True
Eva,Williams,35.0,Finance-Florida,Inactive,50173.12,eva.williams@example.com,-7637153987,Poor,False
Bob,Williams,40.0,DevOps-Nevada,Pending,109507.44,bob.williams@example.com,-5472812355,Good,False
Grace,Garcia,30.0,Finance-New York,Inactive,72600.56,grace.garcia@example.com,-7983631461,Excellent,False
Charlie,Garcia,32.48454882571075,Finance-California,Pending,53388.65,charlie.garcia@example.com,-4912711306,Poor,True
Heidi,Williams,25.0,Cloud Tech-New York,Inactive,50047.32,heidi.williams@example.com,-2407875417,Good,False
David,Brown,30.0,DevOps-California,Active,115290.79,david.brown@example.com,-1563268684,Poor,False
Frank,Garcia,35.0,Cloud Tech-California,Pending,61586.76,frank.garcia@example.com,-745106633,Excellent,False
Eva,Miller,30.0,Finance-Nevada,Active,56662.86,eva.miller@example.com,-3629489785,Average,True
Bob,Garcia,30.0,Sales-New York,Pending,85155.05639558233,bob.garcia@example.com,-1031310093,Excellent,True
Frank,Smith,25.0,Finance-Nevada,Active,54957.98,frank.smith@example.com,-3181439665,Excellent,True
Bob,Garcia,25.0,HR-California,Inactive,76790.47,bob.garcia@example.com,-1347323548,Excellent,True
Charlie,Brown,30.0,Cloud Tech-Illinois,Pending,92722.35,charlie.brown@example.com,-4012897431,Excellent,False
Frank,Williams,30.0,DevOps-Nevada,Active,93125.32,frank.williams@example.com,-5122572075,Average,False
David,Smith,25.0,Cloud Tech-New York,Active,101100.64,david.smith@example.com,-5024120956,Average,False
Grace,Garcia,35.0,Admin-New York,Inactive,55897.41,grace.garcia@example.com,-9073710093,Poor,False
Eva,Brown,25.0,DevOps-California,Active,92484.88,eva.brown@example.com,-3882211456,Good,True
Grace,Miller,35.0,DevOps-Texas,Active,77011.99,grace.miller@example.com,-7584745704,Average,True
Bob,Garcia,32.48454882571075,Cloud Tech-California,Inactive,77078.68,bob.garcia@example.com,-4589714801,Average,True
Grace,Brown,35.0,Sales-Nevada,Active,82971.02,grace.brown@example.com,-6325703964,Good,False
Bob,Miller,25.0,Sales-Texas,Active,65102.01,bob.miller@example.com,-3136148781,Average,True
Grace,Williams,32.48454882571075,HR-Nevada,Pending,103697.7,grace.williams@example.com,-4556964429,Excellent,True
Grace,Garcia,25.0,DevOps-Illinois,Pending,60687.63,grace.garcia@example.com,-9859167953,Excellent,False
Bob,Miller,32.48454882571075,Admin-New York,Pending,77351.21,bob.miller@example.com,-1072728497,Good,False
Bob,Smith,35.0,DevOps-Florida,Pending,66704.62,bob.smith@example.com,-2474140702,Poor,True
Grace,Williams,25.0,Finance-Illinois,Pending,71650.3,grace.williams@example.com,-4910740649,Poor,True
Charlie,Smith,25.0,Cloud Tech-Nevada,Active,50794.54,charlie.smith@example.com,-425488213,Good,True
Frank,Jones,32.48454882571075,Sales-Nevada,Inactive,76030.86,frank.jones@example.com,-2369143074,Good,True
Eva,Johnson,25.0,Cloud Tech-California,Inactive,86669.79,eva.johnson@example.com,-3666144941,Excellent,True
Bob,Garcia,40.0,Finance-Illinois,Inactive,84972.7,bob.garcia@example.com,-9659234267,Poor,True
Frank,Miller,30.0,HR-Texas,Pending,100594.49,frank.miller@example.com,-3441497825,Average,False
Alice,Johnson,25.0,Cloud Tech-New York,Active,75478.35,alice.johnson@example.com,-6128758574,Excellent,False
Charlie,Johnson,25.0,Sales-Nevada,Pending,79355.85,charlie.johnson@example.com,-6766708060,Good,False
Grace,Miller,35.0,HR-Texas,Pending,58358.07,grace.miller@example.com,-2943985297,Poor,True
Alice,Williams,30.0,Admin-Illinois,Active,54824.85,alice.williams@example.com,-9406260786,Average,False
Eva,Garcia,35.0,HR-Texas,Pending,50557.84,eva.garcia@example.com,-104159148,Average,True
Eva,Jones,32.48454882571075,Admin-Florida,Inactive,118030.04,eva.jones@example.com,-7501980381,Excellent,True
David,Smith,32.48454882571075,Admin-New York,Active,51673.72,david.smith@example.com,-8723244078,Poor,False
Alice,Brown,35.0,Cloud Tech-Nevada,Inactive,101665.79,alice.brown@example.com,-3110291812,Poor,True
David,Smith,32.48454882571075,Admin-Florida,Inactive,118079.15,david.smith@example.com,-3170876013,Good,True
Eva,Brown,25.0,Cloud Tech-New York,Pending,99059.28,eva.brown@example.com,-6723849790,Poor,False
Bob,Smith,32.48454882571075,Cloud Tech-Illinois,Active,107397.4,bob.smith@example.com,-6202232882,Poor,False
Alice,Miller,40.0,DevOps-New York,Active,68269.37,alice.miller@example.com,-7744197545,Excellent,False
Grace,Jones,35.0,HR-Florida,Inactive,55228.12,grace.jones@example.com,-6176620470,Poor,True
Bob,Garcia,30.0,Cloud Tech-New York,Inactive,71982.33,bob.garcia@example.com,-9609409704,Average,False
Frank,Brown,30.0,Finance-California,Inactive,109673.75,frank.brown@example.com,-2774025882,Excellent,False
Eva,Garcia,32.48454882571075,Cloud Tech-New York,Inactive,56384.9,eva.garcia@example.com,-5868122594,Excellent,True
Frank,Garcia,40.0,Sales-Texas,Pending,68211.68,frank.garcia@example.com,-7244617678,Good,False
Alice,Garcia,40.0,Finance-Illinois,Pending,67489.68,alice.garcia@example.com,-2988425994,Poor,False
Charlie,Davis,25.0,Cloud Tech-Texas,Active,63869.31,charlie.davis@example.com,-9961002310,Good,False
Bob,Williams,32.48454882571075,Sales-California,Active,119801.3,bob.williams@example.com,-7753312660,Average,True
Heidi,Smith,30.0,Cloud Tech-California,Active,115959.65,heidi.smith@example.com,-941017589,Excellent,True
Grace,Garcia,40.0,Finance-Texas,Inactive,79866.48,grace.garcia@example.com,-2517629832,Excellent,True
Charlie,Smith,35.0,HR-Florida,Active,92987.46,charlie.smith@example.com,-4774332682,Excellent,True
Eva,Garcia,40.0,Finance-Illinois,Inactive,56140.51,eva.garcia@example.com,-1901302055,Average,False
Grace,Brown,30.0,DevOps-Illinois,Active,119586.11,grace.brown@example.com,-9815287338,Average,True
Alice,Williams,40.0,DevOps-California,Inactive,104700.46,alice.williams@example.com,-7855982175,Good,True
Frank,Williams,40.0,HR-New York,Active,91798.14,frank.williams@example.com,-6191284116,Good,False
Eva,Miller,25.0,Finance-Illinois,Inactive,90879.22,eva.miller@example.com,-3098503445,Good,False
Charlie,Davis,25.0,Admin-Nevada,Active,87358.27,charlie.davis@example.com,-5124189388,Poor,False
Alice,Miller,30.0,Sales-Florida,Inactive,119407.93,alice.miller@example.com,-8469081973,Excellent,True
David,Miller,32.48454882571075,HR-Nevada,Pending,113978.6,david.miller@example.com,-56435022,Excellent,True
Frank,Miller,32.48454882571075,Sales-New York,Pending,108568.78,frank.miller@example.com,-8503719904,Good,True
Heidi,Miller,32.48454882571075,HR-New York,Inactive,56318.02,heidi.miller@example.com,-1699187239,Excellent,False
David,Miller,25.0,Sales-Florida,Active,114252.73,david.miller@example.com,-1078356742,Good,False
Charlie,Jones,35.0,DevOps-New York,Inactive,51533.9,charlie.jones@example.com,-3896086,Poor,True
Charlie,Williams,25.0,Sales-California,Active,99317.66,charlie.williams@example.com,-662668216,Poor,False
Bob,Miller,35.0,HR-California,Active,101264.64,bob.miller@example.com,-1955356032,Average,False
Heidi,Garcia,35.0,Admin-Nevada,Pending,112272.02,heidi.garcia@example.com,-1903689002,Poor,False
Frank,Williams,30.0,DevOps-Illinois,Active,71477.63,frank.williams@example.com,-102724054,Good,True
Charlie,Williams,30.0,DevOps-Texas,Pending,77412.1,charlie.williams@example.com,-9342967110,Poor,False
Alice,Johnson,30.0,Sales-California,Pending,94775.27,alice.johnson@example.com,-4837537457,Average,False
Heidi,Jones,30.0,HR-Nevada,Active,74276.71,heidi.jones@example.com,-4384588104,Excellent,True
Bob,Miller,35.0,Finance-Texas,Inactive,67467.86,bob.miller@example.com,-6974132833,Good,True
Eva,Smith,25.0,DevOps-Texas,Active,80675.41,eva.smith@example.com,-8315203770,Excellent,False
Charlie,Brown,40.0,Finance-Florida,Inactive,76274.33,charlie.brown@example.com,-704496409,Average,False
David,Davis,30.0,Finance-Texas,Active,51405.46,david.davis@example.com,-4967066702,Average,True
Bob,Garcia,25.0,HR-New York,Inactive,101238.96,bob.garcia@example.com,-3626804084,Average,True
Bob,Smith,35.0,Sales-Illinois,Inactive,52169.52,bob.smith@example.com,-954930595,Excellent,False
Charlie,Jones,32.48454882571075,Finance-New York,Active,73176.62,charlie.jones@example.com,-6018648768,Excellent,False
Grace,Brown,32.48454882571075,DevOps-Nevada,Pending,96241.85,grace.brown@example.com,-9842673203,Excellent,False
Bob,Jones,25.0,Finance-Illinois,Pending,84366.38,bob.jones@example.com,-4138459608,Excellent,False
Alice,Garcia,40.0,Cloud Tech-California,Pending,92015.09,alice.garcia@example.com,-4544901494,Average,True
Alice,Williams,30.0,Admin-Nevada,Inactive,83149.95,alice.williams@example.com,-4277070704,Average,False
Grace,Brown,40.0,Finance-Nevada,Inactive,94930.65,grace.brown@example.com,-7836091497,Good,False
Frank,Williams,40.0,HR-New York,Inactive,68430.72,frank.williams@example.com,-5172444722,Good,True
David,Garcia,35.0,Sales-Texas,Active,98752.97,david.garcia@example.com,-2290310286,Excellent,False
Frank,Smith,32.48454882571075,Finance-Illinois,Active,54268.86,frank.smith@example.com,-9508304404,Poor,True
Grace,Garcia,32.48454882571075,DevOps-Florida,Pending,66494.94,grace.garcia@example.com,-8093511870,Poor,False
Grace,Smith,25.0,Sales-Illinois,Pending,90003.98,grace.smith@example.com,-8133595615,Average,False
Charlie,Brown,25.0,Finance-New York,Active,106592.25,charlie.brown@example.com,-4205955656,Average,True
Grace,Brown,25.0,DevOps-Florida,Active,93905.83,grace.brown@example.com,-4902504289,Average,True
Eva,Miller,35.0,DevOps-Texas,Active,88945.49,eva.miller@example.com,-1935889535,Good,False
Eva,Jones,32.48454882571075,Finance-Texas,Pending,91130.33,eva.jones@example.com,-9026113988,Good,False
Bob,Miller,40.0,Admin-New York,Pending,90787.4,bob.miller@example.com,-8681809787,Average,False
Bob,Jones,25.0,Sales-Texas,Inactive,87494.34,bob.jones@example.com,-7543943534,Average,True
Grace,Miller,35.0,Finance-Nevada,Inactive,92627.35,grace.miller@example.com,-3751376514,Average,False
Eva,Williams,40.0,Admin-Illinois,Pending,98556.29,eva.williams@example.com,-8815793762,Poor,True
Frank,Brown,30.0,Cloud Tech-Nevada,Inactive,112792.2,frank.brown@example.com,-9283692943,Good,True
Eva,Smith,35.0,HR-Florida,Pending,56875.22,eva.smith@example.com,-5511668296,Poor,False
Charlie,Jones,35.0,DevOps-Florida,Inactive,101015.96,charlie.jones@example.com,-3270216486,Poor,True
Bob,Garcia,30.0,Finance-New York,Inactive,83912.22,bob.garcia@example.com,-1206021287,Average,False
Frank,Jones,25.0,Sales-New York,Active,99669.86,frank.jones@example.com,-6652683414,Average,False
Alice,Smith,30.0,Admin-New York,Active,52314.97,alice.smith@example.com,-5999101575,Excellent,False
Frank,Miller,30.0,HR-California,Inactive,77785.96,frank.miller@example.com,-7647229811,Excellent,False
Alice,Jones,30.0,HR-Florida,Pending,62430.86,alice.jones@example.com,-995765727,Poor,False
Frank,Davis,35.0,Admin-California,Pending,98219.54,frank.davis@example.com,-9413475097,Good,True
Grace,Williams,25.0,Admin-Illinois,Active,65494.58,grace.williams@example.com,-8986456521,Average,True
David,Brown,35.0,DevOps-Florida,Pending,110524.1,david.brown@example.com,-368499514,Average,False
Alice,Smith,40.0,Admin-Nevada,Active,106060.54,alice.smith@example.com,-4214477323,Poor,False
Eva,Brown,35.0,Finance-Florida,Inactive,67639.91,eva.brown@example.com,-4913421387,Excellent,True
Grace,Davis,32.48454882571075,Cloud Tech-Texas,Pending,117653.98,grace.davis@example.com,-2090883069,Good,True
Eva,Jones,35.0,DevOps-Texas,Inactive,73539.86,eva.jones@example.com,-5349678273,Excellent,True
Frank,Jones,35.0,HR-Nevada,Pending,70915.38,frank.jones@example.com,-1176741240,Excellent,True
David,Garcia,25.0,Sales-Florida,Pending,97652.9,david.garcia@example.com,-5131528546,Excellent,False
Heidi,Davis,35.0,HR-Florida,Inactive,101571.25,heidi.davis@example.com,-8150618537,Excellent,False
David,Smith,35.0,DevOps-Nevada,Active,87424.46,david.smith@example.com,-32963346,Average,True
Frank,Garcia,32.48454882571075,HR-New York,Pending,89077.36,frank.garcia@example.com,-2727423182,Average,False
Heidi,Williams,30.0,DevOps-California,Pending,89132.22,heidi.williams@example.com,-617893205,Excellent,True
Frank,Garcia,25.0,Admin-California,Active,111000.26,frank.garcia@example.com,-4969357823,Good,False
Frank,Johnson,35.0,HR-Illinois,Inactive,109584.97,frank.johnson@example.com,-3477695873,Poor,True
Bob,Smith,40.0,Admin-Illinois,Active,97648.84,bob.smith@example.com,-1314675360,Good,False
Grace,Johnson,25.0,Admin-New York,Active,78643.43,grace.johnson@example.com,-2751562778,Good,True
Heidi,Davis,30.0,HR-Nevada,Active,55656.8,heidi.davis@example.com,-6304483607,Good,True
Charlie,Miller,35.0,DevOps-Texas,Active,69146.95,charlie.miller@example.com,-5456676639,Excellent,False
Charlie,Johnson,32.48454882571075,Admin-Florida,Active,93013.58,charlie.johnson@example.com,-4735047638,Average,True
Grace,Williams,40.0,Finance-Florida,Active,87364.78,grace.williams@example.com,-2831995297,Good,False
Alice,Garcia,35.0,Sales-New York,Active,50288.67,alice.garcia@example.com,-61558107,Excellent,False
David,Miller,35.0,HR-New York,Active,85233.55,david.miller@example.com,-3583286341,Good,True
Bob,Garcia,25.0,HR-California,Inactive,86420.19,bob.garcia@example.com,-5563830007,Good,False
Grace,Johnson,30.0,HR-Florida,Inactive,63189.82,grace.johnson@example.com,-1867024402,Excellent,False
Grace,Garcia,25.0,Admin-New York,Pending,64783.32,grace.garcia@example.com,-3041662410,Average,False
Charlie,Davis,25.0,HR-Nevada,Pending,52615.44,charlie.davis@example.com,-1860089218,Average,False
Eva,Miller,32.48454882571075,Sales-Texas,Pending,96337.89,eva.miller@example.com,-6394568043,Poor,False
Alice,Davis,25.0,DevOps-Texas,Inactive,76617.76,alice.davis@example.com,-7314976460,Excellent,True
Heidi,Johnson,30.0,Admin-Nevada,Pending,50651.32,heidi.johnson@example.com,-3684748835,Poor,False
Bob,Davis,32.48454882571075,HR-Illinois,Pending,59601.45,bob.davis@example.com,-765817389,Poor,False
Bob,Williams,32.48454882571075,DevOps-Illinois,Active,57980.88,bob.williams@example.com,-6375791451,Poor,False
David,Johnson,32.48454882571075,Admin-California,Pending,75054.53,david.johnson@example.com,-1182379311,Average,False
Charlie,Johnson,25.0,Sales-Florida,Active,115318.7,charlie.johnson@example.com,-6978930745,Excellent,False
Alice,Johnson,25.0,DevOps-Texas,Active,90190.69,alice.johnson@example.com,-4520599603,Poor,True
Bob,Smith,32.48454882571075,Cloud Tech-Nevada,Pending,113334.56,bob.smith@example.com,-3878753576,Excellent,False
Heidi,Garcia,35.0,HR-Florida,Active,106922.49,heidi.garcia@example.com,-8811616201,Excellent,True
Eva,Smith,35.0,DevOps-California,Inactive,58113.07,eva.smith@example.com,-8123710671,Average,True
Alice,Smith,25.0,Admin-Nevada,Pending,73006.26,alice.smith@example.com,-8728660415,Poor,True
Eva,Williams,25.0,HR-California,Active,78054.43,eva.williams@example.com,-4485959223,Poor,True
Eva,Miller,40.0,DevOps-Florida,Inactive,112028.67,eva.miller@example.com,-8395894772,Excellent,False
Charlie,Garcia,25.0,Admin-Texas,Inactive,83787.24,charlie.garcia@example.com,-5228705621,Good,True
Heidi,Davis,30.0,Sales-Florida,Inactive,52017.14,heidi.davis@example.com,-7104331874,Average,True
Charlie,Jones,40.0,Finance-Texas,Inactive,53218.06,charlie.jones@example.com,-1097921582,Average,False
Frank,Johnson,25.0,DevOps-Nevada,Pending,102053.67,frank.johnson@example.com,-5034469458,Average,False
David,Davis,35.0,Sales-Illinois,Pending,93276.73,david.davis@example.com,-6488319212,Average,False
David,Johnson,40.0,HR-Nevada,Pending,76941.36,david.johnson@example.com,-4249128964,Poor,True
Alice,Williams,25.0,DevOps-New York,Pending,82850.23,alice.williams@example.com,-9994973202,Poor,False
Charlie,Johnson,25.0,Finance-California,Active,117910.15,charlie.johnson@example.com,-3192227050,Good,False
David,Smith,32.48454882571075,DevOps-Florida,Inactive,66450.0,david.smith@example.com,-287675480,Average,True
Heidi,Garcia,25.0,Finance-Florida,Inactive,118646.95,heidi.garcia@example.com,-3866675484,Average,False
Alice,Jones,25.0,Finance-Florida,Active,88436.92,alice.jones@example.com,-8193242686,Excellent,False
Eva,Brown,32.48454882571075,Sales-New York,Pending,81934.55,eva.brown@example.com,-7418652056,Poor,False
Alice,Johnson,30.0,Finance-California,Pending,93383.06,alice.johnson@example.com,-5639836519,Average,False
Frank,Davis,40.0,Cloud Tech-Texas,Pending,50153.79,frank.davis@example.com,-3758309450,Good,True
Eva,Smith,32.48454882571075,Sales-California,Pending,53204.47,eva.smith@example.com,-5480940475,Good,False
Charlie,Brown,40.0,Cloud Tech-California,Pending,63128.04,charlie.brown@example.com,-440907976,Poor,False
Grace,Jones,30.0,Finance-New York,Pending,57543.6,grace.jones@example.com,-2781050921,Good,True
Bob,Brown,40.0,Finance-Nevada,Pending,59424.52,bob.brown@example.com,-2161070517,Good,False
Alice,Smith,32.48454882571075,Finance-Illinois,Inactive,104675.7,alice.smith@example.com,-4390552957,Poor,True
Charlie,Garcia,30.0,Cloud Tech-Florida,Pending,92431.25,charlie.garcia@example.com,-660138240,Average,False
Grace,Garcia,40.0,Sales-Nevada,Active,77850.9,grace.garcia@example.com,-2704938619,Average,True
Eva,Miller,40.0,Admin-New York,Inactive,99001.0,eva.miller@example.com,-4485157918,Good,True
Eva,Garcia,32.48454882571075,HR-Nevada,Pending,94280.83,eva.garcia@example.com,-7111212589,Good,True
Eva,Miller,35.0,DevOps-New York,Pending,118262.56,eva.miller@example.com,-2035713431,Average,True
Frank,Brown,25.0,HR-Illinois,Inactive,89944.67,frank.brown@example.com,-4064242955,Poor,False
Grace,Williams,32.48454882571075,HR-Florida,Active,57452.93,grace.williams@example.com,-3343244740,Good,True
Alice,Davis,25.0,Admin-California,Active,97837.32,alice.davis@example.com,-7595587208,Excellent,False
Alice,Davis,35.0,Admin-Illinois,Active,106981.84,alice.davis@example.com,-6289365434,Poor,True
David,Brown,32.48454882571075,Finance-New York,Pending,105778.36,david.brown@example.com,-8841834373,Good,True
Alice,Johnson,40.0,Finance-Florida,Pending,117608.32,alice.johnson@example.com,-182727954,Good,True
Eva,Johnson,30.0,Sales-Florida,Active,99324.03,eva.johnson@example.com,-9690515025,Excellent,False
David,Garcia,30.0,HR-Florida,Active,55212.83,david.garcia@example.com,-7551254277,Excellent,True
Bob,Davis,40.0,Cloud Tech-Florida,Inactive,68496.77,bob.davis@example.com,-2079799666,Average,False
Eva,Davis,25.0,HR-Florida,Pending,52795.84,eva.davis@example.com,-3459576402,Poor,False
Alice,Miller,32.48454882571075,DevOps-California,Inactive,90087.39,alice.miller@example.com,-8166496901,Poor,False
Frank,Williams,32.48454882571075,Admin-New York,Pending,105038.08,frank.williams@example.com,-8249839224,Average,False
Grace,Smith,25.0,HR-New York,Active,73231.85,grace.smith@example.com,-142576269,Poor,False
David,Johnson,32.48454882571075,Sales-Florida,Pending,102649.36,david.johnson@example.com,-2324412335,Poor,False
Bob,Davis,35.0,Finance-New York,Pending,114302.51,bob.davis@example.com,-1328507250,Poor,False
Alice,Miller,35.0,Finance-Texas,Inactive,87816.61,alice.miller@example.com,-7863767315,Poor,False
Frank,Jones,32.48454882571075,Sales-Florida,Inactive,70750.38,frank.jones@example.com,-2526546967,Poor,False
Frank,Miller,32.48454882571075,Cloud Tech-Texas,Active,85155.05639558233,frank.miller@example.com,-1579039234,Excellent,True
Bob,Johnson,30.0,DevOps-Nevada,Active,97978.36,bob.johnson@example.com,-5580996131,Poor,True
David,Johnson,32.48454882571075,DevOps-Nevada,Inactive,107172.8,david.johnson@example.com,-7303461561,Excellent,True
Charlie,Miller,25.0,Finance-Nevada,Inactive,56126.46,charlie.miller@example.com,-6244670461,Poor,True
Eva,Smith,32.48454882571075,Cloud Tech-Illinois,Active,78534.29,eva.smith@example.com,-2681715159,Average,True
Grace,Brown,40.0,HR-Texas,Inactive,85155.05639558233,grace.brown@example.com,-2529867075,Good,False
Bob,Johnson,32.48454882571075,Cloud Tech-Nevada,Active,114963.34,bob.johnson@example.com,-6046419784,Excellent,False
Eva,Miller,32.48454882571075,Cloud Tech-California,Inactive,77657.93,eva.miller@example.com,-7585126860,Poor,False
Heidi,Davis,30.0,Sales-New York,Active,77369.48,heidi.davis@example.com,-2059438975,Average,False
Eva,Miller,30.0,HR-Nevada,Pending,76119.14,eva.miller@example.com,-740177508,Good,False
Charlie,Williams,25.0,Cloud Tech-Texas,Pending,77585.72,charlie.williams@example.com,-5465408423,Excellent,False
Bob,Brown,35.0,Admin-Nevada,Pending,74069.62,bob.brown@example.com,-5607540914,Good,False
Charlie,Jones,30.0,Admin-New York,Pending,67691.92,charlie.jones@example.com,-863218121,Average,True
Alice,Smith,32.48454882571075,Finance-Nevada,Pending,70345.69,alice.smith@example.com,-7645793896,Excellent,True
Bob,Garcia,30.0,DevOps-Illinois,Inactive,74999.69,bob.garcia@example.com,-155029167,Good,True
David,Jones,25.0,HR-Illinois,Active,72245.02,david.jones@example.com,-1546602415,Poor,True
Eva,Brown,32.48454882571075,Admin-Illinois,Pending,106538.98,eva.brown@example.com,-1394498829,Excellent,False
Charlie,Brown,25.0,HR-New York,Active,101787.14,charlie.brown@example.com,-5973642479,Good,False
Frank,Brown,30.0,DevOps-Nevada,Inactive,83596.78,frank.brown@example.com,-9624406305,Average,False
Eva,Jones,40.0,Sales-Texas,Active,92463.94,eva.jones@example.com,-2447951329,Average,True
Charlie,Davis,32.48454882571075,Admin-California,Pending,93863.32,charlie.davis@example.com,-5319497968,Excellent,False
Alice,Brown,32.48454882571075,DevOps-Texas,Pending,78359.41,alice.brown@example.com,-5867805554,Good,False
Alice,Miller,32.48454882571075,HR-Illinois,Pending,95773.57,alice.miller@example.com,-7277382645,Excellent,False
Grace,Jones,30.0,Sales-Nevada,Inactive,82529.08,grace.jones@example.com,-917851384,Excellent,True
Grace,Garcia,35.0,Sales-Texas,Pending,109358.73,grace.garcia@example.com,-4457702991,Good,False
Charlie,Brown,32.48454882571075,Admin-Florida,Active,89645.01,charlie.brown@example.com,-9596604872,Good,True
Charlie,Miller,40.0,HR-Texas,Active,84134.95,charlie.miller@example.com,-6826911632,Poor,True
Frank,Davis,30.0,Cloud Tech-Nevada,Active,113540.83,frank.davis@example.com,-1942268652,Good,True
Heidi,Williams,40.0,Cloud Tech-Texas,Pending,57225.75,heidi.williams@example.com,-6945515887,Average,True
Eva,Davis,35.0,Sales-Illinois,Pending,76366.17,eva.davis@example.com,-6367747225,Excellent,False
Bob,Garcia,32.48454882571075,HR-Florida,Active,78408.95,bob.garcia@example.com,-4085721695,Excellent,True
Frank,Brown,40.0,Finance-Illinois,Active,111742.4,frank.brown@example.com,-6630932997,Average,True
David,Garcia,25.0,Sales-Nevada,Inactive,60516.83,david.garcia@example.com,-1996059328,Good,False
Bob,Jones,30.0,Finance-California,Pending,83706.17,bob.jones@example.com,-7150968831,Average,False
David,Johnson,32.48454882571075,Admin-Nevada,Inactive,67056.92,david.johnson@example.com,-7532735240,Average,True
Charlie,Brown,30.0,DevOps-Illinois,Active,90058.85,charlie.brown@example.com,-397739731,Poor,False
Eva,Johnson,30.0,Sales-Florida,Pending,94633.59,eva.johnson@example.com,-7819523709,Average,True
Eva,Miller,25.0,Admin-Florida,Pending,110711.17,eva.miller@example.com,-687616480,Excellent,True
Grace,Williams,32.48454882571075,Admin-Illinois,Active,96175.41,grace.williams@example.com,-9807704604,Average,True
Frank,Smith,40.0,Sales-Illinois,Active,76474.79,frank.smith@example.com,-6876112490,Excellent,True
Alice,Garcia,30.0,Sales-Illinois,Pending,107855.99,alice.garcia@example.com,-2565237340,Excellent,False
Charlie,Davis,40.0,Sales-Illinois,Active,104870.78,charlie.davis@example.com,-5177345474,Excellent,True
Bob,Williams,25.0,Finance-Nevada,Active,85155.05639558233,bob.williams@example.com,-7494902283,Good,False
Grace,Brown,32.48454882571075,Finance-California,Active,87087.16,grace.brown@example.com,-359544293,Poor,False
Heidi,Johnson,40.0,HR-Illinois,Pending,108603.34,heidi.johnson@example.com,-7742229463,Excellent,False
Grace,Davis,30.0,HR-Florida,Active,55867.23,grace.davis@example.com,-3039429044,Excellent,False
Grace,Johnson,35.0,Admin-Texas,Pending,105259.57,grace.johnson@example.com,-8867925297,Good,True
Bob,Jones,32.48454882571075,Cloud Tech-Florida,Pending,98143.67,bob.jones@example.com,-5856728726,Excellent,False
Frank,Johnson,25.0,Admin-Florida,Pending,67754.29,frank.johnson@example.com,-6015343323,Average,True
Grace,Jones,32.48454882571075,HR-Illinois,Inactive,77821.79,grace.jones@example.com,-9135779082,Average,False
Heidi,Miller,30.0,HR-Illinois,Pending,67764.44,heidi.miller@example.com,-3506158147,Poor,False
Frank,Davis,40.0,DevOps-New York,Pending,102346.99,frank.davis@example.com,-8810798333,Excellent,True
Charlie,Davis,25.0,Admin-Illinois,Inactive,73690.65,charlie.davis@example.com,-2337209483,Good,True
Alice,Smith,30.0,Finance-Nevada,Active,56376.2,alice.smith@example.com,-1312840332,Average,True
Grace,Brown,25.0,Cloud Tech-California,Active,55602.78,grace.brown@example.com,-9977180512,Good,False
Grace,Jones,40.0,Sales-Nevada,Pending,99812.41,grace.jones@example.com,-7171731892,Good,False
Charlie,Smith,40.0,Finance-Texas,Active,95981.9,charlie.smith@example.com,-9749096172,Average,True
Eva,Johnson,30.0,Cloud Tech-Illinois,Pending,98891.48,eva.johnson@example.com,-9970469471,Good,True
Alice,Johnson,35.0,Admin-Nevada,Active,56079.0,alice.johnson@example.com,-5878444834,Average,True
Grace,Smith,35.0,DevOps-Florida,Inactive,85155.05639558233,grace.smith@example.com,-4884712704,Good,True
Bob,Davis,25.0,Sales-California,Pending,89137.97,bob.davis@example.com,-8772216416,Average,False
Frank,Johnson,35.0,Admin-Illinois,Active,115079.97,frank.johnson@example.com,-5823133483,Excellent,True
Eva,Garcia,30.0,Finance-Illinois,Active,55067.02,eva.garcia@example.com,-5871493924,Poor,True
Bob,Miller,32.48454882571075,HR-Illinois,Pending,98593.43,bob.miller@example.com,-2362292586,Average,True
Heidi,Miller,30.0,HR-Florida,Pending,112756.67,heidi.miller@example.com,-9643474523,Average,True
Heidi,Garcia,25.0,HR-Texas,Inactive,105205.92,heidi.garcia@example.com,-5557469659,Poor,False
David,Smith,35.0,Finance-California,Pending,50680.62,david.smith@example.com,-6065274032,Average,True
David,Garcia,35.0,Cloud Tech-Florida,Pending,107475.23,david.garcia@example.com,-4450566587,Average,False
Charlie,Jones,40.0,HR-California,Active,68835.3,charlie.jones@example.com,-3398741131,Good,True
David,Jones,40.0,DevOps-New York,Active,66943.96,david.jones@example.com,-5797067348,Poor,True
David,Smith,30.0,Admin-Illinois,Inactive,104525.69,david.smith@example.com,-9601054856,Excellent,False
Bob,Garcia,40.0,Sales-Texas,Pending,109360.74,bob.garcia@example.com,-4172156228,Average,True
Frank,Jones,40.0,Sales-California,Inactive,118907.63,frank.jones@example.com,-4938173597,Poor,False
Eva,Davis,40.0,Admin-Illinois,Active,86801.48,eva.davis@example.com,-4884021556,Good,False
Alice,Garcia,32.48454882571075,HR-Florida,Pending,62236.03,alice.garcia@example.com,-3257375533,Excellent,True
Heidi,Davis,35.0,DevOps-Texas,Active,64752.67,heidi.davis@example.com,-4902166669,Poor,False
Frank,Jones,35.0,Sales-California,Active,68399.43,frank.jones@example.com,-8085096084,Excellent,False
Frank,Miller,35.0,Admin-Florida,Inactive,79336.51,frank.miller@example.com,-8749511917,Excellent,False
Frank,Jones,40.0,HR-Florida,Active,59179.74,frank.jones@example.com,-1828197930,Excellent,False
David,Davis,25.0,DevOps-California,Active,80255.31,david.davis@example.com,-6477251294,Average,False
Charlie,Williams,30.0,Finance-Texas,Active,84971.85,charlie.williams@example.com,-7860694095,Average,False
Frank,Brown,40.0,HR-California,Pending,89748.42,frank.brown@example.com,-35624394,Good,False
Charlie,Johnson,25.0,Admin-California,Inactive,94090.35,charlie.johnson@example.com,-8739592322,Good,False
Frank,Garcia,35.0,HR-California,Pending,115229.12,frank.garcia@example.com,-4210890284,Poor,True
Alice,Williams,40.0,Cloud Tech-California,Pending,63927.07,alice.williams@example.com,-1553334263,Good,True
Charlie,Jones,35.0,HR-California,Pending,84124.56,charlie.jones@example.com,-3350271606,Excellent,False
Bob,Miller,40.0,Sales-California,Inactive,116961.61,bob.miller@example.com,-3607763368,Excellent,True
Frank,Smith,40.0,DevOps-Illinois,Pending,109423.05,frank.smith@example.com,-1128981230,Average,False
Charlie,Jones,35.0,Admin-California,Inactive,70394.94,charlie.jones@example.com,-7955633184,Excellent,False
Grace,Miller,35.0,Finance-California,Pending,86465.5,grace.miller@example.com,-7481700665,Poor,True
Charlie,Brown,30.0,Cloud Tech-New York,Pending,96341.58,charlie.brown@example.com,-1554164315,Excellent,False
Bob,Jones,30.0,Admin-Florida,Active,54465.47,bob.jones@example.com,-7045023289,Excellent,False
Alice,Davis,25.0,Finance-Illinois,Active,68371.66,alice.davis@example.com,-2822700933,Poor,False
Grace,Smith,35.0,Admin-New York,Pending,81021.23,grace.smith@example.com,-5962622821,Good,False
Charlie,Miller,25.0,Cloud Tech-Nevada,Inactive,114069.07,charlie.miller@example.com,-5120734653,Good,True
Heidi,Miller,32.48454882571075,HR-Illinois,Inactive,117867.96,heidi.miller@example.com,-9500507025,Poor,False
Charlie,Miller,32.48454882571075,Sales-Florida,Pending,94509.58,charlie.miller@example.com,-869822104,Average,False
Eva,Brown,35.0,Finance-Illinois,Active,56268.78,eva.brown@example.com,-3161177686,Excellent,False
Grace,Jones,35.0,Admin-California,Active,86632.14,grace.jones@example.com,-2904774257,Poor,True
Charlie,Brown,35.0,HR-Florida,Pending,98143.9,charlie.brown@example.com,-5917793237,Excellent,False
Heidi,Garcia,35.0,Cloud Tech-Florida,Inactive,85155.05639558233,heidi.garcia@example.com,-2231164912,Average,True
Frank,Johnson,30.0,Finance-Illinois,Inactive,67492.73,frank.johnson@example.com,-3424579888,Excellent,True
Grace,Johnson,40.0,Admin-California,Active,93772.61,grace.johnson@example.com,-4256529059,Poor,False
Eva,Garcia,35.0,DevOps-Nevada,Pending,68817.54,eva.garcia@example.com,-3202032649,Excellent,False
Bob,Jones,30.0,Admin-California,Active,81874.01,bob.jones@example.com,-9775396736,Good,True
Heidi,Davis,30.0,HR-Texas,Active,117880.14,heidi.davis@example.com,-9487148551,Average,False
Bob,Brown,35.0,HR-New York,Pending,100897.49,bob.brown@example.com,-4578715840,Average,True
Charlie,Smith,25.0,Finance-New York,Inactive,71810.37,charlie.smith@example.com,-5608213710,Average,True
Frank,Miller,40.0,DevOps-Texas,Inactive,109048.24,frank.miller@example.com,-8425476817,Poor,False
Alice,Miller,35.0,Finance-Texas,Pending,62712.26,alice.miller@example.com,-2683230357,Average,False
Eva,Jones,40.0,Cloud Tech-Texas,Pending,76935.85,eva.jones@example.com,-9298808582,Good,True
David,Davis,25.0,Admin-Florida,Pending,56577.22,david.davis@example.com,-8252129327,Poor,True
David,Johnson,40.0,Finance-Nevada,Inactive,61102.8,david.johnson@example.com,-9634064685,Good,True
Bob,Johnson,35.0,Finance-Nevada,Inactive,75229.87,bob.johnson@example.com,-7752401483,Excellent,True
David,Miller,25.0,Admin-Nevada,Inactive,51054.74,david.miller@example.com,-3991062271,Excellent,False
Bob,Jones,40.0,Admin-Texas,Active,104843.27,bob.jones@example.com,-3626693350,Excellent,False
Charlie,Brown,35.0,Cloud Tech-New York,Active,56398.11,charlie.brown@example.com,-3426192371,Excellent,False
Alice,Johnson,25.0,HR-Nevada,Active,87544.73,alice.johnson@example.com,-4501848196,Good,False
Heidi,Brown,30.0,HR-Illinois,Pending,74312.24,heidi.brown@example.com,-3741897214,Poor,False
David,Davis,25.0,DevOps-Florida,Inactive,59431.25,david.davis@example.com,-4064176926,Poor,True
Heidi,Johnson,40.0,Sales-California,Pending,84306.44,heidi.johnson@example.com,-4381199536,Average,False
Frank,Johnson,35.0,DevOps-Florida,Inactive,108194.47,frank.johnson@example.com,-6601444855,Good,False
Charlie,Williams,25.0,Sales-New York,Inactive,107359.3,charlie.williams@example.com,-4510173972,Excellent,False
Heidi,Johnson,25.0,DevOps-Illinois,Inactive,85155.05639558233,heidi.johnson@example.com,-9641789968,Good,False
Frank,Garcia,32.48454882571075,Admin-California,Pending,96080.26,frank.garcia@example.com,-8609191910,Average,False
Grace,Smith,30.0,Sales-Nevada,Inactive,88602.75,grace.smith@example.com,-3599660576,Average,True
Frank,Garcia,40.0,DevOps-California,Active,86624.04,frank.garcia@example.com,-9806603919,Good,True
Charlie,Jones,30.0,Cloud Tech-New York,Active,63413.16,charlie.jones@example.com,-5146074554,Good,True
Grace,Jones,40.0,Sales-Illinois,Pending,67915.7,grace.jones@example.com,-3470574237,Good,False
Bob,Brown,25.0,Admin-Nevada,Inactive,108245.44,bob.brown@example.com,-8565271558,Poor,True
Alice,Garcia,35.0,Sales-Nevada,Inactive,75834.81,alice.garcia@example.com,-8354116596,Excellent,True
Eva,Garcia,32.48454882571075,Cloud Tech-Nevada,Active,71273.32,eva.garcia@example.com,-2634755751,Good,False
Bob,Garcia,25.0,DevOps-New York,Pending,63262.23,bob.garcia@example.com,-2501394883,Good,False
David,Davis,32.48454882571075,DevOps-New York,Pending,89069.91,david.davis@example.com,-8826913118,Good,False
Frank,Johnson,40.0,DevOps-Nevada,Inactive,57287.17,frank.johnson@example.com,-6425856260,Average,True
Grace,Smith,32.48454882571075,HR-Nevada,Active,119890.35,grace.smith@example.com,-4991537037,Average,True
Frank,Brown,35.0,Sales-California,Inactive,103492.91,frank.brown@example.com,-2407333372,Poor,False
Frank,Garcia,32.48454882571075,Admin-Illinois,Pending,76254.42,frank.garcia@example.com,-2043097767,Excellent,False
Eva,Garcia,35.0,Finance-Florida,Inactive,100841.93,eva.garcia@example.com,-8936289695,Poor,True
Alice,Williams,32.48454882571075,Admin-California,Active,118907.61,alice.williams@example.com,-4546553584,Excellent,True
Frank,Brown,25.0,DevOps-California,Pending,88942.62,frank.brown@example.com,-1253892186,Average,False
Charlie,Garcia,25.0,Cloud Tech-Florida,Inactive,59688.57,charlie.garcia@example.com,-8519358373,Average,False
David,Brown,30.0,HR-California,Active,77985.88,david.brown@example.com,-9079779611,Average,True
Bob,Johnson,35.0,Finance-New York,Inactive,112931.69,bob.johnson@example.com,-878057214,Poor,False
Bob,Williams,32.48454882571075,DevOps-California,Active,106583.88,bob.williams@example.com,-1494097625,Good,True
Alice,Brown,35.0,HR-Florida,Inactive,58437.84,alice.brown@example.com,-3748453985,Good,True
Alice,Smith,40.0,Cloud Tech-California,Pending,72352.16,alice.smith@example.com,-2895090590,Average,True
Frank,Smith,32.48454882571075,DevOps-New York,Active,97154.47,frank.smith@example.com,-1918623391,Good,True
Heidi,Jones,32.48454882571075,Sales-Illinois,Active,80235.5,heidi.jones@example.com,-2071511695,Good,False
Charlie,Williams,30.0,HR-Texas,Inactive,102172.05,charlie.williams@example.com,-6672521451,Poor,False
Eva,Williams,25.0,Finance-Illinois,Inactive,98850.94,eva.williams@example.com,-6471246334,Excellent,True
Heidi,Jones,32.48454882571075,Admin-Florida,Inactive,89993.15,heidi.jones@example.com,-1571840907,Average,True
David,Brown,30.0,Cloud Tech-California,Inactive,97931.66,david.brown@example.com,-512080055,Average,True
Bob,Williams,40.0,Finance-California,Inactive,72451.69,bob.williams@example.com,-4099512396,Poor,True
Alice,Smith,35.0,Admin-California,Pending,119311.14,alice.smith@example.com,-2835129591,Poor,True
Charlie,Smith,40.0,Cloud Tech-New York,Active,76167.46,charlie.smith@example.com,-7282709080,Good,False
Bob,Garcia,25.0,DevOps-Texas,Active,114871.08,bob.garcia@example.com,-4415298216,Average,False
Eva,Johnson,25.0,HR-Nevada,Active,81504.31,eva.johnson@example.com,-3929578670,Excellent,False
David,Williams,32.48454882571075,Admin-New York,Pending,102524.86,david.williams@example.com,-8153523735,Poor,False
Charlie,Brown,25.0,Finance-Illinois,Pending,53043.74,charlie.brown@example.com,-507918157,Excellent,True
Eva,Jones,30.0,DevOps-Illinois,Inactive,82547.26,eva.jones@example.com,-9988683451,Excellent,True
Bob,Jones,40.0,DevOps-California,Pending,113900.81,bob.jones@example.com,-7346666169,Average,True
Bob,Brown,25.0,HR-Nevada,Inactive,118585.5,bob.brown@example.com,-7158796473,Average,True
Bob,Davis,35.0,Finance-Illinois,Pending,63049.22,bob.davis@example.com,-803149981,Poor,True
Heidi,Miller,32.48454882571075,DevOps-Texas,Active,114558.91,heidi.miller@example.com,-5080046357,Average,False
Heidi,Johnson,40.0,DevOps-New York,Active,97901.79,heidi.johnson@example.com,-688285030,Average,True
Eva,Jones,30.0,Sales-California,Active,68037.56,eva.jones@example.com,-7235137398,Average,False
Alice,Williams,32.48454882571075,HR-New York,Active,112802.27,alice.williams@example.com,-63140351,Excellent,False
Bob,Johnson,40.0,Sales-Nevada,Pending,93786.72,bob.johnson@example.com,-6356022938,Poor,False
David,Williams,32.48454882571075,Admin-Florida,Inactive,73049.93,david.williams@example.com,-4694346065,Good,False
David,Davis,30.0,Sales-Illinois,Pending,64161.72,david.davis@example.com,-6437490606,Excellent,True
Charlie,Smith,40.0,Admin-Nevada,Pending,72224.73,charlie.smith@example.com,-2311127127,Average,False
Bob,Johnson,30.0,HR-New York,Pending,103580.45,bob.johnson@example.com,-5246484493,Excellent,False
Grace,Garcia,40.0,HR-Florida,Pending,112589.11,grace.garcia@example.com,-1163187327,Average,False
Eva,Jones,30.0,Admin-Texas,Active,51833.88,eva.jones@example.com,-771130620,Average,True
Eva,Johnson,32.48454882571075,Sales-Illinois,Active,66252.78,eva.johnson@example.com,-1369572789,Excellent,True
Frank,Johnson,25.0,DevOps-Florida,Active,109229.68,frank.johnson@example.com,-8335090253,Poor,True
Frank,Johnson,30.0,Finance-Florida,Inactive,61465.05,frank.johnson@example.com,-2573066247,Average,False
Grace,Miller,25.0,HR-Florida,Active,96993.74,grace.miller@example.com,-1323570712,Poor,False
David,Johnson,25.0,Admin-Florida,Pending,98150.39,david.johnson@example.com,-9848228500,Good,True
David,Williams,40.0,Finance-Texas,Pending,107703.0,david.williams@example.com,-1688092549,Average,False
Grace,Smith,32.48454882571075,DevOps-Illinois,Pending,86766.14,grace.smith@example.com,-2130609068,Poor,True
Alice,Davis,32.48454882571075,Cloud Tech-Florida,Inactive,111443.69,alice.davis@example.com,-1309810795,Poor,True
David,Brown,32.48454882571075,Sales-Florida,Pending,89039.07,david.brown@example.com,-4967379456,Good,False
Alice,Johnson,30.0,HR-Florida,Inactive,71318.79,alice.johnson@example.com,-7278532425,Poor,False
Heidi,Jones,30.0,Finance-California,Pending,98296.71,heidi.jones@example.com,-4250642075,Poor,False
Heidi,Johnson,40.0,Cloud Tech-Nevada,Pending,62584.0,heidi.johnson@example.com,-8362536666,Good,False
Charlie,Jones,40.0,Finance-California,Inactive,62521.5,charlie.jones@example.com,-7767555627,Average,True
David,Williams,40.0,Cloud Tech-California,Inactive,95400.35,david.williams@example.com,-3333939577,Poor,True
Charlie,Jones,25.0,Cloud Tech-Texas,Pending,94385.07,charlie.jones@example.com,-6543627186,Poor,True
Grace,Garcia,32.48454882571075,Sales-New York,Inactive,76642.49,grace.garcia@example.com,-4960335825,Poor,True
Frank,Brown,32.48454882571075,DevOps-New York,Active,60122.52,frank.brown@example.com,-8627036923,Excellent,True
Alice,Smith,40.0,HR-California,Pending,117267.63,alice.smith@example.com,-9269326572,Good,False
Charlie,Jones,25.0,Admin-New York,Active,85155.05639558233,charlie.jones@example.com,-2759980110,Excellent,True
Heidi,Jones,40.0,Sales-Texas,Pending,84542.68,heidi.jones@example.com,-5155322,Good,True
Heidi,Smith,40.0,Finance-Florida,Active,92007.15,heidi.smith@example.com,-4159597751,Average,True
Eva,Brown,32.48454882571075,DevOps-Illinois,Active,62938.8,eva.brown@example.com,-4418222617,Average,False
Frank,Johnson,25.0,Admin-Texas,Pending,108661.01,frank.johnson@example.com,-9628874311,Poor,False
Bob,Jones,25.0,Cloud Tech-Florida,Active,97046.33,bob.jones@example.com,-7102676719,Good,False
Charlie,Smith,40.0,DevOps-Illinois,Inactive,56518.84,charlie.smith@example.com,-9579927078,Average,False
Frank,Garcia,40.0,Cloud Tech-Florida,Pending,70498.29,frank.garcia@example.com,-5515122945,Good,True
Eva,Garcia,35.0,Sales-Florida,Pending,98708.06,eva.garcia@example.com,-2135415969,Average,True
Bob,Williams,32.48454882571075,DevOps-Nevada,Pending,83856.41,bob.williams@example.com,-9962543847,Excellent,False
Eva,Smith,40.0,Sales-California,Inactive,90259.99,eva.smith@example.com,-752034475,Average,False
Charlie,Williams,32.48454882571075,Sales-Florida,Pending,94230.03,charlie.williams@example.com,-5047158028,Excellent,True
Charlie,Garcia,32.48454882571075,Admin-Nevada,Inactive,50110.66,charlie.garcia@example.com,-904637659,Average,True
Bob,Brown,30.0,Sales-Florida,Inactive,73365.46,bob.brown@example.com,-4655866524,Poor,False
David,Johnson,25.0,DevOps-New York,Pending,67809.23,david.johnson@example.com,-4837441714,Excellent,False
Eva,Smith,32.48454882571075,Sales-California,Active,98008.51,eva.smith@example.com,-8102131250,Average,False
Alice,Davis,30.0,Admin-California,Inactive,83537.58,alice.davis@example.com,-2931100590,Poor,False
Alice,Garcia,30.0,Finance-New York,Pending,112444.08,alice.garcia@example.com,-2975191022,Excellent,True
Frank,Garcia,40.0,Finance-Nevada,Active,86475.13,frank.garcia@example.com,-1211063300,Poor,True
Frank,Davis,32.48454882571075,Sales-Texas,Active,97984.53,frank.davis@example.com,-6583737926,Good,True
Frank,Miller,25.0,Admin-California,Active,118853.31,frank.miller@example.com,-4907280122,Good,False
Charlie,Garcia,32.48454882571075,Sales-Florida,Active,58179.12,charlie.garcia@example.com,-4289311324,Excellent,False
Eva,Jones,35.0,DevOps-Texas,Inactive,56075.84,eva.jones@example.com,-3269496842,Average,True
Frank,Brown,40.0,HR-New York,Pending,62250.89,frank.brown@example.com,-6453804420,Excellent,True
Alice,Smith,30.0,Cloud Tech-Florida,Pending,105931.77,alice.smith@example.com,-175096169,Poor,True
Charlie,Davis,30.0,HR-Florida,Pending,86653.96,charlie.davis@example.com,-1595919456,Average,True
Charlie,Jones,25.0,Sales-Nevada,Active,100719.94,charlie.jones@example.com,-5757475832,Good,False
Bob,Davis,25.0,HR-Texas,Pending,91600.13,bob.davis@example.com,-9205677566,Average,True
Heidi,Smith,25.0,Cloud Tech-Illinois,Pending,71873.66,heidi.smith@example.com,-7722660255,Good,True
Eva,Williams,30.0,HR-New York,Active,69365.47,eva.williams@example.com,-2650622922,Average,True
Heidi,Smith,25.0,HR-New York,Active,58012.23,heidi.smith@example.com,-1067245306,Average,True
Bob,Miller,30.0,Sales-California,Pending,68973.65,bob.miller@example.com,-6248433796,Average,True
Eva,Smith,32.48454882571075,Admin-New York,Active,92928.4,eva.smith@example.com,-6627051156,Poor,True
Heidi,Smith,25.0,Admin-Texas,Inactive,53531.92,heidi.smith@example.com,-9423873669,Poor,True
Bob,Miller,40.0,Finance-New York,Pending,112389.31,bob.miller@example.com,-4254969191,Excellent,False
Heidi,Brown,32.48454882571075,HR-California,Inactive,63870.3,heidi.brown@example.com,-8455259709,Excellent,False
Bob,Garcia,40.0,Sales-New York,Active,106164.53,bob.garcia@example.com,-7563353573,Good,False
Bob,Smith,40.0,HR-Nevada,Pending,103654.54,bob.smith@example.com,-8595325938,Poor,False
David,Miller,30.0,Sales-California,Inactive,62834.72,david.miller@example.com,-9337970580,Good,True
Frank,Jones,35.0,Finance-Florida,Active,83273.41,frank.jones@example.com,-6295187793,Excellent,False
Heidi,Williams,30.0,HR-California,Pending,58917.58,heidi.williams@example.com,-1763425072,Good,False
Bob,Williams,35.0,Sales-Nevada,Active,71148.27,bob.williams@example.com,-3055978244,Excellent,True
Grace,Smith,30.0,Sales-New York,Pending,118172.42,grace.smith@example.com,-7598339913,Poor,True
Frank,Brown,30.0,DevOps-Illinois,Inactive,118614.37,frank.brown@example.com,-388436603,Average,False
Frank,Brown,32.48454882571075,DevOps-New York,Active,96872.36,frank.brown@example.com,-4324006156,Poor,False
Heidi,Jones,25.0,Sales-Illinois,Inactive,88856.14,heidi.jones@example.com,-2768297513,Good,True
Charlie,Smith,35.0,Finance-Texas,Pending,97985.61,charlie.smith@example.com,-7439742924,Good,False
Grace,Williams,35.0,Finance-Nevada,Pending,56337.31,grace.williams@example.com,-105875255,Poor,True
Alice,Brown,30.0,DevOps-New York,Inactive,70405.23,alice.brown@example.com,-8065625903,Poor,True
Heidi,Smith,30.0,Admin-Nevada,Inactive,89919.35,heidi.smith@example.com,-5990802710,Excellent,True
Eva,Davis,40.0,DevOps-California,Active,50568.35,eva.davis@example.com,-2218231554,Good,True
Grace,Brown,30.0,HR-Texas,Inactive,85155.05639558233,grace.brown@example.com,-1651768085,Good,False
Frank,Miller,25.0,HR-Texas,Active,99155.53,frank.miller@example.com,-6281372142,Poor,True
Frank,Davis,40.0,Finance-Florida,Inactive,64785.13,frank.davis@example.com,-3080037002,Average,True
Charlie,Garcia,30.0,Sales-Florida,Inactive,79206.48,charlie.garcia@example.com,-3228556607,Good,False
Charlie,Brown,30.0,Cloud Tech-Texas,Pending,60079.71,charlie.brown@example.com,-4706810389,Average,True
Grace,Williams,30.0,Cloud Tech-New York,Pending,79109.88,grace.williams@example.com,-3397051957,Poor,False
Grace,Johnson,32.48454882571075,Admin-Florida,Pending,88643.5,grace.johnson@example.com,-2632809447,Poor,False
Frank,Davis,30.0,Admin-Florida,Pending,90455.7,frank.davis@example.com,-5862394534,Excellent,False
David,Garcia,32.48454882571075,HR-Florida,Pending,75687.9,david.garcia@example.com,-4614707985,Good,True
Heidi,Jones,35.0,Cloud Tech-Illinois,Inactive,55604.42,heidi.jones@example.com,-3210613393,Average,False
Eva,Jones,40.0,Sales-Texas,Pending,92704.94,eva.jones@example.com,-3945703942,Excellent,False
Bob,Williams,32.48454882571075,Sales-California,Pending,113250.97,bob.williams@example.com,-8040325375,Good,True
Alice,Brown,40.0,Finance-Illinois,Inactive,101367.02,alice.brown@example.com,-5769277893,Excellent,False
Eva,Smith,35.0,Admin-Texas,Pending,102459.77,eva.smith@example.com,-3191009003,Poor,False
Eva,Brown,25.0,DevOps-Florida,Pending,90100.2,eva.brown@example.com,-476921052,Good,False
Eva,Williams,32.48454882571075,Cloud Tech-California,Inactive,58877.49,eva.williams@example.com,-3651460400,Excellent,False
Eva,Jones,35.0,Admin-Illinois,Inactive,85155.05639558233,eva.jones@example.com,-4247310719,Excellent,False
Bob,Brown,32.48454882571075,Admin-Illinois,Pending,96140.89,bob.brown@example.com,-1137984408,Average,True
Charlie,Jones,35.0,DevOps-New York,Inactive,105956.04,charlie.jones@example.com,-7123166006,Excellent,False
Frank,Davis,25.0,Admin-Illinois,Active,84716.38,frank.davis@example.com,-6762090143,Good,False
Grace,Garcia,30.0,DevOps-Florida,Pending,61709.83,grace.garcia@example.com,-7340433699,Good,True
Frank,Smith,25.0,DevOps-California,Active,61732.03,frank.smith@example.com,-9687304518,Average,True
Eva,Davis,40.0,DevOps-Illinois,Active,97845.7,eva.davis@example.com,-5778255881,Good,True
Eva,Jones,30.0,Sales-Florida,Active,114905.58,eva.jones@example.com,-5562965753,Poor,False
Frank,Jones,32.48454882571075,DevOps-Texas,Active,94619.69,frank.jones@example.com,-2786561941,Good,True
Grace,Johnson,32.48454882571075,DevOps-California,Inactive,68696.15,grace.johnson@example.com,-5577820581,Good,False
Grace,Johnson,40.0,DevOps-Nevada,Active,97032.29,grace.johnson@example.com,-9582923615,Excellent,False
Frank,Davis,30.0,HR-Illinois,Active,50593.33,frank.davis@example.com,-1880819047,Excellent,True
Grace,Miller,25.0,Sales-Texas,Pending,74606.15,grace.miller@example.com,-2357155867,Good,True
Eva,Davis,30.0,Cloud Tech-Texas,Pending,53981.73,eva.davis@example.com,-6395613722,Average,False
David,Johnson,32.48454882571075,DevOps-Texas,Pending,56047.05,david.johnson@example.com,-817214363,Excellent,True
Grace,Jones,32.48454882571075,Admin-Texas,Pending,67733.5,grace.jones@example.com,-3813000412,Average,False
Bob,Williams,40.0,HR-Florida,Pending,103891.64,bob.williams@example.com,-2114716559,Good,True
Charlie,Davis,25.0,HR-Texas,Inactive,73285.83,charlie.davis@example.com,-9456534698,Good,True
Eva,Jones,30.0,Finance-Texas,Inactive,92721.13,eva.jones@example.com,-7990707549,Poor,True
Heidi,Williams,25.0,Admin-Illinois,Inactive,92977.64,heidi.williams@example.com,-4768169956,Excellent,False
Heidi,Williams,35.0,Cloud Tech-Texas,Active,89994.12,heidi.williams@example.com,-607174810,Good,True
Heidi,Johnson,25.0,Finance-New York,Pending,50060.73,heidi.johnson@example.com,-3176539704,Poor,False
Grace,Davis,35.0,Admin-Nevada,Inactive,90224.82,grace.davis@example.com,-4873961028,Excellent,False
Heidi,Brown,40.0,Finance-Florida,Pending,106859.3,heidi.brown@example.com,-871827495,Good,False
David,Smith,25.0,Finance-Nevada,Inactive,89707.07,david.smith@example.com,-8049187273,Good,False
Frank,Johnson,35.0,DevOps-California,Inactive,94259.08,frank.johnson@example.com,-2049561212,Excellent,True
Bob,Johnson,35.0,Sales-California,Active,82174.75,bob.johnson@example.com,-7730626041,Excellent,False
David,Brown,30.0,Sales-Texas,Inactive,63370.22,david.brown@example.com,-3597371121,Excellent,False
Bob,Smith,35.0,Finance-Texas,Pending,101472.69,bob.smith@example.com,-2990775607,Good,True
David,Jones,25.0,DevOps-Illinois,Active,77213.73,david.jones@example.com,-5816704685,Good,False
Eva,Miller,40.0,Sales-Florida,Active,73749.96,eva.miller@example.com,-1114576831,Poor,True
Alice,Davis,40.0,Cloud Tech-New York,Pending,86618.37,alice.davis@example.com,-1021923784,Average,False
Charlie,Miller,32.48454882571075,Admin-Texas,Active,59911.33,charlie.miller@example.com,-8471296179,Excellent,True
Heidi,Jones,32.48454882571075,Cloud Tech-New York,Pending,59137.64,heidi.jones@example.com,-3324260507,Good,False
Alice,Garcia,35.0,Cloud Tech-Florida,Pending,108474.65,alice.garcia@example.com,-184980424,Good,True
Bob,Johnson,25.0,Finance-Illinois,Pending,54417.71,bob.johnson@example.com,-3733777311,Excellent,False
Frank,Smith,40.0,HR-Texas,Pending,88211.94,frank.smith@example.com,-6881228216,Average,False
David,Johnson,25.0,Sales-New York,Inactive,58452.18,david.johnson@example.com,-8192365345,Excellent,True
Grace,Williams,30.0,DevOps-California,Pending,80706.28,grace.williams@example.com,-605603566,Average,True
Alice,Johnson,30.0,Cloud Tech-Nevada,Pending,85155.05639558233,alice.johnson@example.com,-9327986238,Good,True
Heidi,Johnson,25.0,Cloud Tech-Texas,Active,99471.89,heidi.johnson@example.com,-8471690617,Average,True
Eva,Jones,40.0,DevOps-Florida,Pending,64431.22,eva.jones@example.com,-1205464753,Poor,False
Heidi,Jones,40.0,Admin-New York,Pending,52633.48,heidi.jones@example.com,-8954787697,Good,False
Heidi,Jones,32.48454882571075,Cloud Tech-Nevada,Inactive,79315.01,heidi.jones@example.com,-9992751757,Poor,True
David,Miller,25.0,Sales-Texas,Pending,110391.17,david.miller@example.com,-8914444982,Excellent,False
David,Williams,40.0,DevOps-Nevada,Active,53714.83,david.williams@example.com,-5539354357,Excellent,True
Charlie,Garcia,40.0,Finance-New York,Active,114587.11,charlie.garcia@example.com,-6449639242,Excellent,True
Frank,Garcia,35.0,Admin-Florida,Inactive,93177.35,frank.garcia@example.com,-5885379820,Average,False
Heidi,Jones,25.0,Cloud Tech-Nevada,Active,62312.13,heidi.jones@example.com,-4339527535,Good,False
Heidi,Smith,32.48454882571075,Cloud Tech-Texas,Active,81137.46,heidi.smith@example.com,-7497852490,Excellent,False
Grace,Miller,30.0,DevOps-Nevada,Inactive,104528.27,grace.miller@example.com,-4168601346,Excellent,False
Bob,Brown,30.0,DevOps-Florida,Active,112395.56,bob.brown@example.com,-7894896339,Good,False
Heidi,Smith,25.0,Finance-New York,Active,81849.36,heidi.smith@example.com,-6791766511,Excellent,False
Charlie,Davis,40.0,DevOps-New York,Pending,118288.91,charlie.davis@example.com,-2150014187,Poor,False
Charlie,Davis,25.0,DevOps-Illinois,Active,59555.1,charlie.davis@example.com,-4216309000,Good,True
Heidi,Smith,40.0,Admin-California,Active,70661.31,heidi.smith@example.com,-5944633398,Good,True
Charlie,Jones,32.48454882571075,Sales-New York,Active,109988.16,charlie.jones@example.com,-9485320894,Good,True
David,Brown,32.48454882571075,Finance-Florida,Inactive,101101.24,david.brown@example.com,-3263890218,Poor,True
David,Brown,30.0,HR-Florida,Pending,112427.58,david.brown@example.com,-9471136336,Good,True
Charlie,Miller,32.48454882571075,Cloud Tech-Florida,Active,119389.15,charlie.miller@example.com,-9223410345,Poor,False
Alice,Brown,40.0,Sales-Florida,Inactive,105861.23,alice.brown@example.com,-9967331166,Good,True
Heidi,Davis,40.0,Admin-Texas,Pending,50869.61,heidi.davis@example.com,-7269608436,Average,True
David,Williams,30.0,HR-California,Active,85155.05639558233,david.williams@example.com,-6855078966,Excellent,True
Eva,Jones,30.0,DevOps-Florida,Pending,90856.21,eva.jones@example.com,-9352196262,Average,True
Heidi,Brown,30.0,DevOps-Florida,Active,111008.63,heidi.brown@example.com,-3556434368,Excellent,True
Alice,Miller,25.0,Finance-Nevada,Inactive,52289.99,alice.miller@example.com,-7093170694,Poor,True
Eva,Davis,32.48454882571075,Sales-Illinois,Active,97926.56,eva.davis@example.com,-5607676163,Average,True
Frank,Williams,25.0,Sales-Nevada,Inactive,53609.38,frank.williams@example.com,-5345472238,Good,False
Heidi,Johnson,32.48454882571075,Cloud Tech-California,Inactive,95372.09,heidi.johnson@example.com,-8983065030,Excellent,False
David,Johnson,30.0,HR-New York,Pending,95432.69,david.johnson@example.com,-2198041846,Excellent,True
David,Williams,30.0,HR-California,Inactive,97615.87,david.williams@example.com,-2426423641,Average,False
Bob,Davis,35.0,HR-Florida,Inactive,86867.78,bob.davis@example.com,-8131909247,Poor,False
Eva,Miller,40.0,Sales-California,Pending,106615.71,eva.miller@example.com,-7623039110,Average,False
Bob,Williams,30.0,Finance-Texas,Active,112856.21,bob.williams@example.com,-4281785227,Poor,False
Bob,Jones,25.0,Admin-California,Active,60356.78,bob.jones@example.com,-2305248087,Poor,True
David,Jones,32.48454882571075,DevOps-Texas,Inactive,117870.22,david.jones@example.com,-622072238,Excellent,False
Charlie,Johnson,40.0,HR-Florida,Inactive,95127.91,charlie.johnson@example.com,-5947372131,Average,False
Bob,Brown,25.0,Admin-Illinois,Pending,78818.42,bob.brown@example.com,-9016204786,Average,False
Frank,Miller,40.0,Sales-Nevada,Pending,108933.55,frank.miller@example.com,-6886878598,Poor,True
Eva,Johnson,32.48454882571075,Admin-California,Active,68200.52,eva.johnson@example.com,-6486287202,Average,True
Eva,Brown,25.0,Admin-California,Inactive,116934.97,eva.brown@example.com,-1954196663,Good,True
Charlie,Brown,32.48454882571075,HR-New York,Active,99567.78,charlie.brown@example.com,-5057303626,Good,True
Charlie,Garcia,30.0,Admin-Texas,Active,90216.76,charlie.garcia@example.com,-9246320373,Average,True
Frank,Jones,30.0,Admin-Illinois,Pending,96588.73,frank.jones@example.com,-7677537259,Average,True
Charlie,Davis,35.0,Finance-Illinois,Active,71109.18,charlie.davis@example.com,-3214505765,Poor,True
Grace,Smith,40.0,Admin-Florida,Inactive,50300.6,grace.smith@example.com,-1945887070,Good,False
Frank,Davis,35.0,Finance-California,Pending,60295.84,frank.davis@example.com,-5534820127,Good,False
Heidi,Smith,35.0,DevOps-Texas,Pending,113012.21,heidi.smith@example.com,-4008385075,Excellent,False
Bob,Williams,35.0,Cloud Tech-Florida,Pending,65425.54,bob.williams@example.com,-5975954507,Poor,True
Frank,Jones,25.0,Sales-Nevada,Active,86850.37,frank.jones@example.com,-9177680897,Excellent,True
Eva,Brown,30.0,Cloud Tech-Texas,Pending,81182.07,eva.brown@example.com,-1265742230,Good,True
Bob,Miller,32.48454882571075,Finance-New York,Inactive,92222.03,bob.miller@example.com,-9646300401,Poor,True
Alice,Smith,35.0,Finance-New York,Pending,79934.83,alice.smith@example.com,-3693626893,Average,True
Alice,Davis,35.0,HR-California,Inactive,111201.12,alice.davis@example.com,-3012047136,Poor,False
Heidi,Brown,40.0,Finance-California,Active,100960.05,heidi.brown@example.com,-2711759573,Average,False
Grace,Smith,30.0,Sales-Illinois,Active,64544.87,grace.smith@example.com,-9885582983,Average,True
Frank,Smith,25.0,Sales-Florida,Active,78662.24,frank.smith@example.com,-9330674583,Poor,True
Grace,Garcia,30.0,Sales-Florida,Pending,102867.06,grace.garcia@example.com,-7609441282,Average,True
Charlie,Smith,40.0,HR-Illinois,Inactive,107595.95,charlie.smith@example.com,-3372188565,Excellent,True
Eva,Miller,40.0,Sales-Nevada,Inactive,85155.05639558233,eva.miller@example.com,-6954132970,Good,False
Eva,Jones,35.0,DevOps-Nevada,Inactive,95766.91,eva.jones@example.com,-5066626704,Average,True
Grace,Miller,30.0,Finance-Nevada,Pending,51990.98,grace.miller@example.com,-5143776935,Excellent,True
Heidi,Johnson,25.0,Sales-Nevada,Inactive,83634.01,heidi.johnson@example.com,-6343925294,Average,True
Eva,Brown,40.0,DevOps-Texas,Inactive,85155.05639558233,eva.brown@example.com,-9611110285,Good,True
Eva,Jones,30.0,Sales-Texas,Active,82273.08,eva.jones@example.com,-7120072023,Excellent,False
Frank,Garcia,30.0,Cloud Tech-California,Inactive,94537.3,frank.garcia@example.com,-5591024509,Good,True
Alice,Jones,35.0,HR-Illinois,Pending,85970.65,alice.jones@example.com,-9109032670,Good,True
Charlie,Jones,25.0,Sales-New York,Pending,111071.02,charlie.jones@example.com,-4949819420,Excellent,False
Eva,Davis,35.0,DevOps-Nevada,Pending,56708.34,eva.davis@example.com,-7942817933,Excellent,False
Charlie,Jones,25.0,Admin-Illinois,Inactive,104516.55,charlie.jones@example.com,-652775843,Excellent,False
Charlie,Garcia,25.0,Admin-New York,Pending,108210.15,charlie.garcia@example.com,-6634533721,Poor,True
Bob,Miller,40.0,Finance-Texas,Active,85155.05639558233,bob.miller@example.com,-109121721,Excellent,True
Frank,Jones,35.0,DevOps-California,Active,80935.65,frank.jones@example.com,-1455937660,Excellent,False
Frank,Williams,30.0,DevOps-California,Active,107020.19,frank.williams@example.com,-8943705262,Excellent,False
Charlie,Brown,30.0,HR-New York,Active,118677.67,charlie.brown@example.com,-5100462775,Excellent,False
Bob,Jones,25.0,Cloud Tech-Florida,Inactive,63744.57,bob.jones@example.com,-5725659201,Average,False
Alice,Brown,40.0,Cloud Tech-California,Active,85155.05639558233,alice.brown@example.com,-4617520237,Poor,False
Bob,Williams,25.0,Sales-New York,Pending,62934.73,bob.williams@example.com,-9743260054,Good,False
Bob,Williams,30.0,DevOps-California,Pending,74654.23,bob.williams@example.com,-9550178331,Excellent,True
David,Brown,32.48454882571075,Sales-Texas,Active,85155.05639558233,david.brown@example.com,-5848689992,Average,True
David,Smith,30.0,HR-New York,Pending,118150.59,david.smith@example.com,-6079848703,Average,True
David,Johnson,32.48454882571075,DevOps-Florida,Inactive,91256.64,david.johnson@example.com,-5069176798,Average,False
Bob,Davis,30.0,HR-Florida,Inactive,85997.57,bob.davis@example.com,-3593744038,Good,False
Frank,Smith,25.0,Finance-Texas,Pending,84707.12,frank.smith@example.com,-4640830372,Excellent,False
Eva,Smith,32.48454882571075,DevOps-Texas,Active,84559.9,eva.smith@example.com,-6060148859,Poor,False
Heidi,Miller,32.48454882571075,DevOps-California,Pending,81076.91,heidi.miller@example.com,-8490793883,Poor,False
Eva,Davis,40.0,Admin-Texas,Inactive,85155.05639558233,eva.davis@example.com,-1368528305,Average,False
Heidi,Davis,25.0,Finance-Florida,Pending,97356.31,heidi.davis@example.com,-1537012423,Good,True
Grace,Smith,40.0,DevOps-Illinois,Active,114770.32,grace.smith@example.com,-4626325143,Good,True
Bob,Jones,35.0,Admin-California,Active,109082.07,bob.jones@example.com,-8811210313,Good,False
David,Miller,40.0,DevOps-Florida,Inactive,99944.57,david.miller@example.com,-2175188780,Poor,True
Eva,Miller,40.0,HR-Florida,Pending,116509.72,eva.miller@example.com,-7941515262,Average,False
Eva,Williams,30.0,Finance-Texas,Active,84253.9,eva.williams@example.com,-8409112251,Excellent,True
Charlie,Garcia,25.0,Cloud Tech-Nevada,Active,54776.01,charlie.garcia@example.com,-8837505660,Poor,False
Charlie,Davis,40.0,Sales-Nevada,Inactive,71192.68,charlie.davis@example.com,-8632397912,Average,False
Bob,Smith,32.48454882571075,Finance-Florida,Active,96346.53,bob.smith@example.com,-7876553006,Average,True
Eva,Williams,32.48454882571075,HR-Illinois,Pending,116680.63,eva.williams@example.com,-3095055604,Excellent,True
Grace,Brown,25.0,Finance-Florida,Inactive,76343.56,grace.brown@example.com,-7121988191,Excellent,False
Alice,Johnson,30.0,Sales-Nevada,Inactive,99424.14,alice.johnson@example.com,-7788519052,Excellent,False
Charlie,Garcia,35.0,DevOps-Florida,Inactive,57656.74,charlie.garcia@example.com,-4864010423,Good,True
Heidi,Garcia,40.0,Sales-New York,Pending,77396.94,heidi.garcia@example.com,-6245618516,Excellent,True
Grace,Garcia,32.48454882571075,DevOps-California,Inactive,54299.68,grace.garcia@example.com,-4460045211,Average,False
Charlie,Miller,35.0,HR-Nevada,Pending,103563.58,charlie.miller@example.com,-8991511454,Excellent,True
Grace,Brown,25.0,Finance-California,Inactive,74588.85,grace.brown@example.com,-1293913043,Average,False
David,Garcia,30.0,DevOps-California,Pending,113727.23,david.garcia@example.com,-8818984840,Poor,False
Eva,Brown,25.0,HR-New York,Active,72828.18,eva.brown@example.com,-6046154020,Good,False
Grace,Jones,32.48454882571075,Sales-Florida,Inactive,98717.09,grace.jones@example.com,-1901707567,Poor,False
Frank,Garcia,40.0,Sales-Florida,Inactive,56840.8,frank.garcia@example.com,-1429831521,Poor,True
David,Johnson,35.0,Finance-Illinois,Pending,61663.91,david.johnson@example.com,-9107322835,Average,True
Grace,Brown,30.0,Finance-Nevada,Active,109523.4,grace.brown@example.com,-849378305,Poor,True
Eva,Brown,25.0,HR-Illinois,Inactive,65812.02,eva.brown@example.com,-3963845268,Average,True
Bob,Johnson,32.48454882571075,Cloud Tech-Illinois,Inactive,54708.88,bob.johnson@example.com,-6944391648,Excellent,True
Heidi,Garcia,40.0,Admin-California,Active,107661.73,heidi.garcia@example.com,-7016934291,Excellent,True
Eva,Johnson,40.0,DevOps-Illinois,Inactive,79002.0,eva.johnson@example.com,-9132033015,Average,True
Heidi,Brown,32.48454882571075,Admin-Texas,Pending,86135.69,heidi.brown@example.com,-2341903105,Excellent,False
Heidi,Johnson,30.0,DevOps-Nevada,Inactive,115601.4,heidi.johnson@example.com,-1537221555,Good,True
Grace,Brown,32.48454882571075,DevOps-Nevada,Active,64045.36,grace.brown@example.com,-6847323652,Poor,True
David,Brown,30.0,DevOps-Nevada,Inactive,80477.21,david.brown@example.com,-3774604066,Good,False
Bob,Jones,30.0,Finance-California,Inactive,61240.9,bob.jones@example.com,-2007843613,Poor,True
David,Smith,40.0,Admin-Texas,Active,51939.29,david.smith@example.com,-2442607818,Excellent,True
Eva,Brown,40.0,Finance-Illinois,Inactive,95284.54,eva.brown@example.com,-7543734763,Good,False
Charlie,Garcia,35.0,Admin-Texas,Inactive,106247.67,charlie.garcia@example.com,-2737203762,Excellent,True
Charlie,Williams,25.0,DevOps-Florida,Active,110170.88,charlie.williams@example.com,-8821458413,Poor,True
Charlie,Miller,25.0,HR-Nevada,Pending,52615.44,charlie.miller@example.com,-8460191343,Average,True
Eva,Davis,30.0,DevOps-Illinois,Inactive,82547.26,eva.davis@example.com,-3899827801,Average,False
Bob,Smith,35.0,Finance-Illinois,Pending,63049.22,bob.smith@example.com,-586950731,Good,True
Frank,Smith,35.0,HR-California,Pending,115229.12,frank.smith@example.com,-1464493698,Excellent,True
Grace,Smith,25.0,DevOps-Illinois,Pending,60687.63,grace.smith@example.com,-9516793349,Excellent,False
Frank,Jones,30.0,Finance-Illinois,Inactive,67492.73,frank.jones@example.com,-5573857367,Good,True
Grace,Brown,32.48454882571075,HR-Illinois,Inactive,77821.79,grace.brown@example.com,-119236036,Average,False
Charlie,Jones,35.0,DevOps-Texas,Active,69146.95,charlie.jones@example.com,-6811872332,Poor,False
Grace,Brown,35.0,Admin-Nevada,Inactive,90224.82,grace.brown@example.com,-5104096148,Good,True
David,Garcia,32.48454882571075,Finance-Illinois,Pending,62603.98,david.garcia@example.com,-7315391148,Poor,False
Bob,Jones,35.0,Sales-Nevada,Active,71148.27,bob.jones@example.com,-8307482072,Average,False
David,Jones,40.0,Admin-California,Inactive,52031.74,david.jones@example.com,-6511893939,Excellent,True
Grace,Miller,35.0,DevOps-Florida,Inactive,85155.05639558233,grace.miller@example.com,-6557820189,Average,False
Eva,Williams,32.48454882571075,HR-Illinois,Pending,116680.63,eva.williams@example.com,-4322302332,Good,False
Grace,Jones,30.0,Finance-Nevada,Pending,51990.98,grace.jones@example.com,-2470739200,Excellent,True
David,Miller,30.0,HR-California,Active,85155.05639558233,david.miller@example.com,-3546212759,Good,True
David,Johnson,30.0,Cloud Tech-Texas,Inactive,100215.06,david.johnson@example.com,-2508261122,Good,True
Charlie,Williams,40.0,Finance-New York,Active,114587.11,charlie.williams@example.com,-1261632487,Average,False
Alice,Garcia,30.0,HR-Florida,Inactive,71318.79,alice.garcia@example.com,-8995729892,Good,True
Heidi,Jones,30.0,DevOps-Illinois,Pending,77764.24,heidi.jones@example.com,-7629745492,Average,False
